[2026-08-25 11:21:57Z INFO HostContext] No proxy settings were found based on environmental variables (http_proxy/https_proxy/HTTP_PROXY/HTTPS_PROXY)
[2026-08-25 11:21:57Z INFO HostContext] Well known directory 'Bin': 'D:\profinansy_tests_web\actions-runner\bin'
[2026-08-25 11:21:57Z INFO HostContext] Well known directory 'Root': 'D:\profinansy_tests_web\actions-runner'
[2026-08-25 11:21:57Z INFO HostContext] Well known config file 'Credentials': 'D:\profinansy_tests_web\actions-runner\.credentials'
[2026-08-25 11:21:57Z INFO HostContext] Well known directory 'Bin': 'D:\profinansy_tests_web\actions-runner\bin'
[2026-08-25 11:21:57Z INFO HostContext] Well known directory 'Root': 'D:\profinansy_tests_web\actions-runner'
[2026-08-25 11:21:57Z INFO HostContext] Well known config file 'Runner': 'D:\profinansy_tests_web\actions-runner\.runner'
[2026-08-25 11:21:57Z INFO Worker] Version: 2.336.0
[2026-08-25 11:21:57Z INFO Worker] Commit: 98aabcd429c4e8402406c56ce2d26387fed3b9ce
[2026-08-25 11:21:57Z INFO Worker] Culture: en-US
[2026-08-25 11:21:57Z INFO Worker] UI Culture: en-US
[2026-08-25 11:21:57Z INFO Worker] Waiting to receive the job message from the channel.
[2026-08-25 11:21:57Z INFO ProcessChannel] Receiving message of length 23900, with hash '6decc6fee4da5b46b245f0e50a68224356f34250b9dd764f44ddf4d124d90019'
[2026-08-25 11:21:57Z INFO Worker] Message received.
[2026-08-25 11:21:57Z INFO Worker] Job message:
 {
  "fileTable": [
    ".github/workflows/tests.yml"
  ],
  "mask": [
    {
      "type": "regex",
      "value": "***"
    },
    {
      "type": "regex",
      "value": "***"
    },
    {
      "type": "regex",
      "value": "***"
    },
    {
      "type": "regex",
      "value": "***"
    },
    {
      "type": "regex",
      "value": "***"
    },
    {
      "type": "regex",
      "value": "***"
    },
    {
      "type": "regex",
      "value": "***"
    },
    {
      "type": "regex",
      "value": "***"
    },
    {
      "type": "regex",
      "value": "***"
    },
    {
      "type": "regex",
      "value": "***"
    },
    {
      "type": "regex",
      "value": "***"
    },
    {
      "type": "regex",
      "value": "***"
    },
    {
      "type": "regex",
      "value": "***"
    },
    {
      "type": "regex",
      "value": "***"
    },
    {
      "type": "regex",
      "value": "***"
    },
    {
      "type": "regex",
      "value": "***"
    },
    {
      "type": "regex",
      "value": "***"
    },
    {
      "type": "regex",
      "value": "***"
    },
    {
      "type": "regex",
      "value": "***"
    },
    {
      "type": "regex",
      "value": "***"
    },
    {
      "type": "regex",
      "value": "***"
    },
    {
      "type": "regex",
      "value": "***"
    },
    {
      "type": "regex",
      "value": "***"
    },
    {
      "type": "regex",
      "value": "***"
    }
  ],
  "steps": [
    {
      "type": "action",
      "reference": {
        "type": "repository",
        "name": "actions/checkout",
        "ref": "v4",
        "repositoryType": "GitHub"
      },
      "displayNameToken": {
        "type": 0,
        "file": 1,
        "line": 17,
        "col": 13,
        "lit": "Скачивание кода из репозитория"
      },
      "contextName": "__actions_checkout",
      "condition": "success()",
      "id": "da1d53af-f658-47e4-8c57-510a3d3fe9a9",
      "name": "__actions_checkout"
    },
    {
      "type": "action",
      "reference": {
        "type": "repository",
        "name": "actions/setup-python",
        "ref": "v5",
        "repositoryType": "GitHub"
      },
      "displayNameToken": {
        "type": 0,
        "file": 1,
        "line": 20,
        "col": 13,
        "lit": "Настройка Python 3.12"
      },
      "contextName": "__actions_setup-python",
      "inputs": {
        "type": 2,
        "file": 1,
        "line": 23,
        "col": 9,
        "map": [
          {
            "key": {
              "type": 0,
              "file": 1,
              "line": 23,
              "col": 9,
              "lit": "python-version"
            },
            "value": {
              "type": 0,
              "file": 1,
              "line": 23,
              "col": 25,
              "lit": "3.12"
            }
          }
        ]
      },
      "condition": "success()",
      "id": "7b5ee31b-5282-4ecc-ad56-d9ae8ae5cd97",
      "name": "__actions_setup-python"
    },
    {
      "type": "action",
      "reference": {
        "type": "script"
      },
      "displayNameToken": {
        "type": 0,
        "file": 1,
        "line": 25,
        "col": 13,
        "lit": "Установка зависимостей"
      },
      "contextName": "__run",
      "inputs": {
        "type": 2,
        "map": [
          {
            "key": "script",
            "value": {
              "type": 0,
              "file": 1,
              "line": 26,
              "col": 12,
              "lit": "python -m pip install --upgrade pip\npip install -r requirements.txt\n"
            }
          }
        ]
      },
      "condition": "success()",
      "id": "d58f10b7-4821-47d3-ac63-0e66e8b3041a",
      "name": "__run"
    },
    {
      "type": "action",
      "reference": {
        "type": "script"
      },
      "displayNameToken": {
        "type": 0,
        "file": 1,
        "line": 30,
        "col": 13,
        "lit": "Запуск тестов через Pytest (Параллельно на 2 стендах)"
      },
      "contextName": "__run_2",
      "environment": {
        "type": 2,
        "file": 1,
        "line": 32,
        "col": 9,
        "map": [
          {
            "key": {
              "type": 0,
              "file": 1,
              "line": 32,
              "col": 9,
              "lit": "PROFINANSY_USER_EMAIL"
            },
            "value": {
              "type": 3,
              "file": 1,
              "line": 32,
              "col": 32,
              "expr": "secrets.PROFINANSY_USER_EMAIL"
            }
          },
          {
            "key": {
              "type": 0,
              "file": 1,
              "line": 33,
              "col": 9,
              "lit": "PROFINANSY_USER_PASSWORD"
            },
            "value": {
              "type": 3,
              "file": 1,
              "line": 33,
              "col": 35,
              "expr": "secrets.PROFINANSY_USER_PASSWORD"
            }
          },
          {
            "key": {
              "type": 0,
              "file": 1,
              "line": 34,
              "col": 9,
              "lit": "CI"
            },
            "value": {
              "type": 0,
              "file": 1,
              "line": 34,
              "col": 13,
              "lit": "true"
            }
          }
        ]
      },
      "inputs": {
        "type": 2,
        "map": [
          {
            "key": "script",
            "value": {
              "type": 0,
              "file": 1,
              "line": 36,
              "col": 12,
              "lit": "python -m pytest -n 2 -v --alluredir=allure-results"
            }
          }
        ]
      },
      "condition": "success()",
      "id": "85a215d8-0d68-454d-8933-08f32ece7310",
      "name": "__run_2"
    },
    {
      "type": "action",
      "reference": {
        "type": "repository",
        "name": "simple-elf/allure-report-action",
        "ref": "master",
        "repositoryType": "GitHub"
      },
      "displayNameToken": {
        "type": 0,
        "file": 1,
        "line": 38,
        "col": 13,
        "lit": "Генерация отчета Allure"
      },
      "contextName": "__simple-elf_allure-report-action",
      "inputs": {
        "type": 2,
        "file": 1,
        "line": 42,
        "col": 9,
        "map": [
          {
            "key": {
              "type": 0,
              "file": 1,
              "line": 42,
              "col": 9,
              "lit": "allure_results"
            },
            "value": {
              "type": 0,
              "file": 1,
              "line": 42,
              "col": 25,
              "lit": "allure-results"
            }
          },
          {
            "key": {
              "type": 0,
              "file": 1,
              "line": 43,
              "col": 9,
              "lit": "gh_pages"
            },
            "value": {
              "type": 0,
              "file": 1,
              "line": 43,
              "col": 19,
              "lit": "gh-pages"
            }
          },
          {
            "key": {
              "type": 0,
              "file": 1,
              "line": 44,
              "col": 9,
              "lit": "allure_report"
            },
            "value": {
              "type": 0,
              "file": 1,
              "line": 44,
              "col": 24,
              "lit": "allure-report"
            }
          },
          {
            "key": {
              "type": 0,
              "file": 1,
              "line": 45,
              "col": 9,
              "lit": "allure_history"
            },
            "value": {
              "type": 0,
              "file": 1,
              "line": 45,
              "col": 25,
              "lit": "allure-history"
            }
          }
        ]
      },
      "condition": "always()",
      "id": "c03c3264-950e-4949-b738-bc3a2107f2f2",
      "name": "__simple-elf_allure-report-action"
    },
    {
      "type": "action",
      "reference": {
        "type": "repository",
        "name": "peaceiris/actions-gh-pages",
        "ref": "v3",
        "repositoryType": "GitHub"
      },
      "displayNameToken": {
        "type": 0,
        "file": 1,
        "line": 47,
        "col": 13,
        "lit": "Публикация отчета на GitHub Pages"
      },
      "contextName": "__peaceiris_actions-gh-pages",
      "inputs": {
        "type": 2,
        "file": 1,
        "line": 51,
        "col": 9,
        "map": [
          {
            "key": {
              "type": 0,
              "file": 1,
              "line": 51,
              "col": 9,
              "lit": "github_token"
            },
            "value": {
              "type": 3,
              "file": 1,
              "line": 51,
              "col": 23,
              "expr": "secrets.GITHUB_TOKEN"
            }
          },
          {
            "key": {
              "type": 0,
              "file": 1,
              "line": 52,
              "col": 9,
              "lit": "publish_branch"
            },
            "value": {
              "type": 0,
              "file": 1,
              "line": 52,
              "col": 25,
              "lit": "gh-pages"
            }
          },
          {
            "key": {
              "type": 0,
              "file": 1,
              "line": 53,
              "col": 9,
              "lit": "publish_dir"
            },
            "value": {
              "type": 0,
              "file": 1,
              "line": 53,
              "col": 22,
              "lit": "allure-history"
            }
          }
        ]
      },
      "condition": "always()",
      "id": "f440ccbf-4f82-4429-bcbe-dcec3fa173aa",
      "name": "__peaceiris_actions-gh-pages"
    }
  ],
  "variables": {
    "Actions.EnableHttpRedirects": {
      "value": "true"
    },
    "DistributedTask.AddWarningToNode12Action": {
      "value": "true"
    },
    "DistributedTask.AddWarningToNode16Action": {
      "value": "true"
    },
    "DistributedTask.AllowRunnerContainerHooks": {
      "value": "true"
    },
    "DistributedTask.DeprecateStepOutputCommands": {
      "value": "true"
    },
    "DistributedTask.DetailUntarFailure": {
      "value": "true"
    },
    "DistributedTask.EnableCompositeActions": {
      "value": "true"
    },
    "DistributedTask.EnableJobServerQueueTelemetry": {
      "value": "true"
    },
    "DistributedTask.EnhancedAnnotations": {
      "value": "true"
    },
    "DistributedTask.ForceGithubJavascriptActionsToNode16": {
      "value": "true"
    },
    "DistributedTask.ForceGithubJavascriptActionsToNode20": {
      "value": "true"
    },
    "DistributedTask.LogTemplateErrorsAsDebugMessages": {
      "value": "true"
    },
    "DistributedTask.MarkJobAsFailedOnWorkerCrash": {
      "value": "true"
    },
    "DistributedTask.NewActionMetadata": {
      "value": "true"
    },
    "DistributedTask.UploadStepSummary": {
      "value": "true"
    },
    "DistributedTask.UseActionArchiveCache": {
      "value": "true"
    },
    "DistributedTask.UseWhich2": {
      "value": "true"
    },
    "PROFINANSY_USER_EMAIL": {
      "value": "***",
      "isSecret": true
    },
    "PROFINANSY_USER_PASSWORD": {
      "value": "***",
      "isSecret": true
    },
    "RunService.FixEmbeddedIssues": {
      "value": "true"
    },
    "actions.runner.requirenode24": {
      "value": "false"
    },
    "actions.runner.usenode24bydefault": {
      "value": "true"
    },
    "actions.runner.warnonnode20": {
      "value": "true"
    },
    "actions_add_check_run_id_to_job_context": {
      "value": "true"
    },
    "actions_batch_action_resolution": {
      "value": "false"
    },
    "actions_container_action_runner_temp": {
      "value": "true"
    },
    "actions_display_helpful_actions_download_errors": {
      "value": "true"
    },
    "actions_runner_allow_artifacts_file": {
      "value": "false"
    },
    "actions_runner_compare_workflow_parser": {
      "value": "false"
    },
    "actions_runner_deprecate_linux_arm32": {
      "value": "true"
    },
    "actions_runner_emit_composite_markers": {
      "value": "true"
    },
    "actions_runner_kill_linux_arm32": {
      "value": "false"
    },
    "actions_runner_node20_removal_date": {
      "value": ""
    },
    "actions_runner_node24_default_date": {
      "value": "June 16th, 2026"
    },
    "actions_self_repository": {
      "value": "true"
    },
    "actions_service_container_command": {
      "value": "true"
    },
    "actions_set_orchestration_id_env_for_actions": {
      "value": "true"
    },
    "actions_skip_retry_complete_job_upon_known_errors": {
      "value": "true"
    },
    "actions_snapshot_preflight_hosted_runner_check": {
      "value": "false"
    },
    "actions_snapshot_preflight_image_gen_pool_check": {
      "value": "false"
    },
    "actions_use_bearer_token_for_codeload": {
      "value": "false"
    },
    "actions_uses_cache_service_v2": {
      "value": "true"
    },
    "github_token": {
      "value": "***",
      "isSecret": true
    },
    "system.from_run_service": {
      "value": "true"
    },
    "system.github.job": {
      "value": "run-tests"
    },
    "system.github.launch_endpoint": {
      "value": "https://launch.actions.githubusercontent.com"
    },
    "system.github.results_endpoint": {
      "value": "https://results-receiver.actions.githubusercontent.com/"
    },
    "system.github.results_upload_with_sdk": {
      "value": "true"
    },
    "system.github.token": {
      "value": "***",
      "isSecret": true
    },
    "system.github.token.permissions": {
      "value": "{\"Contents\":\"write\",\"Metadata\":\"read\"}"
    },
    "system.orchestrationId": {
      "value": "a51e986b-e0b1-4a6b-af94-0e04fe3a00a4.run-tests.__default"
    },
    "system.phaseDisplayName": {
      "value": "run-tests"
    },
    "system.runner.lowdiskspacethreshold": {
      "value": "100"
    },
    "system.runnerEnvironment": {
      "value": "self-hosted"
    },
    "system.runnerGroupName": {
      "value": "Default"
    }
  },
  "messageType": "RunnerJobRequest",
  "plan": {
    "scopeIdentifier": "00000000-0000-0000-0000-000000000000",
    "planType": "actions",
    "version": 0,
    "planId": "a51e986b-e0b1-4a6b-af94-0e04fe3a00a4",
    "planGroup": null,
    "artifactUri": null,
    "artifactLocation": null,
    "definition": null,
    "owner": null
  },
  "timeline": {
    "id": "a51e986b-e0b1-4a6b-af94-0e04fe3a00a4",
    "changeId": 0,
    "location": null
  },
  "jobId": "9da60e72-aee1-5c3e-a6b0-603df4f2bc8e",
  "jobDisplayName": "run-tests",
  "jobName": "__default",
  "requestId": 0,
  "lockedUntil": "0001-01-01T00:00:00",
  "resources": {
    "endpoints": [
      {
        "data": {
          "ServerId": "",
          "ServerName": "",
          "CacheServerUrl": "https://artifactcache.actions.githubusercontent.com/xxU0y6aUoufkT5GIT4EsNGqJKe1Bvf538hGe4ns44DSEXFgj0K/",
          "FeedStreamUrl": "wss://results-receiver.actions.githubusercontent.com/_ws/ingest.sock",
          "ResultsServiceUrl": "https://results-receiver.actions.githubusercontent.com/",
          "PipelinesServiceUrl": "https://pipelinesghubeus26.actions.githubusercontent.com/xxU0y6aUoufkT5GIT4EsNGqJKe1Bvf538hGe4ns44DSEXFgj0K/",
          "GenerateIdTokenUrl": "",
          "ConnectivityChecks": "[\"https://broker.actions.githubusercontent.com/health\",\"https://token.actions.githubusercontent.com/ready\",\"https://run.actions.githubusercontent.com/health\"]",
          "ConnectivityAndDNSChecks": ""
        },
        "name": "SystemVssConnection",
        "url": "https://run-actions-3-azure-eastus.actions.githubusercontent.com/4/",
        "authorization": {
          "parameters": {
            "AccessToken": "***"
          },
          "scheme": "OAuth"
        },
        "isShared": false,
        "isReady": true
      }
    ]
  },
  "contextData": {
    "github": {
      "t": 2,
      "d": [
        {
          "k": "ref",
          "v": "refs/heads/main"
        },
        {
          "k": "sha",
          "v": "2b1baaf77983bb6535e41f291f6e357058d9ca1c"
        },
        {
          "k": "repository",
          "v": "Anna-Shirokaya/profinansyweb"
        },
        {
          "k": "repository_owner",
          "v": "Anna-Shirokaya"
        },
        {
          "k": "repository_owner_id",
          "v": "137277621"
        },
        {
          "k": "repositoryUrl",
          "v": "git://github.com/Anna-Shirokaya/profinansyweb.git"
        },
        {
          "k": "run_id",
          "v": "32841996239"
        },
        {
          "k": "run_number",
          "v": "27"
        },
        {
          "k": "retention_days",
          "v": "90"
        },
        {
          "k": "run_attempt",
          "v": "1"
        },
        {
          "k": "artifact_cache_size_limit",
          "v": "10"
        },
        {
          "k": "repository_visibility",
          "v": "public"
        },
        {
          "k": "actor_id",
          "v": "137277621"
        },
        {
          "k": "actor",
          "v": "Anna-Shirokaya"
        },
        {
          "k": "workflow",
          "v": "Прогон UI Автотестов"
        },
        {
          "k": "head_ref",
          "v": ""
        },
        {
          "k": "base_ref",
          "v": ""
        },
        {
          "k": "event_name",
          "v": "workflow_dispatch"
        },
        {
          "k": "server_url",
          "v": "https://github.com"
        },
        {
          "k": "api_url",
          "v": "https://api.github.com"
        },
        {
          "k": "graphql_url",
          "v": "https://api.github.com/graphql"
        },
        {
          "k": "ref_name",
          "v": "main"
        },
        {
          "k": "ref_protected",
          "v": false
        },
        {
          "k": "ref_type",
          "v": "branch"
        },
        {
          "k": "secret_source",
          "v": "Actions"
        },
        {
          "k": "event",
          "v": {
            "t": 2,
            "d": [
              {
                "k": "ref",
                "v": "refs/heads/main"
              },
              {
                "k": "workflow",
                "v": ".github/workflows/tests.yml"
              },
              {
                "k": "inputs",
                "v": null
              },
              {
                "k": "repository",
                "v": {
                  "t": 2,
                  "d": [
                    {
                      "k": "id",
                      "v": 1339598509.0
                    },
                    {
                      "k": "node_id",
                      "v": "R_kgDOT9imrQ"
                    },
                    {
                      "k": "name",
                      "v": "profinansyweb"
                    },
                    {
                      "k": "full_name",
                      "v": "Anna-Shirokaya/profinansyweb"
                    },
                    {
                      "k": "private",
                      "v": false
                    },
                    {
                      "k": "owner",
                      "v": {
                        "t": 2,
                        "d": [
                          {
                            "k": "login",
                            "v": "Anna-Shirokaya"
                          },
                          {
                            "k": "id",
                            "v": 137277621.0
                          },
                          {
                            "k": "node_id",
                            "v": "U_kgDOCC6wtQ"
                          },
                          {
                            "k": "avatar_url",
                            "v": "https://avatars.githubusercontent.com/u/137277621?v=4"
                          },
                          {
                            "k": "gravatar_id",
                            "v": ""
                          },
                          {
                            "k": "url",
                            "v": "https://api.github.com/users/Anna-Shirokaya"
                          },
                          {
                            "k": "html_url",
                            "v": "https://github.com/Anna-Shirokaya"
                          },
                          {
                            "k": "followers_url",
                            "v": "https://api.github.com/users/Anna-Shirokaya/followers"
                          },
                          {
                            "k": "following_url",
                            "v": "https://api.github.com/users/Anna-Shirokaya/following{/other_user}"
                          },
                          {
                            "k": "gists_url",
                            "v": "https://api.github.com/users/Anna-Shirokaya/gists{/gist_id}"
                          },
                          {
                            "k": "starred_url",
                            "v": "https://api.github.com/users/Anna-Shirokaya/starred{/owner}{/repo}"
                          },
                          {
                            "k": "subscriptions_url",
                            "v": "https://api.github.com/users/Anna-Shirokaya/subscriptions"
                          },
                          {
                            "k": "organizations_url",
                            "v": "https://api.github.com/users/Anna-Shirokaya/orgs"
                          },
                          {
                            "k": "repos_url",
                            "v": "https://api.github.com/users/Anna-Shirokaya/repos"
                          },
                          {
                            "k": "events_url",
                            "v": "https://api.github.com/users/Anna-Shirokaya/events{/privacy}"
                          },
                          {
                            "k": "received_events_url",
                            "v": "https://api.github.com/users/Anna-Shirokaya/received_events"
                          },
                          {
                            "k": "type",
                            "v": "User"
                          },
                          {
                            "k": "user_view_type",
                            "v": "public"
                          },
                          {
                            "k": "site_admin",
                            "v": false
                          }
                        ]
                      }
                    },
                    {
                      "k": "html_url",
                      "v": "https://github.com/Anna-Shirokaya/profinansyweb"
                    },
                    {
                      "k": "description",
                      "v": null
                    },
                    {
                      "k": "fork",
                      "v": false
                    },
                    {
                      "k": "url",
                      "v": "https://api.github.com/repos/Anna-Shirokaya/profinansyweb"
                    },
                    {
                      "k": "forks_url",
                      "v": "https://api.github.com/repos/Anna-Shirokaya/profinansyweb/forks"
                    },
                    {
                      "k": "keys_url",
                      "v": "https://api.github.com/repos/Anna-Shirokaya/profinansyweb/keys{/key_id}"
                    },
                    {
                      "k": "collaborators_url",
                      "v": "https://api.github.com/repos/Anna-Shirokaya/profinansyweb/collaborators{/collaborator}"
                    },
                    {
                      "k": "teams_url",
                      "v": "https://api.github.com/repos/Anna-Shirokaya/profinansyweb/teams"
                    },
                    {
                      "k": "hooks_url",
                      "v": "https://api.github.com/repos/Anna-Shirokaya/profinansyweb/hooks"
                    },
                    {
                      "k": "issue_events_url",
                      "v": "https://api.github.com/repos/Anna-Shirokaya/profinansyweb/issues/events{/number}"
                    },
                    {
                      "k": "events_url",
                      "v": "https://api.github.com/repos/Anna-Shirokaya/profinansyweb/events"
                    },
                    {
                      "k": "assignees_url",
                      "v": "https://api.github.com/repos/Anna-Shirokaya/profinansyweb/assignees{/user}"
                    },
                    {
                      "k": "branches_url",
                      "v": "https://api.github.com/repos/Anna-Shirokaya/profinansyweb/branches{/branch}"
                    },
                    {
                      "k": "tags_url",
                      "v": "https://api.github.com/repos/Anna-Shirokaya/profinansyweb/tags"
                    },
                    {
                      "k": "blobs_url",
                      "v": "https://api.github.com/repos/Anna-Shirokaya/profinansyweb/git/blobs{/sha}"
                    },
                    {
                      "k": "git_tags_url",
                      "v": "https://api.github.com/repos/Anna-Shirokaya/profinansyweb/git/tags{/sha}"
                    },
                    {
                      "k": "git_refs_url",
                      "v": "https://api.github.com/repos/Anna-Shirokaya/profinansyweb/git/refs{/sha}"
                    },
                    {
                      "k": "trees_url",
                      "v": "https://api.github.com/repos/Anna-Shirokaya/profinansyweb/git/trees{/sha}"
                    },
                    {
                      "k": "statuses_url",
                      "v": "https://api.github.com/repos/Anna-Shirokaya/profinansyweb/statuses/{sha}"
                    },
                    {
                      "k": "languages_url",
                      "v": "https://api.github.com/repos/Anna-Shirokaya/profinansyweb/languages"
                    },
                    {
                      "k": "stargazers_url",
                      "v": "https://api.github.com/repos/Anna-Shirokaya/profinansyweb/stargazers"
                    },
                    {
                      "k": "contributors_url",
                      "v": "https://api.github.com/repos/Anna-Shirokaya/profinansyweb/contributors"
                    },
                    {
                      "k": "subscribers_url",
                      "v": "https://api.github.com/repos/Anna-Shirokaya/profinansyweb/subscribers"
                    },
                    {
                      "k": "subscription_url",
                      "v": "https://api.github.com/repos/Anna-Shirokaya/profinansyweb/subscription"
                    },
                    {
                      "k": "commits_url",
                      "v": "https://api.github.com/repos/Anna-Shirokaya/profinansyweb/commits{/sha}"
                    },
                    {
                      "k": "git_commits_url",
                      "v": "https://api.github.com/repos/Anna-Shirokaya/profinansyweb/git/commits{/sha}"
                    },
                    {
                      "k": "comments_url",
                      "v": "https://api.github.com/repos/Anna-Shirokaya/profinansyweb/comments{/number}"
                    },
                    {
                      "k": "issue_comment_url",
                      "v": "https://api.github.com/repos/Anna-Shirokaya/profinansyweb/issues/comments{/number}"
                    },
                    {
                      "k": "contents_url",
                      "v": "https://api.github.com/repos/Anna-Shirokaya/profinansyweb/contents/{+path}"
                    },
                    {
                      "k": "compare_url",
                      "v": "https://api.github.com/repos/Anna-Shirokaya/profinansyweb/compare/{base}...{head}"
                    },
                    {
                      "k": "merges_url",
                      "v": "https://api.github.com/repos/Anna-Shirokaya/profinansyweb/merges"
                    },
                    {
                      "k": "archive_url",
                      "v": "https://api.github.com/repos/Anna-Shirokaya/profinansyweb/{archive_format}{/ref}"
                    },
                    {
                      "k": "downloads_url",
                      "v": "https://api.github.com/repos/Anna-Shirokaya/profinansyweb/downloads"
                    },
                    {
                      "k": "issues_url",
                      "v": "https://api.github.com/repos/Anna-Shirokaya/profinansyweb/issues{/number}"
                    },
                    {
                      "k": "pulls_url",
                      "v": "https://api.github.com/repos/Anna-Shirokaya/profinansyweb/pulls{/number}"
                    },
                    {
                      "k": "milestones_url",
                      "v": "https://api.github.com/repos/Anna-Shirokaya/profinansyweb/milestones{/number}"
                    },
                    {
                      "k": "notifications_url",
                      "v": "https://api.github.com/repos/Anna-Shirokaya/profinansyweb/notifications{?since,all,participating}"
                    },
                    {
                      "k": "labels_url",
                      "v": "https://api.github.com/repos/Anna-Shirokaya/profinansyweb/labels{/name}"
                    },
                    {
                      "k": "releases_url",
                      "v": "https://api.github.com/repos/Anna-Shirokaya/profinansyweb/releases{/id}"
                    },
                    {
                      "k": "deployments_url",
                      "v": "https://api.github.com/repos/Anna-Shirokaya/profinansyweb/deployments"
                    },
                    {
                      "k": "created_at",
                      "v": "2026-08-19T13:09:40Z"
                    },
                    {
                      "k": "updated_at",
                      "v": "2026-08-25T11:11:59Z"
                    },
                    {
                      "k": "pushed_at",
                      "v": "2026-08-25T11:09:16Z"
                    },
                    {
                      "k": "git_url",
                      "v": "git://github.com/Anna-Shirokaya/profinansyweb.git"
                    },
                    {
                      "k": "ssh_url",
                      "v": "git@github.com:Anna-Shirokaya/profinansyweb.git"
                    },
                    {
                      "k": "clone_url",
                      "v": "https://github.com/Anna-Shirokaya/profinansyweb.git"
                    },
                    {
                      "k": "svn_url",
                      "v": "https://github.com/Anna-Shirokaya/profinansyweb"
                    },
                    {
                      "k": "homepage",
                      "v": null
                    },
                    {
                      "k": "size",
                      "v": 18740.0
                    },
                    {
                      "k": "stargazers_count",
                      "v": 0.0
                    },
                    {
                      "k": "watchers_count",
                      "v": 0.0
                    },
                    {
                      "k": "language",
                      "v": "Python"
                    },
                    {
                      "k": "has_issues",
                      "v": true
                    },
                    {
                      "k": "has_projects",
                      "v": true
                    },
                    {
                      "k": "has_downloads",
                      "v": false
                    },
                    {
                      "k": "has_wiki",
                      "v": false
                    },
                    {
                      "k": "has_pages",
                      "v": true
                    },
                    {
                      "k": "has_discussions",
                      "v": false
                    },
                    {
                      "k": "forks_count",
                      "v": 0.0
                    },
                    {
                      "k": "mirror_url",
                      "v": null
                    },
                    {
                      "k": "archived",
                      "v": false
                    },
                    {
                      "k": "disabled",
                      "v": false
                    },
                    {
                      "k": "open_issues_count",
                      "v": 0.0
                    },
                    {
                      "k": "license",
                      "v": null
                    },
                    {
                      "k": "allow_forking",
                      "v": true
                    },
                    {
                      "k": "is_template",
                      "v": false
                    },
                    {
                      "k": "web_commit_signoff_required",
                      "v": false
                    },
                    {
                      "k": "has_pull_requests",
                      "v": true
                    },
                    {
                      "k": "pull_request_creation_policy",
                      "v": "all"
                    },
                    {
                      "k": "topics",
                      "v": {
                        "t": 1
                      }
                    },
                    {
                      "k": "visibility",
                      "v": "public"
                    },
                    {
                      "k": "forks",
                      "v": 0.0
                    },
                    {
                      "k": "open_issues",
                      "v": 0.0
                    },
                    {
                      "k": "watchers",
                      "v": 0.0
                    },
                    {
                      "k": "default_branch",
                      "v": "main"
                    }
                  ]
                }
              },
              {
                "k": "sender",
                "v": {
                  "t": 2,
                  "d": [
                    {
                      "k": "login",
                      "v": "Anna-Shirokaya"
                    },
                    {
                      "k": "id",
                      "v": 137277621.0
                    },
                    {
                      "k": "node_id",
                      "v": "U_kgDOCC6wtQ"
                    },
                    {
                      "k": "avatar_url",
                      "v": "https://avatars.githubusercontent.com/u/137277621?v=4"
                    },
                    {
                      "k": "gravatar_id",
                      "v": ""
                    },
                    {
                      "k": "url",
                      "v": "https://api.github.com/users/Anna-Shirokaya"
                    },
                    {
                      "k": "html_url",
                      "v": "https://github.com/Anna-Shirokaya"
                    },
                    {
                      "k": "followers_url",
                      "v": "https://api.github.com/users/Anna-Shirokaya/followers"
                    },
                    {
                      "k": "following_url",
                      "v": "https://api.github.com/users/Anna-Shirokaya/following{/other_user}"
                    },
                    {
                      "k": "gists_url",
                      "v": "https://api.github.com/users/Anna-Shirokaya/gists{/gist_id}"
                    },
                    {
                      "k": "starred_url",
                      "v": "https://api.github.com/users/Anna-Shirokaya/starred{/owner}{/repo}"
                    },
                    {
                      "k": "subscriptions_url",
                      "v": "https://api.github.com/users/Anna-Shirokaya/subscriptions"
                    },
                    {
                      "k": "organizations_url",
                      "v": "https://api.github.com/users/Anna-Shirokaya/orgs"
                    },
                    {
                      "k": "repos_url",
                      "v": "https://api.github.com/users/Anna-Shirokaya/repos"
                    },
                    {
                      "k": "events_url",
                      "v": "https://api.github.com/users/Anna-Shirokaya/events{/privacy}"
                    },
                    {
                      "k": "received_events_url",
                      "v": "https://api.github.com/users/Anna-Shirokaya/received_events"
                    },
                    {
                      "k": "type",
                      "v": "User"
                    },
                    {
                      "k": "user_view_type",
                      "v": "public"
                    },
                    {
                      "k": "site_admin",
                      "v": false
                    }
                  ]
                }
              }
            ]
          }
        },
        {
          "k": "workflow_ref",
          "v": "Anna-Shirokaya/profinansyweb/.github/workflows/tests.yml@refs/heads/main"
        },
        {
          "k": "workflow_sha",
          "v": "2b1baaf77983bb6535e41f291f6e357058d9ca1c"
        },
        {
          "k": "repository_id",
          "v": "1339598509"
        },
        {
          "k": "triggering_actor",
          "v": "Anna-Shirokaya"
        }
      ]
    },
    "inputs": {
      "t": 2
    },
    "job": {
      "t": 2,
      "d": [
        {
          "k": "check_run_id",
          "v": 97783353101.0
        },
        {
          "k": "workflow_ref",
          "v": "Anna-Shirokaya/profinansyweb/.github/workflows/tests.yml@refs/heads/main"
        },
        {
          "k": "workflow_sha",
          "v": "2b1baaf77983bb6535e41f291f6e357058d9ca1c"
        },
        {
          "k": "workflow_repository",
          "v": "Anna-Shirokaya/profinansyweb"
        },
        {
          "k": "workflow_file_path",
          "v": ".github/workflows/tests.yml"
        }
      ]
    },
    "matrix": null,
    "needs": {
      "t": 2
    },
    "strategy": {
      "t": 2,
      "d": [
        {
          "k": "fail-fast",
          "v": true
        },
        {
          "k": "job-index",
          "v": 0.0
        },
        {
          "k": "job-total",
          "v": 1.0
        },
        {
          "k": "max-parallel",
          "v": 1.0
        }
      ]
    },
    "vars": {
      "t": 2
    }
  },
  "billingOwnerId": "U_kgDOCC6wtQ"
}
[2026-08-25 11:21:57Z INFO JobRunner] Job ID 9da60e72-aee1-5c3e-a6b0-603df4f2bc8e
[2026-08-25 11:21:57Z INFO ConfigurationStore] currentAssemblyLocation: D:\profinansy_tests_web\actions-runner\bin\Runner.Worker.dll
[2026-08-25 11:21:57Z INFO HostContext] Well known directory 'Bin': 'D:\profinansy_tests_web\actions-runner\bin'
[2026-08-25 11:21:57Z INFO ConfigurationStore] binPath: D:\profinansy_tests_web\actions-runner\bin
[2026-08-25 11:21:57Z INFO HostContext] Well known directory 'Bin': 'D:\profinansy_tests_web\actions-runner\bin'
[2026-08-25 11:21:57Z INFO HostContext] Well known directory 'Root': 'D:\profinansy_tests_web\actions-runner'
[2026-08-25 11:21:57Z INFO ConfigurationStore] RootFolder: D:\profinansy_tests_web\actions-runner
[2026-08-25 11:21:57Z INFO HostContext] Well known directory 'Bin': 'D:\profinansy_tests_web\actions-runner\bin'
[2026-08-25 11:21:57Z INFO HostContext] Well known directory 'Root': 'D:\profinansy_tests_web\actions-runner'
[2026-08-25 11:21:57Z INFO HostContext] Well known config file 'Runner': 'D:\profinansy_tests_web\actions-runner\.runner'
[2026-08-25 11:21:57Z INFO ConfigurationStore] ConfigFilePath: D:\profinansy_tests_web\actions-runner\.runner
[2026-08-25 11:21:57Z INFO HostContext] Well known directory 'Bin': 'D:\profinansy_tests_web\actions-runner\bin'
[2026-08-25 11:21:57Z INFO HostContext] Well known directory 'Root': 'D:\profinansy_tests_web\actions-runner'
[2026-08-25 11:21:57Z INFO HostContext] Well known config file 'MigratedRunner': 'D:\profinansy_tests_web\actions-runner\.runner_migrated'
[2026-08-25 11:21:57Z INFO ConfigurationStore] MigratedConfigFilePath: D:\profinansy_tests_web\actions-runner\.runner_migrated
[2026-08-25 11:21:57Z INFO HostContext] Well known directory 'Bin': 'D:\profinansy_tests_web\actions-runner\bin'
[2026-08-25 11:21:57Z INFO HostContext] Well known directory 'Root': 'D:\profinansy_tests_web\actions-runner'
[2026-08-25 11:21:57Z INFO HostContext] Well known config file 'Credentials': 'D:\profinansy_tests_web\actions-runner\.credentials'
[2026-08-25 11:21:57Z INFO ConfigurationStore] CredFilePath: D:\profinansy_tests_web\actions-runner\.credentials
[2026-08-25 11:21:57Z INFO HostContext] Well known directory 'Bin': 'D:\profinansy_tests_web\actions-runner\bin'
[2026-08-25 11:21:57Z INFO HostContext] Well known directory 'Root': 'D:\profinansy_tests_web\actions-runner'
[2026-08-25 11:21:57Z INFO HostContext] Well known config file 'MigratedCredentials': 'D:\profinansy_tests_web\actions-runner\.credentials_migrated'
[2026-08-25 11:21:57Z INFO ConfigurationStore] MigratedCredFilePath: D:\profinansy_tests_web\actions-runner\.credentials_migrated
[2026-08-25 11:21:57Z INFO HostContext] Well known directory 'Bin': 'D:\profinansy_tests_web\actions-runner\bin'
[2026-08-25 11:21:57Z INFO HostContext] Well known directory 'Root': 'D:\profinansy_tests_web\actions-runner'
[2026-08-25 11:21:57Z INFO HostContext] Well known config file 'Service': 'D:\profinansy_tests_web\actions-runner\.service'
[2026-08-25 11:21:57Z INFO ConfigurationStore] ServiceConfigFilePath: D:\profinansy_tests_web\actions-runner\.service
[2026-08-25 11:21:57Z INFO ConfigurationStore] Read setting file: 408 chars
[2026-08-25 11:21:57Z INFO JobRunner] Initializing launch client
[2026-08-25 11:21:57Z INFO JobServerQueue] Initializing results client
[2026-08-25 11:21:57Z INFO ResultServer] Creating websocket client ...wss://results-receiver.actions.githubusercontent.com/_ws/ingest.sock
[2026-08-25 11:21:57Z INFO ResultServer] Attempting to start websocket client with delay 00:00:00.
[2026-08-25 11:21:58Z INFO JobServerQueue] Start process web console line queue.
[2026-08-25 11:21:58Z INFO JobServerQueue] Start process file upload queue.
[2026-08-25 11:21:58Z INFO JobServerQueue] Start results file upload queue.
[2026-08-25 11:21:58Z INFO JobServerQueue] Starting results-based upload queue...
[2026-08-25 11:21:58Z INFO JobServerQueue] Start process timeline update queue.
[2026-08-25 11:21:58Z INFO ExecutionContext] Initializing Job context
[2026-08-25 11:21:58Z INFO ExecutionContext] Initialize GitHub context
[2026-08-25 11:21:58Z INFO ExecutionContext] Initialize Env context
[2026-08-25 11:21:58Z INFO HostContext] Well known directory 'Bin': 'D:\profinansy_tests_web\actions-runner\bin'
[2026-08-25 11:21:58Z INFO HostContext] Well known directory 'Root': 'D:\profinansy_tests_web\actions-runner'
[2026-08-25 11:21:58Z INFO HostContext] Well known directory 'Diag': 'D:\profinansy_tests_web\actions-runner\_diag'
[2026-08-25 11:21:58Z INFO HostContext] Well known directory 'Bin': 'D:\profinansy_tests_web\actions-runner\bin'
[2026-08-25 11:21:58Z INFO HostContext] Well known directory 'Root': 'D:\profinansy_tests_web\actions-runner'
[2026-08-25 11:21:58Z INFO HostContext] Well known directory 'Diag': 'D:\profinansy_tests_web\actions-runner\_diag'
[2026-08-25 11:21:58Z INFO JobRunner] Starting the job execution context.
[2026-08-25 11:21:58Z INFO HostContext] Well known directory 'Bin': 'D:\profinansy_tests_web\actions-runner\bin'
[2026-08-25 11:21:58Z INFO HostContext] Well known directory 'Root': 'D:\profinansy_tests_web\actions-runner'
[2026-08-25 11:21:58Z INFO HostContext] Well known directory 'Work': 'D:\profinansy_tests_web\actions-runner\_work'
[2026-08-25 11:21:58Z INFO JobRunner] Validating directory permissions for: 'D:\profinansy_tests_web\actions-runner\_work'
[2026-08-25 11:21:58Z INFO HostContext] Well known directory 'Bin': 'D:\profinansy_tests_web\actions-runner\bin'
[2026-08-25 11:21:58Z INFO HostContext] Well known directory 'Root': 'D:\profinansy_tests_web\actions-runner'
[2026-08-25 11:21:58Z INFO HostContext] Well known directory 'Work': 'D:\profinansy_tests_web\actions-runner\_work'
[2026-08-25 11:21:58Z INFO HostContext] Well known directory 'Tools': 'D:\profinansy_tests_web\actions-runner\_work\_tool'
[2026-08-25 11:21:58Z INFO HostContext] Well known directory 'Bin': 'D:\profinansy_tests_web\actions-runner\bin'
[2026-08-25 11:21:58Z INFO HostContext] Well known directory 'Root': 'D:\profinansy_tests_web\actions-runner'
[2026-08-25 11:21:58Z INFO HostContext] Well known directory 'Work': 'D:\profinansy_tests_web\actions-runner\_work'
[2026-08-25 11:21:58Z INFO HostContext] Well known directory 'Temp': 'D:\profinansy_tests_web\actions-runner\_work\_temp'
[2026-08-25 11:21:58Z INFO JobRunner] Getting job extension.
[2026-08-25 11:21:58Z INFO JobRunner] Initialize job. Getting all job steps.
[2026-08-25 11:21:58Z INFO HostContext] Well known directory 'Bin': 'D:\profinansy_tests_web\actions-runner\bin'
[2026-08-25 11:21:58Z INFO HostContext] Well known directory 'Root': 'D:\profinansy_tests_web\actions-runner'
[2026-08-25 11:21:58Z INFO HostContext] Well known directory 'Diag': 'D:\profinansy_tests_web\actions-runner\_diag'
[2026-08-25 11:21:58Z INFO HostContext] Well known directory 'Bin': 'D:\profinansy_tests_web\actions-runner\bin'
[2026-08-25 11:21:58Z INFO HostContext] Well known directory 'Root': 'D:\profinansy_tests_web\actions-runner'
[2026-08-25 11:21:58Z INFO HostContext] Well known directory 'Diag': 'D:\profinansy_tests_web\actions-runner\_diag'
[2026-08-25 11:21:58Z INFO HostContext] Well known directory 'Bin': 'D:\profinansy_tests_web\actions-runner\bin'
[2026-08-25 11:21:58Z INFO HostContext] Well known directory 'Root': 'D:\profinansy_tests_web\actions-runner'
[2026-08-25 11:21:58Z INFO HostContext] Well known config file 'Credentials': 'D:\profinansy_tests_web\actions-runner\.credentials'
[2026-08-25 11:21:58Z INFO HostContext] Well known directory 'Bin': 'D:\profinansy_tests_web\actions-runner\bin'
[2026-08-25 11:21:58Z INFO HostContext] Well known directory 'Root': 'D:\profinansy_tests_web\actions-runner'
[2026-08-25 11:21:58Z INFO HostContext] Well known config file 'SetupInfo': 'D:\profinansy_tests_web\actions-runner\.setup_info'
[2026-08-25 11:21:58Z INFO HostContext] Well known directory 'Bin': 'D:\profinansy_tests_web\actions-runner\bin'
[2026-08-25 11:21:58Z INFO HostContext] Well known directory 'Root': 'D:\profinansy_tests_web\actions-runner'
[2026-08-25 11:21:58Z INFO HostContext] Well known directory 'Work': 'D:\profinansy_tests_web\actions-runner\_work'
[2026-08-25 11:21:58Z INFO PipelineDirectoryManager] Loading tracking config if exists: D:\profinansy_tests_web\actions-runner\_work\_PipelineMapping\Anna-Shirokaya/profinansyweb\PipelineFolder.json
[2026-08-25 11:21:58Z INFO PipelineDirectoryManager] Updating job run properties.
[2026-08-25 11:21:58Z INFO HostContext] Well known directory 'Bin': 'D:\profinansy_tests_web\actions-runner\bin'
[2026-08-25 11:21:58Z INFO HostContext] Well known directory 'Root': 'D:\profinansy_tests_web\actions-runner'
[2026-08-25 11:21:58Z INFO HostContext] Well known directory 'Work': 'D:\profinansy_tests_web\actions-runner\_work'
[2026-08-25 11:21:58Z INFO HostContext] Well known directory 'Bin': 'D:\profinansy_tests_web\actions-runner\bin'
[2026-08-25 11:21:58Z INFO HostContext] Well known directory 'Root': 'D:\profinansy_tests_web\actions-runner'
[2026-08-25 11:21:58Z INFO HostContext] Well known directory 'Work': 'D:\profinansy_tests_web\actions-runner\_work'
[2026-08-25 11:21:58Z INFO HostContext] Well known directory 'Bin': 'D:\profinansy_tests_web\actions-runner\bin'
[2026-08-25 11:21:58Z INFO HostContext] Well known directory 'Root': 'D:\profinansy_tests_web\actions-runner'
[2026-08-25 11:21:58Z INFO HostContext] Well known directory 'Work': 'D:\profinansy_tests_web\actions-runner\_work'
[2026-08-25 11:21:58Z INFO JobExtension] Downloading actions
[2026-08-25 11:21:58Z INFO HostContext] Well known directory 'Bin': 'D:\profinansy_tests_web\actions-runner\bin'
[2026-08-25 11:21:58Z INFO HostContext] Well known directory 'Root': 'D:\profinansy_tests_web\actions-runner'
[2026-08-25 11:21:58Z INFO HostContext] Well known directory 'Work': 'D:\profinansy_tests_web\actions-runner\_work'
[2026-08-25 11:21:58Z INFO HostContext] Well known directory 'Actions': 'D:\profinansy_tests_web\actions-runner\_work\_actions'
[2026-08-25 11:21:58Z INFO Worker] Listening for cancel message from the channel.
[2026-08-25 11:21:58Z INFO Worker] Waiting for the job to complete or for a cancel message from the channel.
[2026-08-25 11:21:58Z INFO ResultServer] Successfully started websocket client.
[2026-08-25 11:21:58Z INFO JobServerQueue] Try to append 1 batches web console lines for record '81d61d5f-788d-487f-b63a-54ef26a387a5', success rate: 1/1.
[2026-08-25 11:21:58Z INFO HostContext] Well known directory 'Bin': 'D:\profinansy_tests_web\actions-runner\bin'
[2026-08-25 11:21:58Z INFO HostContext] Well known directory 'Root': 'D:\profinansy_tests_web\actions-runner'
[2026-08-25 11:21:58Z INFO HostContext] Well known directory 'Work': 'D:\profinansy_tests_web\actions-runner\_work'
[2026-08-25 11:21:58Z INFO HostContext] Well known directory 'Actions': 'D:\profinansy_tests_web\actions-runner\_work\_actions'
[2026-08-25 11:21:58Z INFO HostContext] Well known directory 'Bin': 'D:\profinansy_tests_web\actions-runner\bin'
[2026-08-25 11:21:58Z INFO HostContext] Well known directory 'Root': 'D:\profinansy_tests_web\actions-runner'
[2026-08-25 11:21:58Z INFO HostContext] Well known directory 'Work': 'D:\profinansy_tests_web\actions-runner\_work'
[2026-08-25 11:21:58Z INFO HostContext] Well known directory 'Actions': 'D:\profinansy_tests_web\actions-runner\_work\_actions'
[2026-08-25 11:21:58Z INFO ActionManager] Save archive 'https://codeload.github.com/actions/checkout/zip/11d5960a326750d5838078e36cf38b85af677262' into D:\profinansy_tests_web\actions-runner\_work\_actions\_temp_0f60e701-7aa2-4ddc-bf14-c5b22bbfc93d\3d600d76-7707-47a7-8d25-ee160d32cd69.zip.
[2026-08-25 11:21:58Z INFO ActionManager] Using Basic token for action archive download.
[2026-08-25 11:21:58Z INFO JobServerQueue] Try to append 1 batches web console lines for record '81d61d5f-788d-487f-b63a-54ef26a387a5', success rate: 1/1.
[2026-08-25 11:21:59Z INFO JobServerQueue] Job timeline record has been updated for the first time.
[2026-08-25 11:21:59Z INFO ActionManager] Request URL: https://codeload.github.com/actions/checkout/zip/11d5960a326750d5838078e36cf38b85af677262 X-GitHub-Request-Id: D5AE:75351:1A1E3:20608:6A8D7B0C Http Status: OK
[2026-08-25 11:21:59Z INFO ActionManager] Finished getting action repository.
[2026-08-25 11:21:59Z INFO HostContext] Well known directory 'Bin': 'D:\profinansy_tests_web\actions-runner\bin'
[2026-08-25 11:21:59Z INFO HostContext] Well known directory 'Root': 'D:\profinansy_tests_web\actions-runner'
[2026-08-25 11:21:59Z INFO HostContext] Well known directory 'Work': 'D:\profinansy_tests_web\actions-runner\_work'
[2026-08-25 11:21:59Z INFO HostContext] Well known directory 'Actions': 'D:\profinansy_tests_web\actions-runner\_work\_actions'
[2026-08-25 11:21:59Z INFO HostContext] Well known directory 'Bin': 'D:\profinansy_tests_web\actions-runner\bin'
[2026-08-25 11:21:59Z INFO HostContext] Well known directory 'Root': 'D:\profinansy_tests_web\actions-runner'
[2026-08-25 11:21:59Z INFO HostContext] Well known directory 'Work': 'D:\profinansy_tests_web\actions-runner\_work'
[2026-08-25 11:21:59Z INFO HostContext] Well known directory 'Actions': 'D:\profinansy_tests_web\actions-runner\_work\_actions'
[2026-08-25 11:21:59Z INFO ActionManager] Save archive 'https://codeload.github.com/actions/setup-python/zip/a26af69be951a213d495a4c3e4e4022e16d87065' into D:\profinansy_tests_web\actions-runner\_work\_actions\_temp_e15ed8f0-6192-46fd-83ac-5e593f86f158\98bf5200-3fe3-4e93-b9f1-14ce566437f5.zip.
[2026-08-25 11:21:59Z INFO ActionManager] Using Basic token for action archive download.
[2026-08-25 11:21:59Z INFO JobServerQueue] Try to append 1 batches web console lines for record '81d61d5f-788d-487f-b63a-54ef26a387a5', success rate: 1/1.
[2026-08-25 11:22:00Z INFO ActionManager] Request URL: https://codeload.github.com/actions/setup-python/zip/a26af69be951a213d495a4c3e4e4022e16d87065 X-GitHub-Request-Id: EBE5:215FC6:19B3B:1FFB1:6A8D7B0D Http Status: OK
[2026-08-25 11:22:00Z INFO ActionManager] Finished getting action repository.
[2026-08-25 11:22:00Z INFO HostContext] Well known directory 'Bin': 'D:\profinansy_tests_web\actions-runner\bin'
[2026-08-25 11:22:00Z INFO HostContext] Well known directory 'Root': 'D:\profinansy_tests_web\actions-runner'
[2026-08-25 11:22:00Z INFO HostContext] Well known directory 'Work': 'D:\profinansy_tests_web\actions-runner\_work'
[2026-08-25 11:22:00Z INFO HostContext] Well known directory 'Actions': 'D:\profinansy_tests_web\actions-runner\_work\_actions'
[2026-08-25 11:22:00Z INFO HostContext] Well known directory 'Bin': 'D:\profinansy_tests_web\actions-runner\bin'
[2026-08-25 11:22:00Z INFO HostContext] Well known directory 'Root': 'D:\profinansy_tests_web\actions-runner'
[2026-08-25 11:22:00Z INFO HostContext] Well known directory 'Work': 'D:\profinansy_tests_web\actions-runner\_work'
[2026-08-25 11:22:00Z INFO HostContext] Well known directory 'Actions': 'D:\profinansy_tests_web\actions-runner\_work\_actions'
[2026-08-25 11:22:00Z INFO ActionManager] Save archive 'https://codeload.github.com/simple-elf/allure-report-action/zip/385367cde61ac68c2568a117f7579f7f148dc459' into D:\profinansy_tests_web\actions-runner\_work\_actions\_temp_8f3cfa30-e605-4494-97f4-15e9305a407c\f63883b2-e1e0-411f-9a88-d4cbfda41600.zip.
[2026-08-25 11:22:00Z INFO ActionManager] Using Basic token for action archive download.
[2026-08-25 11:22:01Z INFO JobServerQueue] Try to append 1 batches web console lines for record '81d61d5f-788d-487f-b63a-54ef26a387a5', success rate: 1/1.
[2026-08-25 11:22:01Z INFO ActionManager] Request URL: https://codeload.github.com/simple-elf/allure-report-action/zip/385367cde61ac68c2568a117f7579f7f148dc459 X-GitHub-Request-Id: E64A:18921A:1A967:20D56:6A8D7B0E Http Status: OK
[2026-08-25 11:22:01Z INFO ActionManager] Finished getting action repository.
[2026-08-25 11:22:01Z INFO HostContext] Well known directory 'Bin': 'D:\profinansy_tests_web\actions-runner\bin'
[2026-08-25 11:22:01Z INFO HostContext] Well known directory 'Root': 'D:\profinansy_tests_web\actions-runner'
[2026-08-25 11:22:01Z INFO HostContext] Well known directory 'Work': 'D:\profinansy_tests_web\actions-runner\_work'
[2026-08-25 11:22:01Z INFO HostContext] Well known directory 'Actions': 'D:\profinansy_tests_web\actions-runner\_work\_actions'
[2026-08-25 11:22:01Z INFO HostContext] Well known directory 'Bin': 'D:\profinansy_tests_web\actions-runner\bin'
[2026-08-25 11:22:01Z INFO HostContext] Well known directory 'Root': 'D:\profinansy_tests_web\actions-runner'
[2026-08-25 11:22:01Z INFO HostContext] Well known directory 'Work': 'D:\profinansy_tests_web\actions-runner\_work'
[2026-08-25 11:22:01Z INFO HostContext] Well known directory 'Actions': 'D:\profinansy_tests_web\actions-runner\_work\_actions'
[2026-08-25 11:22:01Z INFO ActionManager] Save archive 'https://codeload.github.com/peaceiris/actions-gh-pages/zip/373f7f263a76c20808c831209c920827a82a2847' into D:\profinansy_tests_web\actions-runner\_work\_actions\_temp_748e4bf7-2a62-4781-bb31-35b4014bfc07\9e749bc4-42ca-4d73-9c7c-445635a3006c.zip.
[2026-08-25 11:22:01Z INFO ActionManager] Using Basic token for action archive download.
[2026-08-25 11:22:01Z INFO JobServerQueue] Try to append 1 batches web console lines for record '81d61d5f-788d-487f-b63a-54ef26a387a5', success rate: 1/1.
[2026-08-25 11:22:01Z INFO ActionManager] Request URL: https://codeload.github.com/peaceiris/actions-gh-pages/zip/373f7f263a76c20808c831209c920827a82a2847 X-GitHub-Request-Id: E64B:EDB4F:1BB1A:21F5D:6A8D7B0F Http Status: OK
[2026-08-25 11:22:02Z INFO ActionManager] Finished getting action repository.
[2026-08-25 11:22:02Z INFO HostContext] Well known directory 'Bin': 'D:\profinansy_tests_web\actions-runner\bin'
[2026-08-25 11:22:02Z INFO HostContext] Well known directory 'Root': 'D:\profinansy_tests_web\actions-runner'
[2026-08-25 11:22:02Z INFO HostContext] Well known directory 'Work': 'D:\profinansy_tests_web\actions-runner\_work'
[2026-08-25 11:22:02Z INFO HostContext] Well known directory 'Actions': 'D:\profinansy_tests_web\actions-runner\_work\_actions'
[2026-08-25 11:22:02Z INFO ActionManifestManagerLegacy] Load schema file with definitions: [
  "null",
  "boolean",
  "number",
  "string",
  "sequence",
  "mapping",
  "any",
  "action-root",
  "inputs",
  "input",
  "outputs",
  "output-definition",
  "runs",
  "container-runs",
  "container-runs-args",
  "container-runs-env",
  "node-runs",
  "plugin-runs",
  "composite-runs",
  "composite-steps",
  "composite-step",
  "run-step",
  "uses-step",
  "container-runs-context",
  "output-value",
  "input-default-context",
  "non-empty-string",
  "string-steps-context",
  "boolean-steps-context",
  "step-env",
  "step-if",
  "step-with"
]
[2026-08-25 11:22:02Z INFO ActionManifestManager] Load schema file with definitions: [
  "null",
  "boolean",
  "number",
  "string",
  "sequence",
  "mapping",
  "any",
  "action-root",
  "inputs",
  "input",
  "outputs",
  "output-definition",
  "runs",
  "container-runs",
  "container-runs-args",
  "container-runs-env",
  "node-runs",
  "plugin-runs",
  "composite-runs",
  "composite-steps",
  "composite-step",
  "run-step",
  "uses-step",
  "container-runs-context",
  "output-value",
  "input-default-context",
  "non-empty-string",
  "string-steps-context",
  "boolean-steps-context",
  "step-env",
  "step-if",
  "step-with"
]
[2026-08-25 11:22:02Z INFO HostContext] Well known directory 'Bin': 'D:\profinansy_tests_web\actions-runner\bin'
[2026-08-25 11:22:02Z INFO HostContext] Well known directory 'Root': 'D:\profinansy_tests_web\actions-runner'
[2026-08-25 11:22:02Z INFO HostContext] Well known directory 'Work': 'D:\profinansy_tests_web\actions-runner\_work'
[2026-08-25 11:22:02Z INFO HostContext] Well known directory 'Actions': 'D:\profinansy_tests_web\actions-runner\_work\_actions'
[2026-08-25 11:22:02Z INFO ActionManifestManagerLegacy] Loaded action.yml file: {
  "name": "Checkout",
  "description": "Checkout a Git repository at a particular version",
  "inputs": {
    "type": 2,
    "map": [
      {
        "key": {
          "type": 0,
          "file": 2,
          "line": 4,
          "col": 3,
          "lit": "repository"
        },
        "value": {
          "type": 3,
          "file": 2,
          "line": 6,
          "col": 14,
          "expr": "github.repository"
        }
      },
      {
        "key": {
          "type": 0,
          "file": 2,
          "line": 7,
          "col": 3,
          "lit": "ref"
        },
        "value": ""
      },
      {
        "key": {
          "type": 0,
          "file": 2,
          "line": 12,
          "col": 3,
          "lit": "token"
        },
        "value": {
          "type": 3,
          "file": 2,
          "line": 24,
          "col": 14,
          "expr": "github.token"
        }
      },
      {
        "key": {
          "type": 0,
          "file": 2,
          "line": 25,
          "col": 3,
          "lit": "ssh-key"
        },
        "value": ""
      },
      {
        "key": {
          "type": 0,
          "file": 2,
          "line": 37,
          "col": 3,
          "lit": "ssh-known-hosts"
        },
        "value": ""
      },
      {
        "key": {
          "type": 0,
          "file": 2,
          "line": 42,
          "col": 3,
          "lit": "ssh-strict"
        },
        "value": {
          "type": 0,
          "file": 2,
          "line": 47,
          "col": 14,
          "lit": "true"
        }
      },
      {
        "key": {
          "type": 0,
          "file": 2,
          "line": 48,
          "col": 3,
          "lit": "ssh-user"
        },
        "value": {
          "type": 0,
          "file": 2,
          "line": 51,
          "col": 14,
          "lit": "git"
        }
      },
      {
        "key": {
          "type": 0,
          "file": 2,
          "line": 52,
          "col": 3,
          "lit": "persist-credentials"
        },
        "value": {
          "type": 0,
          "file": 2,
          "line": 54,
          "col": 14,
          "lit": "true"
        }
      },
      {
        "key": {
          "type": 0,
          "file": 2,
          "line": 55,
          "col": 3,
          "lit": "path"
        },
        "value": ""
      },
      {
        "key": {
          "type": 0,
          "file": 2,
          "line": 57,
          "col": 3,
          "lit": "clean"
        },
        "value": {
          "type": 0,
          "file": 2,
          "line": 59,
          "col": 14,
          "lit": "true"
        }
      },
      {
        "key": {
          "type": 0,
          "file": 2,
          "line": 60,
          "col": 3,
          "lit": "filter"
        },
        "value": {
          "type": 0,
          "file": 2,
          "line": 64,
          "col": 14,
          "lit": ""
        }
      },
      {
        "key": {
          "type": 0,
          "file": 2,
          "line": 65,
          "col": 3,
          "lit": "sparse-checkout"
        },
        "value": {
          "type": 0,
          "file": 2,
          "line": 69,
          "col": 14,
          "lit": ""
        }
      },
      {
        "key": {
          "type": 0,
          "file": 2,
          "line": 70,
          "col": 3,
          "lit": "sparse-checkout-cone-mode"
        },
        "value": {
          "type": 0,
          "file": 2,
          "line": 73,
          "col": 14,
          "lit": "true"
        }
      },
      {
        "key": {
          "type": 0,
          "file": 2,
          "line": 74,
          "col": 3,
          "lit": "fetch-depth"
        },
        "value": {
          "type": 0,
          "file": 2,
          "line": 76,
          "col": 14,
          "lit": "1"
        }
      },
      {
        "key": {
          "type": 0,
          "file": 2,
          "line": 77,
          "col": 3,
          "lit": "fetch-tags"
        },
        "value": {
          "type": 0,
          "file": 2,
          "line": 79,
          "col": 14,
          "lit": "false"
        }
      },
      {
        "key": {
          "type": 0,
          "file": 2,
          "line": 80,
          "col": 3,
          "lit": "show-progress"
        },
        "value": {
          "type": 0,
          "file": 2,
          "line": 82,
          "col": 14,
          "lit": "true"
        }
      },
      {
        "key": {
          "type": 0,
          "file": 2,
          "line": 83,
          "col": 3,
          "lit": "lfs"
        },
        "value": {
          "type": 0,
          "file": 2,
          "line": 85,
          "col": 14,
          "lit": "false"
        }
      },
      {
        "key": {
          "type": 0,
          "file": 2,
          "line": 86,
          "col": 3,
          "lit": "submodules"
        },
        "value": {
          "type": 0,
          "file": 2,
          "line": 94,
          "col": 14,
          "lit": "false"
        }
      },
      {
        "key": {
          "type": 0,
          "file": 2,
          "line": 95,
          "col": 3,
          "lit": "set-safe-directory"
        },
        "value": {
          "type": 0,
          "file": 2,
          "line": 97,
          "col": 14,
          "lit": "true"
        }
      },
      {
        "key": {
          "type": 0,
          "file": 2,
          "line": 98,
          "col": 3,
          "lit": "github-server-url"
        },
        "value": ""
      },
      {
        "key": {
          "type": 0,
          "file": 2,
          "line": 101,
          "col": 3,
          "lit": "allow-unsafe-pr-checkout"
        },
        "value": {
          "type": 0,
          "file": 2,
          "line": 109,
          "col": 14,
          "lit": "false"
        }
      }
    ]
  },
  "execution": {
    "executionType": "nodeJS",
    "hasPre": false,
    "hasPost": true,
    "script": "dist/index.js",
    "pre": null,
    "post": "dist/index.js",
    "nodeVersion": "node20",
    "cleanupCondition": "always()",
    "initCondition": "always()"
  },
  "deprecated": null
}
[2026-08-25 11:22:02Z INFO ActionManager] Action node.js file: dist/index.js, no more preparation.
[2026-08-25 11:22:02Z INFO HostContext] Well known directory 'Bin': 'D:\profinansy_tests_web\actions-runner\bin'
[2026-08-25 11:22:02Z INFO HostContext] Well known directory 'Root': 'D:\profinansy_tests_web\actions-runner'
[2026-08-25 11:22:02Z INFO HostContext] Well known directory 'Work': 'D:\profinansy_tests_web\actions-runner\_work'
[2026-08-25 11:22:02Z INFO HostContext] Well known directory 'Actions': 'D:\profinansy_tests_web\actions-runner\_work\_actions'
[2026-08-25 11:22:02Z INFO ActionManager] Load action that reference repository from 'D:\profinansy_tests_web\actions-runner\_work\_actions\actions\checkout\v4'
[2026-08-25 11:22:02Z INFO HostContext] Well known directory 'Bin': 'D:\profinansy_tests_web\actions-runner\bin'
[2026-08-25 11:22:02Z INFO HostContext] Well known directory 'Root': 'D:\profinansy_tests_web\actions-runner'
[2026-08-25 11:22:02Z INFO HostContext] Well known directory 'Work': 'D:\profinansy_tests_web\actions-runner\_work'
[2026-08-25 11:22:02Z INFO HostContext] Well known directory 'Actions': 'D:\profinansy_tests_web\actions-runner\_work\_actions'
[2026-08-25 11:22:02Z INFO ActionManifestManagerLegacy] Loaded action.yml file: {
  "name": "Checkout",
  "description": "Checkout a Git repository at a particular version",
  "inputs": {
    "type": 2,
    "map": [
      {
        "key": {
          "type": 0,
          "file": 2,
          "line": 4,
          "col": 3,
          "lit": "repository"
        },
        "value": {
          "type": 3,
          "file": 2,
          "line": 6,
          "col": 14,
          "expr": "github.repository"
        }
      },
      {
        "key": {
          "type": 0,
          "file": 2,
          "line": 7,
          "col": 3,
          "lit": "ref"
        },
        "value": ""
      },
      {
        "key": {
          "type": 0,
          "file": 2,
          "line": 12,
          "col": 3,
          "lit": "token"
        },
        "value": {
          "type": 3,
          "file": 2,
          "line": 24,
          "col": 14,
          "expr": "github.token"
        }
      },
      {
        "key": {
          "type": 0,
          "file": 2,
          "line": 25,
          "col": 3,
          "lit": "ssh-key"
        },
        "value": ""
      },
      {
        "key": {
          "type": 0,
          "file": 2,
          "line": 37,
          "col": 3,
          "lit": "ssh-known-hosts"
        },
        "value": ""
      },
      {
        "key": {
          "type": 0,
          "file": 2,
          "line": 42,
          "col": 3,
          "lit": "ssh-strict"
        },
        "value": {
          "type": 0,
          "file": 2,
          "line": 47,
          "col": 14,
          "lit": "true"
        }
      },
      {
        "key": {
          "type": 0,
          "file": 2,
          "line": 48,
          "col": 3,
          "lit": "ssh-user"
        },
        "value": {
          "type": 0,
          "file": 2,
          "line": 51,
          "col": 14,
          "lit": "git"
        }
      },
      {
        "key": {
          "type": 0,
          "file": 2,
          "line": 52,
          "col": 3,
          "lit": "persist-credentials"
        },
        "value": {
          "type": 0,
          "file": 2,
          "line": 54,
          "col": 14,
          "lit": "true"
        }
      },
      {
        "key": {
          "type": 0,
          "file": 2,
          "line": 55,
          "col": 3,
          "lit": "path"
        },
        "value": ""
      },
      {
        "key": {
          "type": 0,
          "file": 2,
          "line": 57,
          "col": 3,
          "lit": "clean"
        },
        "value": {
          "type": 0,
          "file": 2,
          "line": 59,
          "col": 14,
          "lit": "true"
        }
      },
      {
        "key": {
          "type": 0,
          "file": 2,
          "line": 60,
          "col": 3,
          "lit": "filter"
        },
        "value": {
          "type": 0,
          "file": 2,
          "line": 64,
          "col": 14,
          "lit": ""
        }
      },
      {
        "key": {
          "type": 0,
          "file": 2,
          "line": 65,
          "col": 3,
          "lit": "sparse-checkout"
        },
        "value": {
          "type": 0,
          "file": 2,
          "line": 69,
          "col": 14,
          "lit": ""
        }
      },
      {
        "key": {
          "type": 0,
          "file": 2,
          "line": 70,
          "col": 3,
          "lit": "sparse-checkout-cone-mode"
        },
        "value": {
          "type": 0,
          "file": 2,
          "line": 73,
          "col": 14,
          "lit": "true"
        }
      },
      {
        "key": {
          "type": 0,
          "file": 2,
          "line": 74,
          "col": 3,
          "lit": "fetch-depth"
        },
        "value": {
          "type": 0,
          "file": 2,
          "line": 76,
          "col": 14,
          "lit": "1"
        }
      },
      {
        "key": {
          "type": 0,
          "file": 2,
          "line": 77,
          "col": 3,
          "lit": "fetch-tags"
        },
        "value": {
          "type": 0,
          "file": 2,
          "line": 79,
          "col": 14,
          "lit": "false"
        }
      },
      {
        "key": {
          "type": 0,
          "file": 2,
          "line": 80,
          "col": 3,
          "lit": "show-progress"
        },
        "value": {
          "type": 0,
          "file": 2,
          "line": 82,
          "col": 14,
          "lit": "true"
        }
      },
      {
        "key": {
          "type": 0,
          "file": 2,
          "line": 83,
          "col": 3,
          "lit": "lfs"
        },
        "value": {
          "type": 0,
          "file": 2,
          "line": 85,
          "col": 14,
          "lit": "false"
        }
      },
      {
        "key": {
          "type": 0,
          "file": 2,
          "line": 86,
          "col": 3,
          "lit": "submodules"
        },
        "value": {
          "type": 0,
          "file": 2,
          "line": 94,
          "col": 14,
          "lit": "false"
        }
      },
      {
        "key": {
          "type": 0,
          "file": 2,
          "line": 95,
          "col": 3,
          "lit": "set-safe-directory"
        },
        "value": {
          "type": 0,
          "file": 2,
          "line": 97,
          "col": 14,
          "lit": "true"
        }
      },
      {
        "key": {
          "type": 0,
          "file": 2,
          "line": 98,
          "col": 3,
          "lit": "github-server-url"
        },
        "value": ""
      },
      {
        "key": {
          "type": 0,
          "file": 2,
          "line": 101,
          "col": 3,
          "lit": "allow-unsafe-pr-checkout"
        },
        "value": {
          "type": 0,
          "file": 2,
          "line": 109,
          "col": 14,
          "lit": "false"
        }
      }
    ]
  },
  "execution": {
    "executionType": "nodeJS",
    "hasPre": false,
    "hasPost": true,
    "script": "dist/index.js",
    "pre": null,
    "post": "dist/index.js",
    "nodeVersion": "node20",
    "cleanupCondition": "always()",
    "initCondition": "always()"
  },
  "deprecated": null
}
[2026-08-25 11:22:02Z INFO ActionManager] Action pre node.js file: N/A.
[2026-08-25 11:22:02Z INFO ActionManager] Action node.js file: dist/index.js.
[2026-08-25 11:22:02Z INFO ActionManager] Action post node.js file: dist/index.js.
[2026-08-25 11:22:02Z INFO HostContext] Well known directory 'Bin': 'D:\profinansy_tests_web\actions-runner\bin'
[2026-08-25 11:22:02Z INFO HostContext] Well known directory 'Root': 'D:\profinansy_tests_web\actions-runner'
[2026-08-25 11:22:02Z INFO HostContext] Well known directory 'Work': 'D:\profinansy_tests_web\actions-runner\_work'
[2026-08-25 11:22:02Z INFO HostContext] Well known directory 'Actions': 'D:\profinansy_tests_web\actions-runner\_work\_actions'
[2026-08-25 11:22:02Z INFO HostContext] Well known directory 'Bin': 'D:\profinansy_tests_web\actions-runner\bin'
[2026-08-25 11:22:02Z INFO HostContext] Well known directory 'Root': 'D:\profinansy_tests_web\actions-runner'
[2026-08-25 11:22:02Z INFO HostContext] Well known directory 'Work': 'D:\profinansy_tests_web\actions-runner\_work'
[2026-08-25 11:22:02Z INFO HostContext] Well known directory 'Actions': 'D:\profinansy_tests_web\actions-runner\_work\_actions'
[2026-08-25 11:22:02Z INFO ActionManifestManagerLegacy] Ignore action property author.
[2026-08-25 11:22:02Z INFO ActionManifestManagerLegacy] Ignore action property branding.
[2026-08-25 11:22:02Z INFO ActionManifestManagerLegacy] Loaded action.yml file: {
  "name": "Setup Python",
  "description": "Set up a specific version of Python and add the command-line tools to the PATH.",
  "inputs": {
    "type": 2,
    "map": [
      {
        "key": {
          "type": 0,
          "file": 3,
          "line": 6,
          "col": 3,
          "lit": "python-version"
        },
        "value": ""
      },
      {
        "key": {
          "type": 0,
          "file": 3,
          "line": 8,
          "col": 3,
          "lit": "python-version-file"
        },
        "value": ""
      },
      {
        "key": {
          "type": 0,
          "file": 3,
          "line": 10,
          "col": 3,
          "lit": "cache"
        },
        "value": ""
      },
      {
        "key": {
          "type": 0,
          "file": 3,
          "line": 13,
          "col": 3,
          "lit": "architecture"
        },
        "value": ""
      },
      {
        "key": {
          "type": 0,
          "file": 3,
          "line": 15,
          "col": 3,
          "lit": "check-latest"
        },
        "value": {
          "type": 0,
          "file": 3,
          "line": 17,
          "col": 14,
          "lit": "false"
        }
      },
      {
        "key": {
          "type": 0,
          "file": 3,
          "line": 18,
          "col": 3,
          "lit": "token"
        },
        "value": {
          "type": 3,
          "file": 3,
          "line": 20,
          "col": 14,
          "expr": "github.server_url == 'https://github.com' && github.token || ''"
        }
      },
      {
        "key": {
          "type": 0,
          "file": 3,
          "line": 21,
          "col": 3,
          "lit": "cache-dependency-path"
        },
        "value": ""
      },
      {
        "key": {
          "type": 0,
          "file": 3,
          "line": 23,
          "col": 3,
          "lit": "update-environment"
        },
        "value": {
          "type": 0,
          "file": 3,
          "line": 25,
          "col": 14,
          "lit": "true"
        }
      },
      {
        "key": {
          "type": 0,
          "file": 3,
          "line": 26,
          "col": 3,
          "lit": "allow-prereleases"
        },
        "value": {
          "type": 0,
          "file": 3,
          "line": 28,
          "col": 14,
          "lit": "false"
        }
      },
      {
        "key": {
          "type": 0,
          "file": 3,
          "line": 29,
          "col": 3,
          "lit": "freethreaded"
        },
        "value": {
          "type": 0,
          "file": 3,
          "line": 31,
          "col": 14,
          "lit": "false"
        }
      }
    ]
  },
  "execution": {
    "executionType": "nodeJS",
    "hasPre": false,
    "hasPost": true,
    "script": "dist/setup/index.js",
    "pre": null,
    "post": "dist/cache-save/index.js",
    "nodeVersion": "node20",
    "cleanupCondition": "success()",
    "initCondition": "always()"
  },
  "deprecated": null
}
[2026-08-25 11:22:02Z INFO ActionManager] Action node.js file: dist/setup/index.js, no more preparation.
[2026-08-25 11:22:02Z INFO HostContext] Well known directory 'Bin': 'D:\profinansy_tests_web\actions-runner\bin'
[2026-08-25 11:22:02Z INFO HostContext] Well known directory 'Root': 'D:\profinansy_tests_web\actions-runner'
[2026-08-25 11:22:02Z INFO HostContext] Well known directory 'Work': 'D:\profinansy_tests_web\actions-runner\_work'
[2026-08-25 11:22:02Z INFO HostContext] Well known directory 'Actions': 'D:\profinansy_tests_web\actions-runner\_work\_actions'
[2026-08-25 11:22:02Z INFO ActionManager] Load action that reference repository from 'D:\profinansy_tests_web\actions-runner\_work\_actions\actions\setup-python\v5'
[2026-08-25 11:22:02Z INFO HostContext] Well known directory 'Bin': 'D:\profinansy_tests_web\actions-runner\bin'
[2026-08-25 11:22:02Z INFO HostContext] Well known directory 'Root': 'D:\profinansy_tests_web\actions-runner'
[2026-08-25 11:22:02Z INFO HostContext] Well known directory 'Work': 'D:\profinansy_tests_web\actions-runner\_work'
[2026-08-25 11:22:02Z INFO HostContext] Well known directory 'Actions': 'D:\profinansy_tests_web\actions-runner\_work\_actions'
[2026-08-25 11:22:02Z INFO ActionManifestManagerLegacy] Ignore action property author.
[2026-08-25 11:22:02Z INFO ActionManifestManagerLegacy] Ignore action property branding.
[2026-08-25 11:22:02Z INFO ActionManifestManagerLegacy] Loaded action.yml file: {
  "name": "Setup Python",
  "description": "Set up a specific version of Python and add the command-line tools to the PATH.",
  "inputs": {
    "type": 2,
    "map": [
      {
        "key": {
          "type": 0,
          "file": 3,
          "line": 6,
          "col": 3,
          "lit": "python-version"
        },
        "value": ""
      },
      {
        "key": {
          "type": 0,
          "file": 3,
          "line": 8,
          "col": 3,
          "lit": "python-version-file"
        },
        "value": ""
      },
      {
        "key": {
          "type": 0,
          "file": 3,
          "line": 10,
          "col": 3,
          "lit": "cache"
        },
        "value": ""
      },
      {
        "key": {
          "type": 0,
          "file": 3,
          "line": 13,
          "col": 3,
          "lit": "architecture"
        },
        "value": ""
      },
      {
        "key": {
          "type": 0,
          "file": 3,
          "line": 15,
          "col": 3,
          "lit": "check-latest"
        },
        "value": {
          "type": 0,
          "file": 3,
          "line": 17,
          "col": 14,
          "lit": "false"
        }
      },
      {
        "key": {
          "type": 0,
          "file": 3,
          "line": 18,
          "col": 3,
          "lit": "token"
        },
        "value": {
          "type": 3,
          "file": 3,
          "line": 20,
          "col": 14,
          "expr": "github.server_url == 'https://github.com' && github.token || ''"
        }
      },
      {
        "key": {
          "type": 0,
          "file": 3,
          "line": 21,
          "col": 3,
          "lit": "cache-dependency-path"
        },
        "value": ""
      },
      {
        "key": {
          "type": 0,
          "file": 3,
          "line": 23,
          "col": 3,
          "lit": "update-environment"
        },
        "value": {
          "type": 0,
          "file": 3,
          "line": 25,
          "col": 14,
          "lit": "true"
        }
      },
      {
        "key": {
          "type": 0,
          "file": 3,
          "line": 26,
          "col": 3,
          "lit": "allow-prereleases"
        },
        "value": {
          "type": 0,
          "file": 3,
          "line": 28,
          "col": 14,
          "lit": "false"
        }
      },
      {
        "key": {
          "type": 0,
          "file": 3,
          "line": 29,
          "col": 3,
          "lit": "freethreaded"
        },
        "value": {
          "type": 0,
          "file": 3,
          "line": 31,
          "col": 14,
          "lit": "false"
        }
      }
    ]
  },
  "execution": {
    "executionType": "nodeJS",
    "hasPre": false,
    "hasPost": true,
    "script": "dist/setup/index.js",
    "pre": null,
    "post": "dist/cache-save/index.js",
    "nodeVersion": "node20",
    "cleanupCondition": "success()",
    "initCondition": "always()"
  },
  "deprecated": null
}
[2026-08-25 11:22:02Z INFO ActionManager] Action pre node.js file: N/A.
[2026-08-25 11:22:02Z INFO ActionManager] Action node.js file: dist/setup/index.js.
[2026-08-25 11:22:02Z INFO ActionManager] Action post node.js file: dist/cache-save/index.js.
[2026-08-25 11:22:02Z INFO HostContext] Well known directory 'Bin': 'D:\profinansy_tests_web\actions-runner\bin'
[2026-08-25 11:22:02Z INFO HostContext] Well known directory 'Root': 'D:\profinansy_tests_web\actions-runner'
[2026-08-25 11:22:02Z INFO HostContext] Well known directory 'Work': 'D:\profinansy_tests_web\actions-runner\_work'
[2026-08-25 11:22:02Z INFO HostContext] Well known directory 'Actions': 'D:\profinansy_tests_web\actions-runner\_work\_actions'
[2026-08-25 11:22:02Z INFO HostContext] Well known directory 'Bin': 'D:\profinansy_tests_web\actions-runner\bin'
[2026-08-25 11:22:02Z INFO HostContext] Well known directory 'Root': 'D:\profinansy_tests_web\actions-runner'
[2026-08-25 11:22:02Z INFO HostContext] Well known directory 'Work': 'D:\profinansy_tests_web\actions-runner\_work'
[2026-08-25 11:22:02Z INFO HostContext] Well known directory 'Actions': 'D:\profinansy_tests_web\actions-runner\_work\_actions'
[2026-08-25 11:22:02Z INFO ActionManifestManagerLegacy] Ignore action property author.
[2026-08-25 11:22:02Z INFO ActionManifestManagerLegacy] Ignore action property branding.
[2026-08-25 11:22:02Z INFO ActionManifestManagerLegacy] Loaded action.yml file: {
  "name": "Allure Report with history",
  "description": "Generate Allure Report with history",
  "inputs": {
    "type": 2,
    "map": [
      {
        "key": {
          "type": 0,
          "file": 4,
          "line": 8,
          "col": 3,
          "lit": "allure_results"
        },
        "value": {
          "type": 0,
          "file": 4,
          "line": 11,
          "col": 14,
          "lit": "allure-results"
        }
      },
      {
        "key": {
          "type": 0,
          "file": 4,
          "line": 12,
          "col": 3,
          "lit": "allure_report"
        },
        "value": {
          "type": 0,
          "file": 4,
          "line": 15,
          "col": 14,
          "lit": "allure-report"
        }
      },
      {
        "key": {
          "type": 0,
          "file": 4,
          "line": 16,
          "col": 3,
          "lit": "gh_pages"
        },
        "value": {
          "type": 0,
          "file": 4,
          "line": 19,
          "col": 14,
          "lit": "gh-pages"
        }
      },
      {
        "key": {
          "type": 0,
          "file": 4,
          "line": 20,
          "col": 3,
          "lit": "allure_history"
        },
        "value": {
          "type": 0,
          "file": 4,
          "line": 23,
          "col": 14,
          "lit": "allure-history"
        }
      },
      {
        "key": {
          "type": 0,
          "file": 4,
          "line": 24,
          "col": 3,
          "lit": "subfolder"
        },
        "value": {
          "type": 0,
          "file": 4,
          "line": 27,
          "col": 14,
          "lit": ""
        }
      },
      {
        "key": {
          "type": 0,
          "file": 4,
          "line": 28,
          "col": 3,
          "lit": "keep_reports"
        },
        "value": {
          "type": 0,
          "file": 4,
          "line": 31,
          "col": 14,
          "lit": "20"
        }
      },
      {
        "key": {
          "type": 0,
          "file": 4,
          "line": 32,
          "col": 3,
          "lit": "github_run_num"
        },
        "value": {
          "type": 3,
          "file": 4,
          "line": 35,
          "col": 14,
          "expr": "github.run_number"
        }
      },
      {
        "key": {
          "type": 0,
          "file": 4,
          "line": 36,
          "col": 3,
          "lit": "github_run_id"
        },
        "value": {
          "type": 3,
          "file": 4,
          "line": 39,
          "col": 14,
          "expr": "github.run_id"
        }
      },
      {
        "key": {
          "type": 0,
          "file": 4,
          "line": 40,
          "col": 3,
          "lit": "github_repo"
        },
        "value": {
          "type": 3,
          "file": 4,
          "line": 43,
          "col": 14,
          "expr": "github.repository"
        }
      },
      {
        "key": {
          "type": 0,
          "file": 4,
          "line": 44,
          "col": 3,
          "lit": "github_repo_owner"
        },
        "value": {
          "type": 3,
          "file": 4,
          "line": 47,
          "col": 14,
          "expr": "github.repository_owner"
        }
      },
      {
        "key": {
          "type": 0,
          "file": 4,
          "line": 48,
          "col": 3,
          "lit": "github_tests_repo"
        },
        "value": {
          "type": 3,
          "file": 4,
          "line": 51,
          "col": 14,
          "expr": "github.repository"
        }
      },
      {
        "key": {
          "type": 0,
          "file": 4,
          "line": 52,
          "col": 3,
          "lit": "report_url"
        },
        "value": {
          "type": 0,
          "file": 4,
          "line": 55,
          "col": 14,
          "lit": ""
        }
      },
      {
        "key": {
          "type": 0,
          "file": 4,
          "line": 56,
          "col": 3,
          "lit": "github_server_url"
        },
        "value": {
          "type": 3,
          "file": 4,
          "line": 59,
          "col": 14,
          "expr": "github.server_url"
        }
      },
      {
        "key": {
          "type": 0,
          "file": 4,
          "line": 60,
          "col": 3,
          "lit": "report_name"
        },
        "value": ""
      }
    ]
  },
  "execution": {
    "executionType": "container",
    "hasPre": false,
    "hasPost": false,
    "image": "Dockerfile",
    "entryPoint": null,
    "arguments": null,
    "environment": null,
    "pre": null,
    "post": null,
    "cleanupCondition": "always()",
    "initCondition": "always()"
  },
  "deprecated": null
}
[2026-08-25 11:22:02Z INFO ActionManager] Action __simple-elf_allure-report-action (c03c3264-950e-4949-b738-bc3a2107f2f2) from repository 'simple-elf/allure-report-action@master' needs to build image 'D:\profinansy_tests_web\actions-runner\_work\_actions\simple-elf\allure-report-action\master\Dockerfile'
[2026-08-25 11:22:02Z INFO HostContext] Well known directory 'Bin': 'D:\profinansy_tests_web\actions-runner\bin'
[2026-08-25 11:22:02Z INFO HostContext] Well known directory 'Root': 'D:\profinansy_tests_web\actions-runner'
[2026-08-25 11:22:02Z INFO HostContext] Well known directory 'Work': 'D:\profinansy_tests_web\actions-runner\_work'
[2026-08-25 11:22:02Z INFO HostContext] Well known directory 'Actions': 'D:\profinansy_tests_web\actions-runner\_work\_actions'
[2026-08-25 11:22:02Z INFO ActionManager] Load action that reference repository from 'D:\profinansy_tests_web\actions-runner\_work\_actions\simple-elf\allure-report-action\master'
[2026-08-25 11:22:02Z INFO HostContext] Well known directory 'Bin': 'D:\profinansy_tests_web\actions-runner\bin'
[2026-08-25 11:22:02Z INFO HostContext] Well known directory 'Root': 'D:\profinansy_tests_web\actions-runner'
[2026-08-25 11:22:02Z INFO HostContext] Well known directory 'Work': 'D:\profinansy_tests_web\actions-runner\_work'
[2026-08-25 11:22:02Z INFO HostContext] Well known directory 'Actions': 'D:\profinansy_tests_web\actions-runner\_work\_actions'
[2026-08-25 11:22:02Z INFO ActionManifestManagerLegacy] Ignore action property author.
[2026-08-25 11:22:02Z INFO ActionManifestManagerLegacy] Ignore action property branding.
[2026-08-25 11:22:02Z INFO ActionManifestManagerLegacy] Loaded action.yml file: {
  "name": "Allure Report with history",
  "description": "Generate Allure Report with history",
  "inputs": {
    "type": 2,
    "map": [
      {
        "key": {
          "type": 0,
          "file": 4,
          "line": 8,
          "col": 3,
          "lit": "allure_results"
        },
        "value": {
          "type": 0,
          "file": 4,
          "line": 11,
          "col": 14,
          "lit": "allure-results"
        }
      },
      {
        "key": {
          "type": 0,
          "file": 4,
          "line": 12,
          "col": 3,
          "lit": "allure_report"
        },
        "value": {
          "type": 0,
          "file": 4,
          "line": 15,
          "col": 14,
          "lit": "allure-report"
        }
      },
      {
        "key": {
          "type": 0,
          "file": 4,
          "line": 16,
          "col": 3,
          "lit": "gh_pages"
        },
        "value": {
          "type": 0,
          "file": 4,
          "line": 19,
          "col": 14,
          "lit": "gh-pages"
        }
      },
      {
        "key": {
          "type": 0,
          "file": 4,
          "line": 20,
          "col": 3,
          "lit": "allure_history"
        },
        "value": {
          "type": 0,
          "file": 4,
          "line": 23,
          "col": 14,
          "lit": "allure-history"
        }
      },
      {
        "key": {
          "type": 0,
          "file": 4,
          "line": 24,
          "col": 3,
          "lit": "subfolder"
        },
        "value": {
          "type": 0,
          "file": 4,
          "line": 27,
          "col": 14,
          "lit": ""
        }
      },
      {
        "key": {
          "type": 0,
          "file": 4,
          "line": 28,
          "col": 3,
          "lit": "keep_reports"
        },
        "value": {
          "type": 0,
          "file": 4,
          "line": 31,
          "col": 14,
          "lit": "20"
        }
      },
      {
        "key": {
          "type": 0,
          "file": 4,
          "line": 32,
          "col": 3,
          "lit": "github_run_num"
        },
        "value": {
          "type": 3,
          "file": 4,
          "line": 35,
          "col": 14,
          "expr": "github.run_number"
        }
      },
      {
        "key": {
          "type": 0,
          "file": 4,
          "line": 36,
          "col": 3,
          "lit": "github_run_id"
        },
        "value": {
          "type": 3,
          "file": 4,
          "line": 39,
          "col": 14,
          "expr": "github.run_id"
        }
      },
      {
        "key": {
          "type": 0,
          "file": 4,
          "line": 40,
          "col": 3,
          "lit": "github_repo"
        },
        "value": {
          "type": 3,
          "file": 4,
          "line": 43,
          "col": 14,
          "expr": "github.repository"
        }
      },
      {
        "key": {
          "type": 0,
          "file": 4,
          "line": 44,
          "col": 3,
          "lit": "github_repo_owner"
        },
        "value": {
          "type": 3,
          "file": 4,
          "line": 47,
          "col": 14,
          "expr": "github.repository_owner"
        }
      },
      {
        "key": {
          "type": 0,
          "file": 4,
          "line": 48,
          "col": 3,
          "lit": "github_tests_repo"
        },
        "value": {
          "type": 3,
          "file": 4,
          "line": 51,
          "col": 14,
          "expr": "github.repository"
        }
      },
      {
        "key": {
          "type": 0,
          "file": 4,
          "line": 52,
          "col": 3,
          "lit": "report_url"
        },
        "value": {
          "type": 0,
          "file": 4,
          "line": 55,
          "col": 14,
          "lit": ""
        }
      },
      {
        "key": {
          "type": 0,
          "file": 4,
          "line": 56,
          "col": 3,
          "lit": "github_server_url"
        },
        "value": {
          "type": 3,
          "file": 4,
          "line": 59,
          "col": 14,
          "expr": "github.server_url"
        }
      },
      {
        "key": {
          "type": 0,
          "file": 4,
          "line": 60,
          "col": 3,
          "lit": "report_name"
        },
        "value": ""
      }
    ]
  },
  "execution": {
    "executionType": "container",
    "hasPre": false,
    "hasPost": false,
    "image": "Dockerfile",
    "entryPoint": null,
    "arguments": null,
    "environment": null,
    "pre": null,
    "post": null,
    "cleanupCondition": "always()",
    "initCondition": "always()"
  },
  "deprecated": null
}
[2026-08-25 11:22:02Z INFO ActionManager] Action container Dockerfile/image: Dockerfile.
[2026-08-25 11:22:02Z INFO HostContext] Well known directory 'Bin': 'D:\profinansy_tests_web\actions-runner\bin'
[2026-08-25 11:22:02Z INFO HostContext] Well known directory 'Root': 'D:\profinansy_tests_web\actions-runner'
[2026-08-25 11:22:02Z INFO HostContext] Well known directory 'Work': 'D:\profinansy_tests_web\actions-runner\_work'
[2026-08-25 11:22:02Z INFO HostContext] Well known directory 'Actions': 'D:\profinansy_tests_web\actions-runner\_work\_actions'
[2026-08-25 11:22:02Z INFO HostContext] Well known directory 'Bin': 'D:\profinansy_tests_web\actions-runner\bin'
[2026-08-25 11:22:02Z INFO HostContext] Well known directory 'Root': 'D:\profinansy_tests_web\actions-runner'
[2026-08-25 11:22:02Z INFO HostContext] Well known directory 'Work': 'D:\profinansy_tests_web\actions-runner\_work'
[2026-08-25 11:22:02Z INFO HostContext] Well known directory 'Actions': 'D:\profinansy_tests_web\actions-runner\_work\_actions'
[2026-08-25 11:22:02Z INFO ActionManifestManagerLegacy] Ignore action property author.
[2026-08-25 11:22:02Z INFO ActionManifestManagerLegacy] Ignore action property branding.
[2026-08-25 11:22:02Z INFO ActionManifestManagerLegacy] Loaded action.yml file: {
  "name": "GitHub Pages action",
  "description": "GitHub Actions for GitHub Pages 🚀 Deploy static files and publish your site easily. Static-Site-Generators-friendly.",
  "inputs": {
    "type": 2,
    "map": [
      {
        "key": {
          "type": 0,
          "file": 5,
          "line": 11,
          "col": 3,
          "lit": "deploy_key"
        },
        "value": ""
      },
      {
        "key": {
          "type": 0,
          "file": 5,
          "line": 14,
          "col": 3,
          "lit": "github_token"
        },
        "value": ""
      },
      {
        "key": {
          "type": 0,
          "file": 5,
          "line": 17,
          "col": 3,
          "lit": "personal_token"
        },
        "value": ""
      },
      {
        "key": {
          "type": 0,
          "file": 5,
          "line": 20,
          "col": 3,
          "lit": "publish_branch"
        },
        "value": {
          "type": 0,
          "file": 5,
          "line": 23,
          "col": 14,
          "lit": "gh-pages"
        }
      },
      {
        "key": {
          "type": 0,
          "file": 5,
          "line": 24,
          "col": 3,
          "lit": "publish_dir"
        },
        "value": {
          "type": 0,
          "file": 5,
          "line": 27,
          "col": 14,
          "lit": "public"
        }
      },
      {
        "key": {
          "type": 0,
          "file": 5,
          "line": 28,
          "col": 3,
          "lit": "destination_dir"
        },
        "value": {
          "type": 0,
          "file": 5,
          "line": 31,
          "col": 14,
          "lit": ""
        }
      },
      {
        "key": {
          "type": 0,
          "file": 5,
          "line": 32,
          "col": 3,
          "lit": "external_repository"
        },
        "value": ""
      },
      {
        "key": {
          "type": 0,
          "file": 5,
          "line": 35,
          "col": 3,
          "lit": "allow_empty_commit"
        },
        "value": {
          "type": 0,
          "file": 5,
          "line": 38,
          "col": 14,
          "lit": "false"
        }
      },
      {
        "key": {
          "type": 0,
          "file": 5,
          "line": 39,
          "col": 3,
          "lit": "keep_files"
        },
        "value": {
          "type": 0,
          "file": 5,
          "line": 42,
          "col": 14,
          "lit": "false"
        }
      },
      {
        "key": {
          "type": 0,
          "file": 5,
          "line": 43,
          "col": 3,
          "lit": "force_orphan"
        },
        "value": {
          "type": 0,
          "file": 5,
          "line": 46,
          "col": 14,
          "lit": "false"
        }
      },
      {
        "key": {
          "type": 0,
          "file": 5,
          "line": 47,
          "col": 3,
          "lit": "user_name"
        },
        "value": ""
      },
      {
        "key": {
          "type": 0,
          "file": 5,
          "line": 50,
          "col": 3,
          "lit": "user_email"
        },
        "value": ""
      },
      {
        "key": {
          "type": 0,
          "file": 5,
          "line": 53,
          "col": 3,
          "lit": "commit_message"
        },
        "value": ""
      },
      {
        "key": {
          "type": 0,
          "file": 5,
          "line": 56,
          "col": 3,
          "lit": "full_commit_message"
        },
        "value": ""
      },
      {
        "key": {
          "type": 0,
          "file": 5,
          "line": 59,
          "col": 3,
          "lit": "tag_name"
        },
        "value": ""
      },
      {
        "key": {
          "type": 0,
          "file": 5,
          "line": 62,
          "col": 3,
          "lit": "tag_message"
        },
        "value": ""
      },
      {
        "key": {
          "type": 0,
          "file": 5,
          "line": 65,
          "col": 3,
          "lit": "enable_jekyll"
        },
        "value": {
          "type": 0,
          "file": 5,
          "line": 68,
          "col": 14,
          "lit": "false"
        }
      },
      {
        "key": {
          "type": 0,
          "file": 5,
          "line": 69,
          "col": 3,
          "lit": "disable_nojekyll"
        },
        "value": {
          "type": 0,
          "file": 5,
          "line": 72,
          "col": 14,
          "lit": "false"
        }
      },
      {
        "key": {
          "type": 0,
          "file": 5,
          "line": 73,
          "col": 3,
          "lit": "cname"
        },
        "value": ""
      },
      {
        "key": {
          "type": 0,
          "file": 5,
          "line": 76,
          "col": 3,
          "lit": "exclude_assets"
        },
        "value": {
          "type": 0,
          "file": 5,
          "line": 79,
          "col": 14,
          "lit": ".github"
        }
      }
    ]
  },
  "execution": {
    "executionType": "nodeJS",
    "hasPre": false,
    "hasPost": false,
    "script": "lib/index.js",
    "pre": null,
    "post": null,
    "nodeVersion": "node16",
    "cleanupCondition": "always()",
    "initCondition": "always()"
  },
  "deprecated": null
}
[2026-08-25 11:22:02Z INFO ActionManager] Action node.js file: lib/index.js, no more preparation.
[2026-08-25 11:22:02Z INFO HostContext] Well known directory 'Bin': 'D:\profinansy_tests_web\actions-runner\bin'
[2026-08-25 11:22:02Z INFO HostContext] Well known directory 'Root': 'D:\profinansy_tests_web\actions-runner'
[2026-08-25 11:22:02Z INFO HostContext] Well known directory 'Work': 'D:\profinansy_tests_web\actions-runner\_work'
[2026-08-25 11:22:02Z INFO HostContext] Well known directory 'Actions': 'D:\profinansy_tests_web\actions-runner\_work\_actions'
[2026-08-25 11:22:02Z INFO ActionManager] Load action that reference repository from 'D:\profinansy_tests_web\actions-runner\_work\_actions\peaceiris\actions-gh-pages\v3'
[2026-08-25 11:22:02Z INFO HostContext] Well known directory 'Bin': 'D:\profinansy_tests_web\actions-runner\bin'
[2026-08-25 11:22:02Z INFO HostContext] Well known directory 'Root': 'D:\profinansy_tests_web\actions-runner'
[2026-08-25 11:22:02Z INFO HostContext] Well known directory 'Work': 'D:\profinansy_tests_web\actions-runner\_work'
[2026-08-25 11:22:02Z INFO HostContext] Well known directory 'Actions': 'D:\profinansy_tests_web\actions-runner\_work\_actions'
[2026-08-25 11:22:02Z INFO ActionManifestManagerLegacy] Ignore action property author.
[2026-08-25 11:22:02Z INFO ActionManifestManagerLegacy] Ignore action property branding.
[2026-08-25 11:22:02Z INFO ActionManifestManagerLegacy] Loaded action.yml file: {
  "name": "GitHub Pages action",
  "description": "GitHub Actions for GitHub Pages 🚀 Deploy static files and publish your site easily. Static-Site-Generators-friendly.",
  "inputs": {
    "type": 2,
    "map": [
      {
        "key": {
          "type": 0,
          "file": 5,
          "line": 11,
          "col": 3,
          "lit": "deploy_key"
        },
        "value": ""
      },
      {
        "key": {
          "type": 0,
          "file": 5,
          "line": 14,
          "col": 3,
          "lit": "github_token"
        },
        "value": ""
      },
      {
        "key": {
          "type": 0,
          "file": 5,
          "line": 17,
          "col": 3,
          "lit": "personal_token"
        },
        "value": ""
      },
      {
        "key": {
          "type": 0,
          "file": 5,
          "line": 20,
          "col": 3,
          "lit": "publish_branch"
        },
        "value": {
          "type": 0,
          "file": 5,
          "line": 23,
          "col": 14,
          "lit": "gh-pages"
        }
      },
      {
        "key": {
          "type": 0,
          "file": 5,
          "line": 24,
          "col": 3,
          "lit": "publish_dir"
        },
        "value": {
          "type": 0,
          "file": 5,
          "line": 27,
          "col": 14,
          "lit": "public"
        }
      },
      {
        "key": {
          "type": 0,
          "file": 5,
          "line": 28,
          "col": 3,
          "lit": "destination_dir"
        },
        "value": {
          "type": 0,
          "file": 5,
          "line": 31,
          "col": 14,
          "lit": ""
        }
      },
      {
        "key": {
          "type": 0,
          "file": 5,
          "line": 32,
          "col": 3,
          "lit": "external_repository"
        },
        "value": ""
      },
      {
        "key": {
          "type": 0,
          "file": 5,
          "line": 35,
          "col": 3,
          "lit": "allow_empty_commit"
        },
        "value": {
          "type": 0,
          "file": 5,
          "line": 38,
          "col": 14,
          "lit": "false"
        }
      },
      {
        "key": {
          "type": 0,
          "file": 5,
          "line": 39,
          "col": 3,
          "lit": "keep_files"
        },
        "value": {
          "type": 0,
          "file": 5,
          "line": 42,
          "col": 14,
          "lit": "false"
        }
      },
      {
        "key": {
          "type": 0,
          "file": 5,
          "line": 43,
          "col": 3,
          "lit": "force_orphan"
        },
        "value": {
          "type": 0,
          "file": 5,
          "line": 46,
          "col": 14,
          "lit": "false"
        }
      },
      {
        "key": {
          "type": 0,
          "file": 5,
          "line": 47,
          "col": 3,
          "lit": "user_name"
        },
        "value": ""
      },
      {
        "key": {
          "type": 0,
          "file": 5,
          "line": 50,
          "col": 3,
          "lit": "user_email"
        },
        "value": ""
      },
      {
        "key": {
          "type": 0,
          "file": 5,
          "line": 53,
          "col": 3,
          "lit": "commit_message"
        },
        "value": ""
      },
      {
        "key": {
          "type": 0,
          "file": 5,
          "line": 56,
          "col": 3,
          "lit": "full_commit_message"
        },
        "value": ""
      },
      {
        "key": {
          "type": 0,
          "file": 5,
          "line": 59,
          "col": 3,
          "lit": "tag_name"
        },
        "value": ""
      },
      {
        "key": {
          "type": 0,
          "file": 5,
          "line": 62,
          "col": 3,
          "lit": "tag_message"
        },
        "value": ""
      },
      {
        "key": {
          "type": 0,
          "file": 5,
          "line": 65,
          "col": 3,
          "lit": "enable_jekyll"
        },
        "value": {
          "type": 0,
          "file": 5,
          "line": 68,
          "col": 14,
          "lit": "false"
        }
      },
      {
        "key": {
          "type": 0,
          "file": 5,
          "line": 69,
          "col": 3,
          "lit": "disable_nojekyll"
        },
        "value": {
          "type": 0,
          "file": 5,
          "line": 72,
          "col": 14,
          "lit": "false"
        }
      },
      {
        "key": {
          "type": 0,
          "file": 5,
          "line": 73,
          "col": 3,
          "lit": "cname"
        },
        "value": ""
      },
      {
        "key": {
          "type": 0,
          "file": 5,
          "line": 76,
          "col": 3,
          "lit": "exclude_assets"
        },
        "value": {
          "type": 0,
          "file": 5,
          "line": 79,
          "col": 14,
          "lit": ".github"
        }
      }
    ]
  },
  "execution": {
    "executionType": "nodeJS",
    "hasPre": false,
    "hasPost": false,
    "script": "lib/index.js",
    "pre": null,
    "post": null,
    "nodeVersion": "node16",
    "cleanupCondition": "always()",
    "initCondition": "always()"
  },
  "deprecated": null
}
[2026-08-25 11:22:02Z INFO ActionManager] Action pre node.js file: N/A.
[2026-08-25 11:22:02Z INFO ActionManager] Action node.js file: lib/index.js.
[2026-08-25 11:22:02Z INFO ActionManager] Action post node.js file: N/A.
[2026-08-25 11:22:02Z INFO ActionManager] 1 steps need to build image from 'D:\profinansy_tests_web\actions-runner\_work\_actions\simple-elf\allure-report-action\master\Dockerfile'
[2026-08-25 11:22:02Z INFO JobExtension] Adding .
[2026-08-25 11:22:02Z INFO JobExtension] Adding .
[2026-08-25 11:22:02Z INFO JobExtension] Adding .
[2026-08-25 11:22:02Z INFO JobExtension] Adding .
[2026-08-25 11:22:02Z INFO JobExtension] Adding .
[2026-08-25 11:22:02Z INFO JobExtension] Adding .
[2026-08-25 11:22:02Z INFO HostContext] Well known directory 'Bin': 'D:\profinansy_tests_web\actions-runner\bin'
[2026-08-25 11:22:02Z INFO HostContext] Well known directory 'Root': 'D:\profinansy_tests_web\actions-runner'
[2026-08-25 11:22:02Z INFO HostContext] Well known directory 'Diag': 'D:\profinansy_tests_web\actions-runner\_diag'
[2026-08-25 11:22:02Z INFO HostContext] Well known directory 'Bin': 'D:\profinansy_tests_web\actions-runner\bin'
[2026-08-25 11:22:02Z INFO HostContext] Well known directory 'Root': 'D:\profinansy_tests_web\actions-runner'
[2026-08-25 11:22:02Z INFO HostContext] Well known directory 'Diag': 'D:\profinansy_tests_web\actions-runner\_diag'
[2026-08-25 11:22:02Z INFO HostContext] Well known directory 'Bin': 'D:\profinansy_tests_web\actions-runner\bin'
[2026-08-25 11:22:02Z INFO HostContext] Well known directory 'Root': 'D:\profinansy_tests_web\actions-runner'
[2026-08-25 11:22:02Z INFO HostContext] Well known directory 'Diag': 'D:\profinansy_tests_web\actions-runner\_diag'
[2026-08-25 11:22:02Z INFO HostContext] Well known directory 'Bin': 'D:\profinansy_tests_web\actions-runner\bin'
[2026-08-25 11:22:02Z INFO HostContext] Well known directory 'Root': 'D:\profinansy_tests_web\actions-runner'
[2026-08-25 11:22:02Z INFO HostContext] Well known directory 'Diag': 'D:\profinansy_tests_web\actions-runner\_diag'
[2026-08-25 11:22:02Z INFO HostContext] Well known directory 'Bin': 'D:\profinansy_tests_web\actions-runner\bin'
[2026-08-25 11:22:02Z INFO HostContext] Well known directory 'Root': 'D:\profinansy_tests_web\actions-runner'
[2026-08-25 11:22:02Z INFO HostContext] Well known directory 'Diag': 'D:\profinansy_tests_web\actions-runner\_diag'
[2026-08-25 11:22:02Z INFO HostContext] Well known directory 'Bin': 'D:\profinansy_tests_web\actions-runner\bin'
[2026-08-25 11:22:02Z INFO HostContext] Well known directory 'Root': 'D:\profinansy_tests_web\actions-runner'
[2026-08-25 11:22:02Z INFO HostContext] Well known directory 'Diag': 'D:\profinansy_tests_web\actions-runner\_diag'
[2026-08-25 11:22:02Z INFO HostContext] Well known directory 'Bin': 'D:\profinansy_tests_web\actions-runner\bin'
[2026-08-25 11:22:02Z INFO HostContext] Well known directory 'Root': 'D:\profinansy_tests_web\actions-runner'
[2026-08-25 11:22:02Z INFO HostContext] Well known directory 'Diag': 'D:\profinansy_tests_web\actions-runner\_diag'
[2026-08-25 11:22:02Z INFO HostContext] Well known directory 'Bin': 'D:\profinansy_tests_web\actions-runner\bin'
[2026-08-25 11:22:02Z INFO HostContext] Well known directory 'Root': 'D:\profinansy_tests_web\actions-runner'
[2026-08-25 11:22:02Z INFO HostContext] Well known directory 'Diag': 'D:\profinansy_tests_web\actions-runner\_diag'
[2026-08-25 11:22:02Z INFO HostContext] Well known directory 'Bin': 'D:\profinansy_tests_web\actions-runner\bin'
[2026-08-25 11:22:02Z INFO HostContext] Well known directory 'Root': 'D:\profinansy_tests_web\actions-runner'
[2026-08-25 11:22:02Z INFO HostContext] Well known directory 'Diag': 'D:\profinansy_tests_web\actions-runner\_diag'
[2026-08-25 11:22:02Z INFO HostContext] Well known directory 'Bin': 'D:\profinansy_tests_web\actions-runner\bin'
[2026-08-25 11:22:02Z INFO HostContext] Well known directory 'Root': 'D:\profinansy_tests_web\actions-runner'
[2026-08-25 11:22:02Z INFO HostContext] Well known directory 'Diag': 'D:\profinansy_tests_web\actions-runner\_diag'
[2026-08-25 11:22:02Z INFO HostContext] Well known directory 'Bin': 'D:\profinansy_tests_web\actions-runner\bin'
[2026-08-25 11:22:02Z INFO HostContext] Well known directory 'Root': 'D:\profinansy_tests_web\actions-runner'
[2026-08-25 11:22:02Z INFO HostContext] Well known directory 'Diag': 'D:\profinansy_tests_web\actions-runner\_diag'
[2026-08-25 11:22:02Z INFO HostContext] Well known directory 'Bin': 'D:\profinansy_tests_web\actions-runner\bin'
[2026-08-25 11:22:02Z INFO HostContext] Well known directory 'Root': 'D:\profinansy_tests_web\actions-runner'
[2026-08-25 11:22:02Z INFO HostContext] Well known directory 'Diag': 'D:\profinansy_tests_web\actions-runner\_diag'
[2026-08-25 11:22:02Z INFO JobExtension] Total accessible running process: 327.
[2026-08-25 11:22:02Z INFO HostContext] Well known directory 'Bin': 'D:\profinansy_tests_web\actions-runner\bin'
[2026-08-25 11:22:02Z INFO HostContext] Well known directory 'Root': 'D:\profinansy_tests_web\actions-runner'
[2026-08-25 11:22:02Z INFO HostContext] Well known directory 'Work': 'D:\profinansy_tests_web\actions-runner\_work'
[2026-08-25 11:22:02Z INFO JobExtension] Start checking server connectivity.
[2026-08-25 11:22:02Z INFO JobExtension] Check server connectivity for https://broker.actions.githubusercontent.com/health.
[2026-08-25 11:22:02Z INFO JobExtension] Check server connectivity for https://token.actions.githubusercontent.com/ready.
[2026-08-25 11:22:02Z INFO JobExtension] Check server connectivity for https://run.actions.githubusercontent.com/health.
[2026-08-25 11:22:02Z INFO JobExtension] Start checking service connectivity in background.
[2026-08-25 11:22:02Z INFO ExecutionContext] Publish step telemetry for current step {
  "action": "setup_job",
  "type": "runner",
  "stage": "Pre",
  "stepId": "81d61d5f-788d-487f-b63a-54ef26a387a5",
  "result": "succeeded",
  "errorMessages": [],
  "executionTimeInSeconds": 5,
  "startTime": "2026-08-25T11:21:58.0644107Z",
  "finishTime": "2026-08-25T11:22:02.436894Z"
}.
[2026-08-25 11:22:02Z INFO JobRunner] Total job steps: 6.
[2026-08-25 11:22:02Z INFO JobRunner] Run all job steps.
[2026-08-25 11:22:02Z INFO JobServerQueue] Try to append 1 batches web console lines for record '81d61d5f-788d-487f-b63a-54ef26a387a5', success rate: 1/1.
[2026-08-25 11:22:02Z INFO DapDebugger] DapDebugger initialized
[2026-08-25 11:22:02Z INFO StepsRunner] Processing step: DisplayName='Скачивание кода из репозитория'
[2026-08-25 11:22:02Z INFO StepsRunner] Evaluating: success()
[2026-08-25 11:22:02Z INFO StepsRunner] Result: true
[2026-08-25 11:22:02Z INFO StepsRunner] Starting the step.
[2026-08-25 11:22:02Z INFO HostContext] Well known directory 'Bin': 'D:\profinansy_tests_web\actions-runner\bin'
[2026-08-25 11:22:02Z INFO HostContext] Well known directory 'Root': 'D:\profinansy_tests_web\actions-runner'
[2026-08-25 11:22:02Z INFO HostContext] Well known directory 'Work': 'D:\profinansy_tests_web\actions-runner\_work'
[2026-08-25 11:22:02Z INFO StepsRunner] Which2: 'chcp'
[2026-08-25 11:22:02Z INFO StepsRunner] Location: 'C:\Windows\system32\chcp.COM'
[2026-08-25 11:22:02Z INFO ProcessInvokerWrapper] Starting process:
[2026-08-25 11:22:02Z INFO ProcessInvokerWrapper]   File name: 'C:\Windows\system32\chcp.COM'
[2026-08-25 11:22:02Z INFO ProcessInvokerWrapper]   Arguments: '65001'
[2026-08-25 11:22:02Z INFO ProcessInvokerWrapper]   Working directory: 'D:\profinansy_tests_web\actions-runner\_work'
[2026-08-25 11:22:02Z INFO ProcessInvokerWrapper]   Require exit code zero: 'False'
[2026-08-25 11:22:02Z INFO ProcessInvokerWrapper]   Encoding web name:  ; code page: ''
[2026-08-25 11:22:02Z INFO ProcessInvokerWrapper]   Force kill process on cancellation: 'False'
[2026-08-25 11:22:02Z INFO ProcessInvokerWrapper]   Redirected STDIN: 'False'
[2026-08-25 11:22:02Z INFO ProcessInvokerWrapper]   Persist current code page: 'True'
[2026-08-25 11:22:02Z INFO ProcessInvokerWrapper]   Keep redirected STDIN open: 'False'
[2026-08-25 11:22:02Z INFO ProcessInvokerWrapper]   High priority process: 'False'
[2026-08-25 11:22:02Z INFO ProcessInvokerWrapper] Process started with process id 2416, waiting for process exit.
[2026-08-25 11:22:02Z INFO ProcessInvokerWrapper] STDOUT/STDERR stream read finished.
[2026-08-25 11:22:02Z INFO ProcessInvokerWrapper] STDOUT/STDERR stream read finished.
[2026-08-25 11:22:02Z INFO ProcessInvokerWrapper] Finished process 2416 with exit code 0, and elapsed time 00:00:00.0193112.
[2026-08-25 11:22:02Z INFO StepsRunner] Successfully returned to code page 65001 (UTF8)
[2026-08-25 11:22:02Z INFO HostContext] Well known directory 'Bin': 'D:\profinansy_tests_web\actions-runner\bin'
[2026-08-25 11:22:02Z INFO HostContext] Well known directory 'Root': 'D:\profinansy_tests_web\actions-runner'
[2026-08-25 11:22:02Z INFO HostContext] Well known directory 'Work': 'D:\profinansy_tests_web\actions-runner\_work'
[2026-08-25 11:22:02Z INFO HostContext] Well known directory 'Actions': 'D:\profinansy_tests_web\actions-runner\_work\_actions'
[2026-08-25 11:22:02Z INFO ActionManager] Load action that reference repository from 'D:\profinansy_tests_web\actions-runner\_work\_actions\actions\checkout\v4'
[2026-08-25 11:22:02Z INFO HostContext] Well known directory 'Bin': 'D:\profinansy_tests_web\actions-runner\bin'
[2026-08-25 11:22:02Z INFO HostContext] Well known directory 'Root': 'D:\profinansy_tests_web\actions-runner'
[2026-08-25 11:22:02Z INFO HostContext] Well known directory 'Work': 'D:\profinansy_tests_web\actions-runner\_work'
[2026-08-25 11:22:02Z INFO HostContext] Well known directory 'Actions': 'D:\profinansy_tests_web\actions-runner\_work\_actions'
[2026-08-25 11:22:02Z INFO ActionManifestManagerLegacy] Loaded action.yml file: {
  "name": "Checkout",
  "description": "Checkout a Git repository at a particular version",
  "inputs": {
    "type": 2,
    "map": [
      {
        "key": {
          "type": 0,
          "file": 2,
          "line": 4,
          "col": 3,
          "lit": "repository"
        },
        "value": {
          "type": 3,
          "file": 2,
          "line": 6,
          "col": 14,
          "expr": "github.repository"
        }
      },
      {
        "key": {
          "type": 0,
          "file": 2,
          "line": 7,
          "col": 3,
          "lit": "ref"
        },
        "value": ""
      },
      {
        "key": {
          "type": 0,
          "file": 2,
          "line": 12,
          "col": 3,
          "lit": "token"
        },
        "value": {
          "type": 3,
          "file": 2,
          "line": 24,
          "col": 14,
          "expr": "github.token"
        }
      },
      {
        "key": {
          "type": 0,
          "file": 2,
          "line": 25,
          "col": 3,
          "lit": "ssh-key"
        },
        "value": ""
      },
      {
        "key": {
          "type": 0,
          "file": 2,
          "line": 37,
          "col": 3,
          "lit": "ssh-known-hosts"
        },
        "value": ""
      },
      {
        "key": {
          "type": 0,
          "file": 2,
          "line": 42,
          "col": 3,
          "lit": "ssh-strict"
        },
        "value": {
          "type": 0,
          "file": 2,
          "line": 47,
          "col": 14,
          "lit": "true"
        }
      },
      {
        "key": {
          "type": 0,
          "file": 2,
          "line": 48,
          "col": 3,
          "lit": "ssh-user"
        },
        "value": {
          "type": 0,
          "file": 2,
          "line": 51,
          "col": 14,
          "lit": "git"
        }
      },
      {
        "key": {
          "type": 0,
          "file": 2,
          "line": 52,
          "col": 3,
          "lit": "persist-credentials"
        },
        "value": {
          "type": 0,
          "file": 2,
          "line": 54,
          "col": 14,
          "lit": "true"
        }
      },
      {
        "key": {
          "type": 0,
          "file": 2,
          "line": 55,
          "col": 3,
          "lit": "path"
        },
        "value": ""
      },
      {
        "key": {
          "type": 0,
          "file": 2,
          "line": 57,
          "col": 3,
          "lit": "clean"
        },
        "value": {
          "type": 0,
          "file": 2,
          "line": 59,
          "col": 14,
          "lit": "true"
        }
      },
      {
        "key": {
          "type": 0,
          "file": 2,
          "line": 60,
          "col": 3,
          "lit": "filter"
        },
        "value": {
          "type": 0,
          "file": 2,
          "line": 64,
          "col": 14,
          "lit": ""
        }
      },
      {
        "key": {
          "type": 0,
          "file": 2,
          "line": 65,
          "col": 3,
          "lit": "sparse-checkout"
        },
        "value": {
          "type": 0,
          "file": 2,
          "line": 69,
          "col": 14,
          "lit": ""
        }
      },
      {
        "key": {
          "type": 0,
          "file": 2,
          "line": 70,
          "col": 3,
          "lit": "sparse-checkout-cone-mode"
        },
        "value": {
          "type": 0,
          "file": 2,
          "line": 73,
          "col": 14,
          "lit": "true"
        }
      },
      {
        "key": {
          "type": 0,
          "file": 2,
          "line": 74,
          "col": 3,
          "lit": "fetch-depth"
        },
        "value": {
          "type": 0,
          "file": 2,
          "line": 76,
          "col": 14,
          "lit": "1"
        }
      },
      {
        "key": {
          "type": 0,
          "file": 2,
          "line": 77,
          "col": 3,
          "lit": "fetch-tags"
        },
        "value": {
          "type": 0,
          "file": 2,
          "line": 79,
          "col": 14,
          "lit": "false"
        }
      },
      {
        "key": {
          "type": 0,
          "file": 2,
          "line": 80,
          "col": 3,
          "lit": "show-progress"
        },
        "value": {
          "type": 0,
          "file": 2,
          "line": 82,
          "col": 14,
          "lit": "true"
        }
      },
      {
        "key": {
          "type": 0,
          "file": 2,
          "line": 83,
          "col": 3,
          "lit": "lfs"
        },
        "value": {
          "type": 0,
          "file": 2,
          "line": 85,
          "col": 14,
          "lit": "false"
        }
      },
      {
        "key": {
          "type": 0,
          "file": 2,
          "line": 86,
          "col": 3,
          "lit": "submodules"
        },
        "value": {
          "type": 0,
          "file": 2,
          "line": 94,
          "col": 14,
          "lit": "false"
        }
      },
      {
        "key": {
          "type": 0,
          "file": 2,
          "line": 95,
          "col": 3,
          "lit": "set-safe-directory"
        },
        "value": {
          "type": 0,
          "file": 2,
          "line": 97,
          "col": 14,
          "lit": "true"
        }
      },
      {
        "key": {
          "type": 0,
          "file": 2,
          "line": 98,
          "col": 3,
          "lit": "github-server-url"
        },
        "value": ""
      },
      {
        "key": {
          "type": 0,
          "file": 2,
          "line": 101,
          "col": 3,
          "lit": "allow-unsafe-pr-checkout"
        },
        "value": {
          "type": 0,
          "file": 2,
          "line": 109,
          "col": 14,
          "lit": "false"
        }
      }
    ]
  },
  "execution": {
    "executionType": "nodeJS",
    "hasPre": false,
    "hasPost": true,
    "script": "dist/index.js",
    "pre": null,
    "post": "dist/index.js",
    "nodeVersion": "node20",
    "cleanupCondition": "always()",
    "initCondition": "always()"
  },
  "deprecated": null
}
[2026-08-25 11:22:02Z INFO ActionManager] Action pre node.js file: N/A.
[2026-08-25 11:22:02Z INFO ActionManager] Action node.js file: dist/index.js.
[2026-08-25 11:22:02Z INFO ActionManager] Action post node.js file: dist/index.js.
[2026-08-25 11:22:02Z INFO ExecutionContext] Reserve record order 8 to 14 for post job actions.
[2026-08-25 11:22:02Z INFO HostContext] Well known directory 'Bin': 'D:\profinansy_tests_web\actions-runner\bin'
[2026-08-25 11:22:02Z INFO HostContext] Well known directory 'Root': 'D:\profinansy_tests_web\actions-runner'
[2026-08-25 11:22:02Z INFO HostContext] Well known directory 'Diag': 'D:\profinansy_tests_web\actions-runner\_diag'
[2026-08-25 11:22:02Z INFO HostContext] Well known directory 'Bin': 'D:\profinansy_tests_web\actions-runner\bin'
[2026-08-25 11:22:02Z INFO HostContext] Well known directory 'Root': 'D:\profinansy_tests_web\actions-runner'
[2026-08-25 11:22:02Z INFO HostContext] Well known directory 'Diag': 'D:\profinansy_tests_web\actions-runner\_diag'
[2026-08-25 11:22:02Z INFO HostContext] Well known directory 'Bin': 'D:\profinansy_tests_web\actions-runner\bin'
[2026-08-25 11:22:02Z INFO HostContext] Well known directory 'Root': 'D:\profinansy_tests_web\actions-runner'
[2026-08-25 11:22:02Z INFO HostContext] Well known directory 'Work': 'D:\profinansy_tests_web\actions-runner\_work'
[2026-08-25 11:22:02Z INFO HostContext] Well known directory 'Temp': 'D:\profinansy_tests_web\actions-runner\_work\_temp'
[2026-08-25 11:22:02Z INFO ExecutionContext] Write event payload to D:\profinansy_tests_web\actions-runner\_work\_temp\_github_workflow\event.json
[2026-08-25 11:22:02Z INFO HostContext] Well known directory 'Bin': 'D:\profinansy_tests_web\actions-runner\bin'
[2026-08-25 11:22:02Z INFO HostContext] Well known directory 'Root': 'D:\profinansy_tests_web\actions-runner'
[2026-08-25 11:22:02Z INFO HostContext] Well known directory 'Work': 'D:\profinansy_tests_web\actions-runner\_work'
[2026-08-25 11:22:02Z INFO HostContext] Well known directory 'Temp': 'D:\profinansy_tests_web\actions-runner\_work\_temp'
[2026-08-25 11:22:02Z INFO ExtensionManager] Getting extensions for interface: 'GitHub.Runner.Worker.IFileCommandExtension'
[2026-08-25 11:22:02Z INFO ExtensionManager] Creating instance: GitHub.Runner.Worker.AddPathFileCommand, Runner.Worker
[2026-08-25 11:22:02Z INFO ExtensionManager] Creating instance: GitHub.Runner.Worker.SetEnvFileCommand, Runner.Worker
[2026-08-25 11:22:02Z INFO ExtensionManager] Creating instance: GitHub.Runner.Worker.CreateStepSummaryCommand, Runner.Worker
[2026-08-25 11:22:02Z INFO ExtensionManager] Creating instance: GitHub.Runner.Worker.SaveStateFileCommand, Runner.Worker
[2026-08-25 11:22:02Z INFO ExtensionManager] Creating instance: GitHub.Runner.Worker.SetOutputFileCommand, Runner.Worker
[2026-08-25 11:22:02Z INFO ExtensionManager] Creating instance: GitHub.Runner.Worker.CreateArtifactsFileCommand, Runner.Worker
[2026-08-25 11:22:02Z INFO ExtensionManager] Creating instance: GitHub.Runner.Worker.ArtifactsListFileCommand, Runner.Worker
[2026-08-25 11:22:02Z INFO ActionManifestManagerLegacy] Input 'repository': default value evaluate result: {
  "type": 0,
  "file": 2,
  "line": 6,
  "col": 14,
  "lit": "Anna-Shirokaya/profinansyweb"
}
[2026-08-25 11:22:02Z INFO ActionManifestManagerLegacy] Input 'ref': default value evaluate result: ""
[2026-08-25 11:22:02Z INFO ActionManifestManagerLegacy] Input 'token': default value evaluate result: {
  "type": 0,
  "file": 2,
  "line": 24,
  "col": 14,
  "lit": "***"
}
[2026-08-25 11:22:02Z INFO ActionManifestManagerLegacy] Input 'ssh-key': default value evaluate result: ""
[2026-08-25 11:22:02Z INFO ActionManifestManagerLegacy] Input 'ssh-known-hosts': default value evaluate result: ""
[2026-08-25 11:22:02Z INFO ActionManifestManagerLegacy] Input 'ssh-strict': default value evaluate result: {
  "type": 0,
  "file": 2,
  "line": 47,
  "col": 14,
  "lit": "true"
}
[2026-08-25 11:22:02Z INFO ActionManifestManagerLegacy] Input 'ssh-user': default value evaluate result: {
  "type": 0,
  "file": 2,
  "line": 51,
  "col": 14,
  "lit": "git"
}
[2026-08-25 11:22:02Z INFO ActionManifestManagerLegacy] Input 'persist-credentials': default value evaluate result: {
  "type": 0,
  "file": 2,
  "line": 54,
  "col": 14,
  "lit": "true"
}
[2026-08-25 11:22:02Z INFO ActionManifestManagerLegacy] Input 'path': default value evaluate result: ""
[2026-08-25 11:22:02Z INFO ActionManifestManagerLegacy] Input 'clean': default value evaluate result: {
  "type": 0,
  "file": 2,
  "line": 59,
  "col": 14,
  "lit": "true"
}
[2026-08-25 11:22:02Z INFO ActionManifestManagerLegacy] Input 'filter': default value evaluate result: {
  "type": 0,
  "file": 2,
  "line": 64,
  "col": 14,
  "lit": ""
}
[2026-08-25 11:22:02Z INFO ActionManifestManagerLegacy] Input 'sparse-checkout': default value evaluate result: {
  "type": 0,
  "file": 2,
  "line": 69,
  "col": 14,
  "lit": ""
}
[2026-08-25 11:22:02Z INFO ActionManifestManagerLegacy] Input 'sparse-checkout-cone-mode': default value evaluate result: {
  "type": 0,
  "file": 2,
  "line": 73,
  "col": 14,
  "lit": "true"
}
[2026-08-25 11:22:02Z INFO ActionManifestManagerLegacy] Input 'fetch-depth': default value evaluate result: {
  "type": 0,
  "file": 2,
  "line": 76,
  "col": 14,
  "lit": "1"
}
[2026-08-25 11:22:02Z INFO ActionManifestManagerLegacy] Input 'fetch-tags': default value evaluate result: {
  "type": 0,
  "file": 2,
  "line": 79,
  "col": 14,
  "lit": "false"
}
[2026-08-25 11:22:02Z INFO ActionManifestManagerLegacy] Input 'show-progress': default value evaluate result: {
  "type": 0,
  "file": 2,
  "line": 82,
  "col": 14,
  "lit": "true"
}
[2026-08-25 11:22:02Z INFO ActionManifestManagerLegacy] Input 'lfs': default value evaluate result: {
  "type": 0,
  "file": 2,
  "line": 85,
  "col": 14,
  "lit": "false"
}
[2026-08-25 11:22:02Z INFO ActionManifestManagerLegacy] Input 'submodules': default value evaluate result: {
  "type": 0,
  "file": 2,
  "line": 94,
  "col": 14,
  "lit": "false"
}
[2026-08-25 11:22:02Z INFO ActionManifestManagerLegacy] Input 'set-safe-directory': default value evaluate result: {
  "type": 0,
  "file": 2,
  "line": 97,
  "col": 14,
  "lit": "true"
}
[2026-08-25 11:22:02Z INFO ActionManifestManagerLegacy] Input 'github-server-url': default value evaluate result: ""
[2026-08-25 11:22:02Z INFO ActionManifestManagerLegacy] Input 'allow-unsafe-pr-checkout': default value evaluate result: {
  "type": 0,
  "file": 2,
  "line": 109,
  "col": 14,
  "lit": "false"
}
[2026-08-25 11:22:02Z INFO ExtensionManager] Getting extensions for interface: 'GitHub.Runner.Worker.IActionCommandExtension'
[2026-08-25 11:22:02Z INFO ExtensionManager] Creating instance: GitHub.Runner.Worker.InternalPluginSetRepoPathCommandExtension, Runner.Worker
[2026-08-25 11:22:02Z INFO ExtensionManager] Creating instance: GitHub.Runner.Worker.SetEnvCommandExtension, Runner.Worker
[2026-08-25 11:22:02Z INFO ExtensionManager] Creating instance: GitHub.Runner.Worker.SetOutputCommandExtension, Runner.Worker
[2026-08-25 11:22:02Z INFO ExtensionManager] Creating instance: GitHub.Runner.Worker.SaveStateCommandExtension, Runner.Worker
[2026-08-25 11:22:02Z INFO ExtensionManager] Creating instance: GitHub.Runner.Worker.AddPathCommandExtension, Runner.Worker
[2026-08-25 11:22:02Z INFO ExtensionManager] Creating instance: GitHub.Runner.Worker.AddMaskCommandExtension, Runner.Worker
[2026-08-25 11:22:02Z INFO ExtensionManager] Creating instance: GitHub.Runner.Worker.AddMatcherCommandExtension, Runner.Worker
[2026-08-25 11:22:02Z INFO ExtensionManager] Creating instance: GitHub.Runner.Worker.RemoveMatcherCommandExtension, Runner.Worker
[2026-08-25 11:22:02Z INFO ExtensionManager] Creating instance: GitHub.Runner.Worker.WarningCommandExtension, Runner.Worker
[2026-08-25 11:22:02Z INFO ExtensionManager] Creating instance: GitHub.Runner.Worker.ErrorCommandExtension, Runner.Worker
[2026-08-25 11:22:02Z INFO ExtensionManager] Creating instance: GitHub.Runner.Worker.NoticeCommandExtension, Runner.Worker
[2026-08-25 11:22:02Z INFO ExtensionManager] Creating instance: GitHub.Runner.Worker.DebugCommandExtension, Runner.Worker
[2026-08-25 11:22:02Z INFO ExtensionManager] Creating instance: GitHub.Runner.Worker.GroupCommandExtension, Runner.Worker
[2026-08-25 11:22:02Z INFO ExtensionManager] Creating instance: GitHub.Runner.Worker.EndGroupCommandExtension, Runner.Worker
[2026-08-25 11:22:02Z INFO ExtensionManager] Creating instance: GitHub.Runner.Worker.EchoCommandExtension, Runner.Worker
[2026-08-25 11:22:02Z INFO ActionCommandManager] Register action command extension for command internal-set-repo-path
[2026-08-25 11:22:02Z INFO ActionCommandManager] Register action command extension for command set-env
[2026-08-25 11:22:02Z INFO ActionCommandManager] Register action command extension for command set-output
[2026-08-25 11:22:02Z INFO ActionCommandManager] Register action command extension for command save-state
[2026-08-25 11:22:02Z INFO ActionCommandManager] Register action command extension for command add-path
[2026-08-25 11:22:02Z INFO ActionCommandManager] Register action command extension for command add-mask
[2026-08-25 11:22:02Z INFO ActionCommandManager] Register action command extension for command add-matcher
[2026-08-25 11:22:02Z INFO ActionCommandManager] Register action command extension for command remove-matcher
[2026-08-25 11:22:02Z INFO ActionCommandManager] Register action command extension for command warning
[2026-08-25 11:22:02Z INFO ActionCommandManager] Register action command extension for command error
[2026-08-25 11:22:02Z INFO ActionCommandManager] Register action command extension for command notice
[2026-08-25 11:22:02Z INFO ActionCommandManager] Register action command extension for command debug
[2026-08-25 11:22:02Z INFO ActionCommandManager] Register action command extension for command group
[2026-08-25 11:22:02Z INFO ActionCommandManager] Register action command extension for command endgroup
[2026-08-25 11:22:02Z INFO ActionCommandManager] Register action command extension for command echo
[2026-08-25 11:22:02Z INFO HostContext] Well known directory 'Bin': 'D:\profinansy_tests_web\actions-runner\bin'
[2026-08-25 11:22:02Z INFO HostContext] Well known directory 'Root': 'D:\profinansy_tests_web\actions-runner'
[2026-08-25 11:22:02Z INFO HostContext] Well known directory 'Externals': 'D:\profinansy_tests_web\actions-runner\externals'
[2026-08-25 11:22:02Z INFO ProcessInvokerWrapper] Starting process:
[2026-08-25 11:22:02Z INFO ProcessInvokerWrapper]   File name: 'D:\profinansy_tests_web\actions-runner\externals\node24\bin\node.exe'
[2026-08-25 11:22:02Z INFO ProcessInvokerWrapper]   Arguments: '"D:\profinansy_tests_web\actions-runner\_work\_actions\actions\checkout\v4\dist/index.js"'
[2026-08-25 11:22:02Z INFO ProcessInvokerWrapper]   Working directory: 'D:\profinansy_tests_web\actions-runner\_work\profinansyweb\profinansyweb'
[2026-08-25 11:22:02Z INFO ProcessInvokerWrapper]   Require exit code zero: 'False'
[2026-08-25 11:22:02Z INFO ProcessInvokerWrapper]   Encoding web name: utf-8 ; code page: '65001'
[2026-08-25 11:22:02Z INFO ProcessInvokerWrapper]   Force kill process on cancellation: 'False'
[2026-08-25 11:22:02Z INFO ProcessInvokerWrapper]   Redirected STDIN: 'False'
[2026-08-25 11:22:02Z INFO ProcessInvokerWrapper]   Persist current code page: 'True'
[2026-08-25 11:22:02Z INFO ProcessInvokerWrapper]   Keep redirected STDIN open: 'False'
[2026-08-25 11:22:02Z INFO ProcessInvokerWrapper]   High priority process: 'False'
[2026-08-25 11:22:02Z INFO JobServerQueue] Try to append 1 batches web console lines for record 'da1d53af-f658-47e4-8c57-510a3d3fe9a9', success rate: 1/1.
[2026-08-25 11:22:02Z INFO ProcessInvokerWrapper] Process started with process id 27644, waiting for process exit.
[2026-08-25 11:22:03Z INFO JobServerQueue] Got a step log file to send to results service.
[2026-08-25 11:22:03Z INFO JobServerQueue] Starting upload of step log file to results service ResultsLog, D:\profinansy_tests_web\actions-runner\_diag\blocks\a51e986b-e0b1-4a6b-af94-0e04fe3a00a4_81d61d5f-788d-487f-b63a-54ef26a387a5.1
[2026-08-25 11:22:03Z INFO JobServerQueue] Try to upload 1 log files or attachments, success rate: 1/1.
[2026-08-25 11:22:03Z INFO AddMaskCommandExtension] Add new secret mask with length of 524
[2026-08-25 11:22:03Z INFO JobServerQueue] Try to append 1 batches web console lines for record 'da1d53af-f658-47e4-8c57-510a3d3fe9a9', success rate: 1/1.
[2026-08-25 11:22:03Z INFO JobServerQueue] Try to append 1 batches web console lines for record 'da1d53af-f658-47e4-8c57-510a3d3fe9a9', success rate: 1/1.
[2026-08-25 11:22:04Z INFO JobServerQueue] Tried to upload 1 file(s) to results, success rate: 1/1.
[2026-08-25 11:22:04Z INFO JobServerQueue] Try to append 1 batches web console lines for record 'da1d53af-f658-47e4-8c57-510a3d3fe9a9', success rate: 1/1.
[2026-08-25 11:22:04Z INFO JobServerQueue] Try to append 1 batches web console lines for record 'da1d53af-f658-47e4-8c57-510a3d3fe9a9', success rate: 1/1.
[2026-08-25 11:22:05Z INFO JobServerQueue] Try to append 1 batches web console lines for record 'da1d53af-f658-47e4-8c57-510a3d3fe9a9', success rate: 1/1.
[2026-08-25 11:22:05Z INFO JobServerQueue] Try to append 1 batches web console lines for record 'da1d53af-f658-47e4-8c57-510a3d3fe9a9', success rate: 1/1.
[2026-08-25 11:22:06Z INFO JobServerQueue] Try to append 1 batches web console lines for record 'da1d53af-f658-47e4-8c57-510a3d3fe9a9', success rate: 1/1.
[2026-08-25 11:22:07Z INFO JobServerQueue] Try to append 1 batches web console lines for record 'da1d53af-f658-47e4-8c57-510a3d3fe9a9', success rate: 1/1.
[2026-08-25 11:22:07Z INFO ProcessInvokerWrapper] STDOUT/STDERR stream read finished.
[2026-08-25 11:22:07Z INFO ProcessInvokerWrapper] STDOUT/STDERR stream read finished.
[2026-08-25 11:22:07Z INFO ProcessInvokerWrapper] Finished process 27644 with exit code 0, and elapsed time 00:00:05.1711648.
[2026-08-25 11:22:07Z INFO CreateStepSummaryCommand] Step Summary file (D:\profinansy_tests_web\actions-runner\_work\_temp\_runner_file_commands\step_summary_e71d35d2-86e1-4c51-a182-5c32bccf2d2a) is empty; skipping attachment upload
[2026-08-25 11:22:07Z INFO StepsRunner] Step result: 
[2026-08-25 11:22:07Z INFO ExecutionContext] Publish step telemetry for current step {
  "action": "actions/checkout",
  "ref": "v4",
  "type": "node24",
  "stage": "Main",
  "stepId": "da1d53af-f658-47e4-8c57-510a3d3fe9a9",
  "stepContextName": "__actions_checkout",
  "hasPreStep": false,
  "hasPostStep": true,
  "result": "succeeded",
  "errorMessages": [],
  "executionTimeInSeconds": 6,
  "startTime": "2026-08-25T11:22:02.455413Z",
  "finishTime": "2026-08-25T11:22:07.7737674Z"
}.
[2026-08-25 11:22:07Z INFO StepsRunner] No need for updating job result with current step result 'Succeeded'.
[2026-08-25 11:22:07Z INFO StepsRunner] Current state: job state = ''
[2026-08-25 11:22:07Z INFO StepsRunner] Processing step: DisplayName='Настройка Python 3.12'
[2026-08-25 11:22:07Z INFO StepsRunner] Evaluating: success()
[2026-08-25 11:22:07Z INFO StepsRunner] Result: true
[2026-08-25 11:22:07Z INFO StepsRunner] Starting the step.
[2026-08-25 11:22:07Z INFO HostContext] Well known directory 'Bin': 'D:\profinansy_tests_web\actions-runner\bin'
[2026-08-25 11:22:07Z INFO HostContext] Well known directory 'Root': 'D:\profinansy_tests_web\actions-runner'
[2026-08-25 11:22:07Z INFO HostContext] Well known directory 'Work': 'D:\profinansy_tests_web\actions-runner\_work'
[2026-08-25 11:22:07Z INFO StepsRunner] Which2: 'chcp'
[2026-08-25 11:22:07Z INFO StepsRunner] Location: 'C:\Windows\system32\chcp.COM'
[2026-08-25 11:22:07Z INFO ProcessInvokerWrapper] Starting process:
[2026-08-25 11:22:07Z INFO ProcessInvokerWrapper]   File name: 'C:\Windows\system32\chcp.COM'
[2026-08-25 11:22:07Z INFO ProcessInvokerWrapper]   Arguments: '65001'
[2026-08-25 11:22:07Z INFO ProcessInvokerWrapper]   Working directory: 'D:\profinansy_tests_web\actions-runner\_work'
[2026-08-25 11:22:07Z INFO ProcessInvokerWrapper]   Require exit code zero: 'False'
[2026-08-25 11:22:07Z INFO ProcessInvokerWrapper]   Encoding web name:  ; code page: ''
[2026-08-25 11:22:07Z INFO ProcessInvokerWrapper]   Force kill process on cancellation: 'False'
[2026-08-25 11:22:07Z INFO ProcessInvokerWrapper]   Redirected STDIN: 'False'
[2026-08-25 11:22:07Z INFO ProcessInvokerWrapper]   Persist current code page: 'True'
[2026-08-25 11:22:07Z INFO ProcessInvokerWrapper]   Keep redirected STDIN open: 'False'
[2026-08-25 11:22:07Z INFO ProcessInvokerWrapper]   High priority process: 'False'
[2026-08-25 11:22:07Z INFO ProcessInvokerWrapper] Process started with process id 21996, waiting for process exit.
[2026-08-25 11:22:07Z INFO ProcessInvokerWrapper] STDOUT/STDERR stream read finished.
[2026-08-25 11:22:07Z INFO ProcessInvokerWrapper] STDOUT/STDERR stream read finished.
[2026-08-25 11:22:07Z INFO ProcessInvokerWrapper] Finished process 21996 with exit code 0, and elapsed time 00:00:00.0117176.
[2026-08-25 11:22:07Z INFO StepsRunner] Successfully returned to code page 65001 (UTF8)
[2026-08-25 11:22:07Z INFO HostContext] Well known directory 'Bin': 'D:\profinansy_tests_web\actions-runner\bin'
[2026-08-25 11:22:07Z INFO HostContext] Well known directory 'Root': 'D:\profinansy_tests_web\actions-runner'
[2026-08-25 11:22:07Z INFO HostContext] Well known directory 'Work': 'D:\profinansy_tests_web\actions-runner\_work'
[2026-08-25 11:22:07Z INFO HostContext] Well known directory 'Actions': 'D:\profinansy_tests_web\actions-runner\_work\_actions'
[2026-08-25 11:22:07Z INFO ActionManager] Load action that reference repository from 'D:\profinansy_tests_web\actions-runner\_work\_actions\actions\setup-python\v5'
[2026-08-25 11:22:07Z INFO HostContext] Well known directory 'Bin': 'D:\profinansy_tests_web\actions-runner\bin'
[2026-08-25 11:22:07Z INFO HostContext] Well known directory 'Root': 'D:\profinansy_tests_web\actions-runner'
[2026-08-25 11:22:07Z INFO HostContext] Well known directory 'Work': 'D:\profinansy_tests_web\actions-runner\_work'
[2026-08-25 11:22:07Z INFO HostContext] Well known directory 'Actions': 'D:\profinansy_tests_web\actions-runner\_work\_actions'
[2026-08-25 11:22:07Z INFO ActionManifestManagerLegacy] Ignore action property author.
[2026-08-25 11:22:07Z INFO ActionManifestManagerLegacy] Ignore action property branding.
[2026-08-25 11:22:07Z INFO ActionManifestManagerLegacy] Loaded action.yml file: {
  "name": "Setup Python",
  "description": "Set up a specific version of Python and add the command-line tools to the PATH.",
  "inputs": {
    "type": 2,
    "map": [
      {
        "key": {
          "type": 0,
          "file": 3,
          "line": 6,
          "col": 3,
          "lit": "python-version"
        },
        "value": ""
      },
      {
        "key": {
          "type": 0,
          "file": 3,
          "line": 8,
          "col": 3,
          "lit": "python-version-file"
        },
        "value": ""
      },
      {
        "key": {
          "type": 0,
          "file": 3,
          "line": 10,
          "col": 3,
          "lit": "cache"
        },
        "value": ""
      },
      {
        "key": {
          "type": 0,
          "file": 3,
          "line": 13,
          "col": 3,
          "lit": "architecture"
        },
        "value": ""
      },
      {
        "key": {
          "type": 0,
          "file": 3,
          "line": 15,
          "col": 3,
          "lit": "check-latest"
        },
        "value": {
          "type": 0,
          "file": 3,
          "line": 17,
          "col": 14,
          "lit": "false"
        }
      },
      {
        "key": {
          "type": 0,
          "file": 3,
          "line": 18,
          "col": 3,
          "lit": "token"
        },
        "value": {
          "type": 3,
          "file": 3,
          "line": 20,
          "col": 14,
          "expr": "github.server_url == 'https://github.com' && github.token || ''"
        }
      },
      {
        "key": {
          "type": 0,
          "file": 3,
          "line": 21,
          "col": 3,
          "lit": "cache-dependency-path"
        },
        "value": ""
      },
      {
        "key": {
          "type": 0,
          "file": 3,
          "line": 23,
          "col": 3,
          "lit": "update-environment"
        },
        "value": {
          "type": 0,
          "file": 3,
          "line": 25,
          "col": 14,
          "lit": "true"
        }
      },
      {
        "key": {
          "type": 0,
          "file": 3,
          "line": 26,
          "col": 3,
          "lit": "allow-prereleases"
        },
        "value": {
          "type": 0,
          "file": 3,
          "line": 28,
          "col": 14,
          "lit": "false"
        }
      },
      {
        "key": {
          "type": 0,
          "file": 3,
          "line": 29,
          "col": 3,
          "lit": "freethreaded"
        },
        "value": {
          "type": 0,
          "file": 3,
          "line": 31,
          "col": 14,
          "lit": "false"
        }
      }
    ]
  },
  "execution": {
    "executionType": "nodeJS",
    "hasPre": false,
    "hasPost": true,
    "script": "dist/setup/index.js",
    "pre": null,
    "post": "dist/cache-save/index.js",
    "nodeVersion": "node20",
    "cleanupCondition": "success()",
    "initCondition": "always()"
  },
  "deprecated": null
}
[2026-08-25 11:22:07Z INFO ActionManager] Action pre node.js file: N/A.
[2026-08-25 11:22:07Z INFO ActionManager] Action node.js file: dist/setup/index.js.
[2026-08-25 11:22:07Z INFO ActionManager] Action post node.js file: dist/cache-save/index.js.
[2026-08-25 11:22:07Z INFO HostContext] Well known directory 'Bin': 'D:\profinansy_tests_web\actions-runner\bin'
[2026-08-25 11:22:07Z INFO HostContext] Well known directory 'Root': 'D:\profinansy_tests_web\actions-runner'
[2026-08-25 11:22:07Z INFO HostContext] Well known directory 'Diag': 'D:\profinansy_tests_web\actions-runner\_diag'
[2026-08-25 11:22:07Z INFO HostContext] Well known directory 'Bin': 'D:\profinansy_tests_web\actions-runner\bin'
[2026-08-25 11:22:07Z INFO HostContext] Well known directory 'Root': 'D:\profinansy_tests_web\actions-runner'
[2026-08-25 11:22:07Z INFO HostContext] Well known directory 'Diag': 'D:\profinansy_tests_web\actions-runner\_diag'
[2026-08-25 11:22:07Z INFO HostContext] Well known directory 'Bin': 'D:\profinansy_tests_web\actions-runner\bin'
[2026-08-25 11:22:07Z INFO HostContext] Well known directory 'Root': 'D:\profinansy_tests_web\actions-runner'
[2026-08-25 11:22:07Z INFO HostContext] Well known directory 'Work': 'D:\profinansy_tests_web\actions-runner\_work'
[2026-08-25 11:22:07Z INFO HostContext] Well known directory 'Temp': 'D:\profinansy_tests_web\actions-runner\_work\_temp'
[2026-08-25 11:22:07Z INFO ExecutionContext] Write event payload to D:\profinansy_tests_web\actions-runner\_work\_temp\_github_workflow\event.json
[2026-08-25 11:22:07Z INFO HostContext] Well known directory 'Bin': 'D:\profinansy_tests_web\actions-runner\bin'
[2026-08-25 11:22:07Z INFO HostContext] Well known directory 'Root': 'D:\profinansy_tests_web\actions-runner'
[2026-08-25 11:22:07Z INFO HostContext] Well known directory 'Work': 'D:\profinansy_tests_web\actions-runner\_work'
[2026-08-25 11:22:07Z INFO HostContext] Well known directory 'Temp': 'D:\profinansy_tests_web\actions-runner\_work\_temp'
[2026-08-25 11:22:07Z INFO ExtensionManager] Getting extensions for interface: 'GitHub.Runner.Worker.IFileCommandExtension'
[2026-08-25 11:22:07Z INFO ActionManifestManagerLegacy] Input 'python-version-file': default value evaluate result: ""
[2026-08-25 11:22:07Z INFO ActionManifestManagerLegacy] Input 'cache': default value evaluate result: ""
[2026-08-25 11:22:07Z INFO ActionManifestManagerLegacy] Input 'architecture': default value evaluate result: ""
[2026-08-25 11:22:07Z INFO ActionManifestManagerLegacy] Input 'check-latest': default value evaluate result: {
  "type": 0,
  "file": 3,
  "line": 17,
  "col": 14,
  "lit": "false"
}
[2026-08-25 11:22:07Z INFO ActionManifestManagerLegacy] Input 'token': default value evaluate result: {
  "type": 0,
  "file": 3,
  "line": 20,
  "col": 14,
  "lit": "***"
}
[2026-08-25 11:22:07Z INFO ActionManifestManagerLegacy] Input 'cache-dependency-path': default value evaluate result: ""
[2026-08-25 11:22:07Z INFO ActionManifestManagerLegacy] Input 'update-environment': default value evaluate result: {
  "type": 0,
  "file": 3,
  "line": 25,
  "col": 14,
  "lit": "true"
}
[2026-08-25 11:22:07Z INFO ActionManifestManagerLegacy] Input 'allow-prereleases': default value evaluate result: {
  "type": 0,
  "file": 3,
  "line": 28,
  "col": 14,
  "lit": "false"
}
[2026-08-25 11:22:07Z INFO ActionManifestManagerLegacy] Input 'freethreaded': default value evaluate result: {
  "type": 0,
  "file": 3,
  "line": 31,
  "col": 14,
  "lit": "false"
}
[2026-08-25 11:22:07Z INFO ExtensionManager] Getting extensions for interface: 'GitHub.Runner.Worker.IActionCommandExtension'
[2026-08-25 11:22:07Z INFO ActionCommandManager] Register action command extension for command internal-set-repo-path
[2026-08-25 11:22:07Z INFO ActionCommandManager] Register action command extension for command set-env
[2026-08-25 11:22:07Z INFO ActionCommandManager] Register action command extension for command set-output
[2026-08-25 11:22:07Z INFO ActionCommandManager] Register action command extension for command save-state
[2026-08-25 11:22:07Z INFO ActionCommandManager] Register action command extension for command add-path
[2026-08-25 11:22:07Z INFO ActionCommandManager] Register action command extension for command add-mask
[2026-08-25 11:22:07Z INFO ActionCommandManager] Register action command extension for command add-matcher
[2026-08-25 11:22:07Z INFO ActionCommandManager] Register action command extension for command remove-matcher
[2026-08-25 11:22:07Z INFO ActionCommandManager] Register action command extension for command warning
[2026-08-25 11:22:07Z INFO ActionCommandManager] Register action command extension for command error
[2026-08-25 11:22:07Z INFO ActionCommandManager] Register action command extension for command notice
[2026-08-25 11:22:07Z INFO ActionCommandManager] Register action command extension for command debug
[2026-08-25 11:22:07Z INFO ActionCommandManager] Register action command extension for command group
[2026-08-25 11:22:07Z INFO ActionCommandManager] Register action command extension for command endgroup
[2026-08-25 11:22:07Z INFO ActionCommandManager] Register action command extension for command echo
[2026-08-25 11:22:07Z INFO HostContext] Well known directory 'Bin': 'D:\profinansy_tests_web\actions-runner\bin'
[2026-08-25 11:22:07Z INFO HostContext] Well known directory 'Root': 'D:\profinansy_tests_web\actions-runner'
[2026-08-25 11:22:07Z INFO HostContext] Well known directory 'Externals': 'D:\profinansy_tests_web\actions-runner\externals'
[2026-08-25 11:22:07Z INFO ProcessInvokerWrapper] Starting process:
[2026-08-25 11:22:07Z INFO ProcessInvokerWrapper]   File name: 'D:\profinansy_tests_web\actions-runner\externals\node24\bin\node.exe'
[2026-08-25 11:22:07Z INFO ProcessInvokerWrapper]   Arguments: '"D:\profinansy_tests_web\actions-runner\_work\_actions\actions\setup-python\v5\dist/setup/index.js"'
[2026-08-25 11:22:07Z INFO ProcessInvokerWrapper]   Working directory: 'D:\profinansy_tests_web\actions-runner\_work\profinansyweb\profinansyweb'
[2026-08-25 11:22:07Z INFO ProcessInvokerWrapper]   Require exit code zero: 'False'
[2026-08-25 11:22:07Z INFO ProcessInvokerWrapper]   Encoding web name: utf-8 ; code page: '65001'
[2026-08-25 11:22:07Z INFO ProcessInvokerWrapper]   Force kill process on cancellation: 'False'
[2026-08-25 11:22:07Z INFO ProcessInvokerWrapper]   Redirected STDIN: 'False'
[2026-08-25 11:22:07Z INFO ProcessInvokerWrapper]   Persist current code page: 'True'
[2026-08-25 11:22:07Z INFO ProcessInvokerWrapper]   Keep redirected STDIN open: 'False'
[2026-08-25 11:22:07Z INFO ProcessInvokerWrapper]   High priority process: 'False'
[2026-08-25 11:22:07Z INFO JobServerQueue] Try to append 1 batches web console lines for record 'da1d53af-f658-47e4-8c57-510a3d3fe9a9', success rate: 1/1.
[2026-08-25 11:22:07Z INFO JobServerQueue] Try to append 1 batches web console lines for record '7b5ee31b-5282-4ecc-ad56-d9ae8ae5cd97', success rate: 1/1.
[2026-08-25 11:22:08Z INFO JobServerQueue] Got a step log file to send to results service.
[2026-08-25 11:22:08Z INFO JobServerQueue] Starting upload of step log file to results service ResultsLog, D:\profinansy_tests_web\actions-runner\_diag\blocks\a51e986b-e0b1-4a6b-af94-0e04fe3a00a4_da1d53af-f658-47e4-8c57-510a3d3fe9a9.1
[2026-08-25 11:22:08Z INFO ProcessInvokerWrapper] Process started with process id 29704, waiting for process exit.
[2026-08-25 11:22:08Z INFO JobServerQueue] Try to upload 1 log files or attachments, success rate: 1/1.
[2026-08-25 11:22:08Z INFO ProcessInvokerWrapper] STDOUT/STDERR stream read finished.
[2026-08-25 11:22:08Z INFO ProcessInvokerWrapper] STDOUT/STDERR stream read finished.
[2026-08-25 11:22:08Z INFO ProcessInvokerWrapper] Finished process 29704 with exit code 0, and elapsed time 00:00:00.4602646.
[2026-08-25 11:22:08Z INFO CreateStepSummaryCommand] Step Summary file (D:\profinansy_tests_web\actions-runner\_work\_temp\_runner_file_commands\step_summary_38c5545b-d996-4ff0-bad4-f6d66e2666ab) is empty; skipping attachment upload
[2026-08-25 11:22:08Z INFO StepsRunner] Step result: 
[2026-08-25 11:22:08Z INFO ExecutionContext] Publish step telemetry for current step {
  "action": "actions/setup-python",
  "ref": "v5",
  "type": "node24",
  "stage": "Main",
  "stepId": "7b5ee31b-5282-4ecc-ad56-d9ae8ae5cd97",
  "stepContextName": "__actions_setup-python",
  "hasPreStep": false,
  "hasPostStep": true,
  "result": "succeeded",
  "errorMessages": [],
  "executionTimeInSeconds": 1,
  "startTime": "2026-08-25T11:22:07.7753953Z",
  "finishTime": "2026-08-25T11:22:08.2669052Z"
}.
[2026-08-25 11:22:08Z INFO StepsRunner] No need for updating job result with current step result 'Succeeded'.
[2026-08-25 11:22:08Z INFO StepsRunner] Current state: job state = ''
[2026-08-25 11:22:08Z INFO StepsRunner] Processing step: DisplayName='Установка зависимостей'
[2026-08-25 11:22:08Z INFO StepsRunner] Evaluating: success()
[2026-08-25 11:22:08Z INFO StepsRunner] Result: true
[2026-08-25 11:22:08Z INFO StepsRunner] Starting the step.
[2026-08-25 11:22:08Z INFO HostContext] Well known directory 'Bin': 'D:\profinansy_tests_web\actions-runner\bin'
[2026-08-25 11:22:08Z INFO HostContext] Well known directory 'Root': 'D:\profinansy_tests_web\actions-runner'
[2026-08-25 11:22:08Z INFO HostContext] Well known directory 'Work': 'D:\profinansy_tests_web\actions-runner\_work'
[2026-08-25 11:22:08Z INFO StepsRunner] Which2: 'chcp'
[2026-08-25 11:22:08Z INFO StepsRunner] Location: 'C:\Windows\system32\chcp.COM'
[2026-08-25 11:22:08Z INFO ProcessInvokerWrapper] Starting process:
[2026-08-25 11:22:08Z INFO ProcessInvokerWrapper]   File name: 'C:\Windows\system32\chcp.COM'
[2026-08-25 11:22:08Z INFO ProcessInvokerWrapper]   Arguments: '65001'
[2026-08-25 11:22:08Z INFO ProcessInvokerWrapper]   Working directory: 'D:\profinansy_tests_web\actions-runner\_work'
[2026-08-25 11:22:08Z INFO ProcessInvokerWrapper]   Require exit code zero: 'False'
[2026-08-25 11:22:08Z INFO ProcessInvokerWrapper]   Encoding web name:  ; code page: ''
[2026-08-25 11:22:08Z INFO ProcessInvokerWrapper]   Force kill process on cancellation: 'False'
[2026-08-25 11:22:08Z INFO ProcessInvokerWrapper]   Redirected STDIN: 'False'
[2026-08-25 11:22:08Z INFO ProcessInvokerWrapper]   Persist current code page: 'True'
[2026-08-25 11:22:08Z INFO ProcessInvokerWrapper]   Keep redirected STDIN open: 'False'
[2026-08-25 11:22:08Z INFO ProcessInvokerWrapper]   High priority process: 'False'
[2026-08-25 11:22:08Z INFO ProcessInvokerWrapper] Process started with process id 16100, waiting for process exit.
[2026-08-25 11:22:08Z INFO ProcessInvokerWrapper] STDOUT/STDERR stream read finished.
[2026-08-25 11:22:08Z INFO ProcessInvokerWrapper] STDOUT/STDERR stream read finished.
[2026-08-25 11:22:08Z INFO ProcessInvokerWrapper] Finished process 16100 with exit code 0, and elapsed time 00:00:00.0112294.
[2026-08-25 11:22:08Z INFO StepsRunner] Successfully returned to code page 65001 (UTF8)
[2026-08-25 11:22:08Z INFO HostContext] Well known directory 'Bin': 'D:\profinansy_tests_web\actions-runner\bin'
[2026-08-25 11:22:08Z INFO HostContext] Well known directory 'Root': 'D:\profinansy_tests_web\actions-runner'
[2026-08-25 11:22:08Z INFO HostContext] Well known directory 'Work': 'D:\profinansy_tests_web\actions-runner\_work'
[2026-08-25 11:22:08Z INFO HostContext] Well known directory 'Temp': 'D:\profinansy_tests_web\actions-runner\_work\_temp'
[2026-08-25 11:22:08Z INFO ExecutionContext] Write event payload to D:\profinansy_tests_web\actions-runner\_work\_temp\_github_workflow\event.json
[2026-08-25 11:22:08Z INFO HostContext] Well known directory 'Bin': 'D:\profinansy_tests_web\actions-runner\bin'
[2026-08-25 11:22:08Z INFO HostContext] Well known directory 'Root': 'D:\profinansy_tests_web\actions-runner'
[2026-08-25 11:22:08Z INFO HostContext] Well known directory 'Work': 'D:\profinansy_tests_web\actions-runner\_work'
[2026-08-25 11:22:08Z INFO HostContext] Well known directory 'Temp': 'D:\profinansy_tests_web\actions-runner\_work\_temp'
[2026-08-25 11:22:08Z INFO ExtensionManager] Getting extensions for interface: 'GitHub.Runner.Worker.IFileCommandExtension'
[2026-08-25 11:22:08Z INFO ExtensionManager] Getting extensions for interface: 'GitHub.Runner.Worker.IActionCommandExtension'
[2026-08-25 11:22:08Z INFO ActionCommandManager] Register action command extension for command internal-set-repo-path
[2026-08-25 11:22:08Z INFO ActionCommandManager] Register action command extension for command set-env
[2026-08-25 11:22:08Z INFO ActionCommandManager] Register action command extension for command set-output
[2026-08-25 11:22:08Z INFO ActionCommandManager] Register action command extension for command save-state
[2026-08-25 11:22:08Z INFO ActionCommandManager] Register action command extension for command add-path
[2026-08-25 11:22:08Z INFO ActionCommandManager] Register action command extension for command add-mask
[2026-08-25 11:22:08Z INFO ActionCommandManager] Register action command extension for command add-matcher
[2026-08-25 11:22:08Z INFO ActionCommandManager] Register action command extension for command remove-matcher
[2026-08-25 11:22:08Z INFO ActionCommandManager] Register action command extension for command warning
[2026-08-25 11:22:08Z INFO ActionCommandManager] Register action command extension for command error
[2026-08-25 11:22:08Z INFO ActionCommandManager] Register action command extension for command notice
[2026-08-25 11:22:08Z INFO ActionCommandManager] Register action command extension for command debug
[2026-08-25 11:22:08Z INFO ActionCommandManager] Register action command extension for command group
[2026-08-25 11:22:08Z INFO ActionCommandManager] Register action command extension for command endgroup
[2026-08-25 11:22:08Z INFO ActionCommandManager] Register action command extension for command echo
[2026-08-25 11:22:08Z INFO ScriptHandler] Which2: 'pwsh'
[2026-08-25 11:22:08Z INFO ScriptHandler] pwsh: command not found. Make sure 'pwsh' is installed and its location included in the 'Path' environment variable.
[2026-08-25 11:22:08Z INFO ScriptHandler] Defaulting to powershell
[2026-08-25 11:22:08Z INFO ScriptHandler] Which2: 'powershell'
[2026-08-25 11:22:08Z INFO ScriptHandler] Location: 'C:\Windows\System32\WindowsPowerShell\v1.0\powershell.EXE'
[2026-08-25 11:22:08Z INFO HostContext] Well known directory 'Bin': 'D:\profinansy_tests_web\actions-runner\bin'
[2026-08-25 11:22:08Z INFO HostContext] Well known directory 'Root': 'D:\profinansy_tests_web\actions-runner'
[2026-08-25 11:22:08Z INFO HostContext] Well known directory 'Work': 'D:\profinansy_tests_web\actions-runner\_work'
[2026-08-25 11:22:08Z INFO HostContext] Well known directory 'Temp': 'D:\profinansy_tests_web\actions-runner\_work\_temp'
[2026-08-25 11:22:08Z INFO ScriptHandler] Which2: 'pwsh'
[2026-08-25 11:22:08Z INFO ScriptHandler] pwsh: command not found. Make sure 'pwsh' is installed and its location included in the 'Path' environment variable.
[2026-08-25 11:22:08Z INFO ScriptHandler] Defaulting to powershell
[2026-08-25 11:22:08Z INFO ScriptHandler] Which2: 'powershell'
[2026-08-25 11:22:08Z INFO ScriptHandler] Location: 'C:\Windows\System32\WindowsPowerShell\v1.0\powershell.EXE'
[2026-08-25 11:22:08Z INFO ProcessInvokerWrapper] Starting process:
[2026-08-25 11:22:08Z INFO ProcessInvokerWrapper]   File name: 'C:\Windows\System32\WindowsPowerShell\v1.0\powershell.EXE'
[2026-08-25 11:22:08Z INFO ProcessInvokerWrapper]   Arguments: '-command ". 'D:\profinansy_tests_web\actions-runner\_work\_temp\ef0852f4-1b68-4251-8d69-4086e497f4ac.ps1'"'
[2026-08-25 11:22:08Z INFO ProcessInvokerWrapper]   Working directory: 'D:\profinansy_tests_web\actions-runner\_work\profinansyweb\profinansyweb'
[2026-08-25 11:22:08Z INFO ProcessInvokerWrapper]   Require exit code zero: 'False'
[2026-08-25 11:22:08Z INFO ProcessInvokerWrapper]   Encoding web name:  ; code page: ''
[2026-08-25 11:22:08Z INFO ProcessInvokerWrapper]   Force kill process on cancellation: 'False'
[2026-08-25 11:22:08Z INFO ProcessInvokerWrapper]   Redirected STDIN: 'False'
[2026-08-25 11:22:08Z INFO ProcessInvokerWrapper]   Persist current code page: 'True'
[2026-08-25 11:22:08Z INFO ProcessInvokerWrapper]   Keep redirected STDIN open: 'False'
[2026-08-25 11:22:08Z INFO ProcessInvokerWrapper]   High priority process: 'False'
[2026-08-25 11:22:08Z INFO JobServerQueue] Try to append 1 batches web console lines for record '7b5ee31b-5282-4ecc-ad56-d9ae8ae5cd97', success rate: 1/1.
[2026-08-25 11:22:08Z INFO JobServerQueue] Try to append 1 batches web console lines for record 'd58f10b7-4821-47d3-ac63-0e66e8b3041a', success rate: 1/1.
[2026-08-25 11:22:08Z INFO ProcessInvokerWrapper] Process started with process id 30664, waiting for process exit.
[2026-08-25 11:22:08Z INFO JobServerQueue] Tried to upload 1 file(s) to results, success rate: 1/1.
[2026-08-25 11:22:08Z INFO JobServerQueue] Try to append 1 batches web console lines for record 'd58f10b7-4821-47d3-ac63-0e66e8b3041a', success rate: 1/1.
[2026-08-25 11:22:08Z INFO ProcessInvokerWrapper] STDOUT/STDERR stream read finished.
[2026-08-25 11:22:08Z INFO ProcessInvokerWrapper] STDOUT/STDERR stream read finished.
[2026-08-25 11:22:08Z INFO ProcessInvokerWrapper] Finished process 30664 with exit code 1, and elapsed time 00:00:00.6235247.
[2026-08-25 11:22:08Z INFO CreateStepSummaryCommand] Step Summary file (D:\profinansy_tests_web\actions-runner\_work\_temp\_runner_file_commands\step_summary_1a0b86f5-770b-4785-b044-6952b99dbb9a) is empty; skipping attachment upload
[2026-08-25 11:22:08Z INFO StepsRunner] Step result: Failed
[2026-08-25 11:22:08Z INFO ExecutionContext] Publish step telemetry for current step {
  "action": "powershell",
  "type": "run",
  "stage": "Main",
  "stepId": "d58f10b7-4821-47d3-ac63-0e66e8b3041a",
  "stepContextName": "__run",
  "result": "failed",
  "errorMessages": [
    "Process completed with exit code 1."
  ],
  "executionTimeInSeconds": 1,
  "startTime": "2026-08-25T11:22:08.2680102Z",
  "finishTime": "2026-08-25T11:22:08.9607649Z"
}.
[2026-08-25 11:22:08Z INFO StepsRunner] Update job result with current step result 'Failed'.
[2026-08-25 11:22:08Z INFO StepsRunner] Current state: job state = 'Failed'
[2026-08-25 11:22:08Z INFO StepsRunner] Processing step: DisplayName='Запуск тестов через Pytest (Параллельно на 2 стендах)'
[2026-08-25 11:22:08Z INFO StepsRunner] Evaluating: success()
[2026-08-25 11:22:08Z INFO StepsRunner] Result: false
[2026-08-25 11:22:08Z INFO StepsRunner] Skipping step due to condition evaluation.
[2026-08-25 11:22:08Z INFO StepsRunner] No need for updating job result with current step result 'Skipped'.
[2026-08-25 11:22:08Z INFO StepsRunner] Current state: job state = 'Failed'
[2026-08-25 11:22:08Z INFO StepsRunner] Processing step: DisplayName='Генерация отчета Allure'
[2026-08-25 11:22:08Z INFO StepsRunner] Evaluating: always()
[2026-08-25 11:22:08Z INFO StepsRunner] Result: true
[2026-08-25 11:22:08Z INFO StepsRunner] Starting the step.
[2026-08-25 11:22:08Z INFO HostContext] Well known directory 'Bin': 'D:\profinansy_tests_web\actions-runner\bin'
[2026-08-25 11:22:08Z INFO HostContext] Well known directory 'Root': 'D:\profinansy_tests_web\actions-runner'
[2026-08-25 11:22:08Z INFO HostContext] Well known directory 'Work': 'D:\profinansy_tests_web\actions-runner\_work'
[2026-08-25 11:22:08Z INFO StepsRunner] Which2: 'chcp'
[2026-08-25 11:22:08Z INFO StepsRunner] Location: 'C:\Windows\system32\chcp.COM'
[2026-08-25 11:22:08Z INFO ProcessInvokerWrapper] Starting process:
[2026-08-25 11:22:08Z INFO ProcessInvokerWrapper]   File name: 'C:\Windows\system32\chcp.COM'
[2026-08-25 11:22:08Z INFO ProcessInvokerWrapper]   Arguments: '65001'
[2026-08-25 11:22:08Z INFO ProcessInvokerWrapper]   Working directory: 'D:\profinansy_tests_web\actions-runner\_work'
[2026-08-25 11:22:08Z INFO ProcessInvokerWrapper]   Require exit code zero: 'False'
[2026-08-25 11:22:08Z INFO ProcessInvokerWrapper]   Encoding web name:  ; code page: ''
[2026-08-25 11:22:08Z INFO ProcessInvokerWrapper]   Force kill process on cancellation: 'False'
[2026-08-25 11:22:08Z INFO ProcessInvokerWrapper]   Redirected STDIN: 'False'
[2026-08-25 11:22:08Z INFO ProcessInvokerWrapper]   Persist current code page: 'True'
[2026-08-25 11:22:08Z INFO ProcessInvokerWrapper]   Keep redirected STDIN open: 'False'
[2026-08-25 11:22:08Z INFO ProcessInvokerWrapper]   High priority process: 'False'
[2026-08-25 11:22:08Z INFO ProcessInvokerWrapper] Process started with process id 28584, waiting for process exit.
[2026-08-25 11:22:08Z INFO ProcessInvokerWrapper] STDOUT/STDERR stream read finished.
[2026-08-25 11:22:08Z INFO ProcessInvokerWrapper] STDOUT/STDERR stream read finished.
[2026-08-25 11:22:08Z INFO ProcessInvokerWrapper] Finished process 28584 with exit code 0, and elapsed time 00:00:00.0116989.
[2026-08-25 11:22:08Z INFO StepsRunner] Successfully returned to code page 65001 (UTF8)
[2026-08-25 11:22:08Z INFO HostContext] Well known directory 'Bin': 'D:\profinansy_tests_web\actions-runner\bin'
[2026-08-25 11:22:08Z INFO HostContext] Well known directory 'Root': 'D:\profinansy_tests_web\actions-runner'
[2026-08-25 11:22:08Z INFO HostContext] Well known directory 'Work': 'D:\profinansy_tests_web\actions-runner\_work'
[2026-08-25 11:22:08Z INFO HostContext] Well known directory 'Actions': 'D:\profinansy_tests_web\actions-runner\_work\_actions'
[2026-08-25 11:22:08Z INFO ActionManager] Load action that reference repository from 'D:\profinansy_tests_web\actions-runner\_work\_actions\simple-elf\allure-report-action\master'
[2026-08-25 11:22:08Z INFO HostContext] Well known directory 'Bin': 'D:\profinansy_tests_web\actions-runner\bin'
[2026-08-25 11:22:08Z INFO HostContext] Well known directory 'Root': 'D:\profinansy_tests_web\actions-runner'
[2026-08-25 11:22:08Z INFO HostContext] Well known directory 'Work': 'D:\profinansy_tests_web\actions-runner\_work'
[2026-08-25 11:22:08Z INFO HostContext] Well known directory 'Actions': 'D:\profinansy_tests_web\actions-runner\_work\_actions'
[2026-08-25 11:22:08Z INFO ActionManifestManagerLegacy] Ignore action property author.
[2026-08-25 11:22:08Z INFO ActionManifestManagerLegacy] Ignore action property branding.
[2026-08-25 11:22:08Z INFO ActionManifestManagerLegacy] Loaded action.yml file: {
  "name": "Allure Report with history",
  "description": "Generate Allure Report with history",
  "inputs": {
    "type": 2,
    "map": [
      {
        "key": {
          "type": 0,
          "file": 4,
          "line": 8,
          "col": 3,
          "lit": "allure_results"
        },
        "value": {
          "type": 0,
          "file": 4,
          "line": 11,
          "col": 14,
          "lit": "allure-results"
        }
      },
      {
        "key": {
          "type": 0,
          "file": 4,
          "line": 12,
          "col": 3,
          "lit": "allure_report"
        },
        "value": {
          "type": 0,
          "file": 4,
          "line": 15,
          "col": 14,
          "lit": "allure-report"
        }
      },
      {
        "key": {
          "type": 0,
          "file": 4,
          "line": 16,
          "col": 3,
          "lit": "gh_pages"
        },
        "value": {
          "type": 0,
          "file": 4,
          "line": 19,
          "col": 14,
          "lit": "gh-pages"
        }
      },
      {
        "key": {
          "type": 0,
          "file": 4,
          "line": 20,
          "col": 3,
          "lit": "allure_history"
        },
        "value": {
          "type": 0,
          "file": 4,
          "line": 23,
          "col": 14,
          "lit": "allure-history"
        }
      },
      {
        "key": {
          "type": 0,
          "file": 4,
          "line": 24,
          "col": 3,
          "lit": "subfolder"
        },
        "value": {
          "type": 0,
          "file": 4,
          "line": 27,
          "col": 14,
          "lit": ""
        }
      },
      {
        "key": {
          "type": 0,
          "file": 4,
          "line": 28,
          "col": 3,
          "lit": "keep_reports"
        },
        "value": {
          "type": 0,
          "file": 4,
          "line": 31,
          "col": 14,
          "lit": "20"
        }
      },
      {
        "key": {
          "type": 0,
          "file": 4,
          "line": 32,
          "col": 3,
          "lit": "github_run_num"
        },
        "value": {
          "type": 3,
          "file": 4,
          "line": 35,
          "col": 14,
          "expr": "github.run_number"
        }
      },
      {
        "key": {
          "type": 0,
          "file": 4,
          "line": 36,
          "col": 3,
          "lit": "github_run_id"
        },
        "value": {
          "type": 3,
          "file": 4,
          "line": 39,
          "col": 14,
          "expr": "github.run_id"
        }
      },
      {
        "key": {
          "type": 0,
          "file": 4,
          "line": 40,
          "col": 3,
          "lit": "github_repo"
        },
        "value": {
          "type": 3,
          "file": 4,
          "line": 43,
          "col": 14,
          "expr": "github.repository"
        }
      },
      {
        "key": {
          "type": 0,
          "file": 4,
          "line": 44,
          "col": 3,
          "lit": "github_repo_owner"
        },
        "value": {
          "type": 3,
          "file": 4,
          "line": 47,
          "col": 14,
          "expr": "github.repository_owner"
        }
      },
      {
        "key": {
          "type": 0,
          "file": 4,
          "line": 48,
          "col": 3,
          "lit": "github_tests_repo"
        },
        "value": {
          "type": 3,
          "file": 4,
          "line": 51,
          "col": 14,
          "expr": "github.repository"
        }
      },
      {
        "key": {
          "type": 0,
          "file": 4,
          "line": 52,
          "col": 3,
          "lit": "report_url"
        },
        "value": {
          "type": 0,
          "file": 4,
          "line": 55,
          "col": 14,
          "lit": ""
        }
      },
      {
        "key": {
          "type": 0,
          "file": 4,
          "line": 56,
          "col": 3,
          "lit": "github_server_url"
        },
        "value": {
          "type": 3,
          "file": 4,
          "line": 59,
          "col": 14,
          "expr": "github.server_url"
        }
      },
      {
        "key": {
          "type": 0,
          "file": 4,
          "line": 60,
          "col": 3,
          "lit": "report_name"
        },
        "value": ""
      }
    ]
  },
  "execution": {
    "executionType": "container",
    "hasPre": false,
    "hasPost": false,
    "image": "Dockerfile",
    "entryPoint": null,
    "arguments": null,
    "environment": null,
    "pre": null,
    "post": null,
    "cleanupCondition": "always()",
    "initCondition": "always()"
  },
  "deprecated": null
}
[2026-08-25 11:22:08Z INFO ActionManager] Action container Dockerfile/image: Dockerfile.
[2026-08-25 11:22:08Z INFO HostContext] Well known directory 'Bin': 'D:\profinansy_tests_web\actions-runner\bin'
[2026-08-25 11:22:08Z INFO HostContext] Well known directory 'Root': 'D:\profinansy_tests_web\actions-runner'
[2026-08-25 11:22:08Z INFO HostContext] Well known directory 'Work': 'D:\profinansy_tests_web\actions-runner\_work'
[2026-08-25 11:22:08Z INFO HostContext] Well known directory 'Temp': 'D:\profinansy_tests_web\actions-runner\_work\_temp'
[2026-08-25 11:22:08Z INFO ExecutionContext] Write event payload to D:\profinansy_tests_web\actions-runner\_work\_temp\_github_workflow\event.json
[2026-08-25 11:22:08Z INFO HostContext] Well known directory 'Bin': 'D:\profinansy_tests_web\actions-runner\bin'
[2026-08-25 11:22:08Z INFO HostContext] Well known directory 'Root': 'D:\profinansy_tests_web\actions-runner'
[2026-08-25 11:22:08Z INFO HostContext] Well known directory 'Work': 'D:\profinansy_tests_web\actions-runner\_work'
[2026-08-25 11:22:08Z INFO HostContext] Well known directory 'Temp': 'D:\profinansy_tests_web\actions-runner\_work\_temp'
[2026-08-25 11:22:08Z INFO ExtensionManager] Getting extensions for interface: 'GitHub.Runner.Worker.IFileCommandExtension'
[2026-08-25 11:22:09Z INFO ActionManifestManagerLegacy] Input 'subfolder': default value evaluate result: {
  "type": 0,
  "file": 4,
  "line": 27,
  "col": 14,
  "lit": ""
}
[2026-08-25 11:22:09Z INFO ActionManifestManagerLegacy] Input 'keep_reports': default value evaluate result: {
  "type": 0,
  "file": 4,
  "line": 31,
  "col": 14,
  "lit": "20"
}
[2026-08-25 11:22:09Z INFO ActionManifestManagerLegacy] Input 'github_run_num': default value evaluate result: {
  "type": 0,
  "file": 4,
  "line": 35,
  "col": 14,
  "lit": "27"
}
[2026-08-25 11:22:09Z INFO ActionManifestManagerLegacy] Input 'github_run_id': default value evaluate result: {
  "type": 0,
  "file": 4,
  "line": 39,
  "col": 14,
  "lit": "32841996239"
}
[2026-08-25 11:22:09Z INFO ActionManifestManagerLegacy] Input 'github_repo': default value evaluate result: {
  "type": 0,
  "file": 4,
  "line": 43,
  "col": 14,
  "lit": "Anna-Shirokaya/profinansyweb"
}
[2026-08-25 11:22:09Z INFO ActionManifestManagerLegacy] Input 'github_repo_owner': default value evaluate result: {
  "type": 0,
  "file": 4,
  "line": 47,
  "col": 14,
  "lit": "Anna-Shirokaya"
}
[2026-08-25 11:22:09Z INFO ActionManifestManagerLegacy] Input 'github_tests_repo': default value evaluate result: {
  "type": 0,
  "file": 4,
  "line": 51,
  "col": 14,
  "lit": "Anna-Shirokaya/profinansyweb"
}
[2026-08-25 11:22:09Z INFO ActionManifestManagerLegacy] Input 'report_url': default value evaluate result: {
  "type": 0,
  "file": 4,
  "line": 55,
  "col": 14,
  "lit": ""
}
[2026-08-25 11:22:09Z INFO ActionManifestManagerLegacy] Input 'github_server_url': default value evaluate result: {
  "type": 0,
  "file": 4,
  "line": 59,
  "col": 14,
  "lit": "https://github.com"
}
[2026-08-25 11:22:09Z INFO ActionManifestManagerLegacy] Input 'report_name': default value evaluate result: ""
[2026-08-25 11:22:09Z INFO ExtensionManager] Getting extensions for interface: 'GitHub.Runner.Worker.IActionCommandExtension'
[2026-08-25 11:22:09Z INFO ActionCommandManager] Register action command extension for command internal-set-repo-path
[2026-08-25 11:22:09Z INFO ActionCommandManager] Register action command extension for command set-env
[2026-08-25 11:22:09Z INFO ActionCommandManager] Register action command extension for command set-output
[2026-08-25 11:22:09Z INFO ActionCommandManager] Register action command extension for command save-state
[2026-08-25 11:22:09Z INFO ActionCommandManager] Register action command extension for command add-path
[2026-08-25 11:22:09Z INFO ActionCommandManager] Register action command extension for command add-mask
[2026-08-25 11:22:09Z INFO ActionCommandManager] Register action command extension for command add-matcher
[2026-08-25 11:22:09Z INFO ActionCommandManager] Register action command extension for command remove-matcher
[2026-08-25 11:22:09Z INFO ActionCommandManager] Register action command extension for command warning
[2026-08-25 11:22:09Z INFO ActionCommandManager] Register action command extension for command error
[2026-08-25 11:22:09Z INFO ActionCommandManager] Register action command extension for command notice
[2026-08-25 11:22:09Z INFO ActionCommandManager] Register action command extension for command debug
[2026-08-25 11:22:09Z INFO ActionCommandManager] Register action command extension for command group
[2026-08-25 11:22:09Z INFO ActionCommandManager] Register action command extension for command endgroup
[2026-08-25 11:22:09Z INFO ActionCommandManager] Register action command extension for command echo
[2026-08-25 11:22:09Z INFO CreateStepSummaryCommand] Step Summary file (D:\profinansy_tests_web\actions-runner\_work\_temp\_runner_file_commands\step_summary_7a8424b8-13cb-40d0-b2ce-44e6c76d9f22) is empty; skipping attachment upload
[2026-08-25 11:22:09Z ERR  StepsRunner] Caught exception from step: System.NotSupportedException: Container action is only supported on Linux
   at GitHub.Runner.Worker.Handlers.ContainerActionHandler.RunAsync(ActionRunStage stage)
   at GitHub.Runner.Worker.ActionRunner.RunAsync()
   at GitHub.Runner.Worker.StepsRunner.RunStepAsync(IStep step, CancellationToken jobCancellationToken)
[2026-08-25 11:22:09Z INFO StepsRunner] Step result: Failed
[2026-08-25 11:22:09Z INFO ExecutionContext] Publish step telemetry for current step {
  "action": "simple-elf/allure-report-action",
  "ref": "master",
  "type": "repository",
  "stage": "Main",
  "stepId": "c03c3264-950e-4949-b738-bc3a2107f2f2",
  "stepContextName": "__simple-elf_allure-report-action",
  "result": "failed",
  "errorMessages": [
    "Container action is only supported on Linux"
  ],
  "executionTimeInSeconds": 1,
  "startTime": "2026-08-25T11:22:08.9646085Z",
  "finishTime": "2026-08-25T11:22:09.0323142Z"
}.
[2026-08-25 11:22:09Z INFO StepsRunner] Update job result with current step result 'Failed'.
[2026-08-25 11:22:09Z INFO StepsRunner] Current state: job state = 'Failed'
[2026-08-25 11:22:09Z INFO StepsRunner] Processing step: DisplayName='Публикация отчета на GitHub Pages'
[2026-08-25 11:22:09Z INFO StepsRunner] Evaluating: always()
[2026-08-25 11:22:09Z INFO StepsRunner] Result: true
[2026-08-25 11:22:09Z INFO StepsRunner] Starting the step.
[2026-08-25 11:22:09Z INFO HostContext] Well known directory 'Bin': 'D:\profinansy_tests_web\actions-runner\bin'
[2026-08-25 11:22:09Z INFO HostContext] Well known directory 'Root': 'D:\profinansy_tests_web\actions-runner'
[2026-08-25 11:22:09Z INFO HostContext] Well known directory 'Work': 'D:\profinansy_tests_web\actions-runner\_work'
[2026-08-25 11:22:09Z INFO StepsRunner] Which2: 'chcp'
[2026-08-25 11:22:09Z INFO StepsRunner] Location: 'C:\Windows\system32\chcp.COM'
[2026-08-25 11:22:09Z INFO ProcessInvokerWrapper] Starting process:
[2026-08-25 11:22:09Z INFO ProcessInvokerWrapper]   File name: 'C:\Windows\system32\chcp.COM'
[2026-08-25 11:22:09Z INFO ProcessInvokerWrapper]   Arguments: '65001'
[2026-08-25 11:22:09Z INFO ProcessInvokerWrapper]   Working directory: 'D:\profinansy_tests_web\actions-runner\_work'
[2026-08-25 11:22:09Z INFO ProcessInvokerWrapper]   Require exit code zero: 'False'
[2026-08-25 11:22:09Z INFO ProcessInvokerWrapper]   Encoding web name:  ; code page: ''
[2026-08-25 11:22:09Z INFO ProcessInvokerWrapper]   Force kill process on cancellation: 'False'
[2026-08-25 11:22:09Z INFO ProcessInvokerWrapper]   Redirected STDIN: 'False'
[2026-08-25 11:22:09Z INFO ProcessInvokerWrapper]   Persist current code page: 'True'
[2026-08-25 11:22:09Z INFO ProcessInvokerWrapper]   Keep redirected STDIN open: 'False'
[2026-08-25 11:22:09Z INFO ProcessInvokerWrapper]   High priority process: 'False'
[2026-08-25 11:22:09Z INFO ProcessInvokerWrapper] Process started with process id 30644, waiting for process exit.
[2026-08-25 11:22:09Z INFO ProcessInvokerWrapper] STDOUT/STDERR stream read finished.
[2026-08-25 11:22:09Z INFO ProcessInvokerWrapper] STDOUT/STDERR stream read finished.
[2026-08-25 11:22:09Z INFO ProcessInvokerWrapper] Finished process 30644 with exit code 0, and elapsed time 00:00:00.0118761.
[2026-08-25 11:22:09Z INFO StepsRunner] Successfully returned to code page 65001 (UTF8)
[2026-08-25 11:22:09Z INFO HostContext] Well known directory 'Bin': 'D:\profinansy_tests_web\actions-runner\bin'
[2026-08-25 11:22:09Z INFO HostContext] Well known directory 'Root': 'D:\profinansy_tests_web\actions-runner'
[2026-08-25 11:22:09Z INFO HostContext] Well known directory 'Work': 'D:\profinansy_tests_web\actions-runner\_work'
[2026-08-25 11:22:09Z INFO HostContext] Well known directory 'Actions': 'D:\profinansy_tests_web\actions-runner\_work\_actions'
[2026-08-25 11:22:09Z INFO ActionManager] Load action that reference repository from 'D:\profinansy_tests_web\actions-runner\_work\_actions\peaceiris\actions-gh-pages\v3'
[2026-08-25 11:22:09Z INFO HostContext] Well known directory 'Bin': 'D:\profinansy_tests_web\actions-runner\bin'
[2026-08-25 11:22:09Z INFO HostContext] Well known directory 'Root': 'D:\profinansy_tests_web\actions-runner'
[2026-08-25 11:22:09Z INFO HostContext] Well known directory 'Work': 'D:\profinansy_tests_web\actions-runner\_work'
[2026-08-25 11:22:09Z INFO HostContext] Well known directory 'Actions': 'D:\profinansy_tests_web\actions-runner\_work\_actions'
[2026-08-25 11:22:09Z INFO ActionManifestManagerLegacy] Ignore action property author.
[2026-08-25 11:22:09Z INFO ActionManifestManagerLegacy] Ignore action property branding.
[2026-08-25 11:22:09Z INFO ActionManifestManagerLegacy] Loaded action.yml file: {
  "name": "GitHub Pages action",
  "description": "GitHub Actions for GitHub Pages 🚀 Deploy static files and publish your site easily. Static-Site-Generators-friendly.",
  "inputs": {
    "type": 2,
    "map": [
      {
        "key": {
          "type": 0,
          "file": 5,
          "line": 11,
          "col": 3,
          "lit": "deploy_key"
        },
        "value": ""
      },
      {
        "key": {
          "type": 0,
          "file": 5,
          "line": 14,
          "col": 3,
          "lit": "github_token"
        },
        "value": ""
      },
      {
        "key": {
          "type": 0,
          "file": 5,
          "line": 17,
          "col": 3,
          "lit": "personal_token"
        },
        "value": ""
      },
      {
        "key": {
          "type": 0,
          "file": 5,
          "line": 20,
          "col": 3,
          "lit": "publish_branch"
        },
        "value": {
          "type": 0,
          "file": 5,
          "line": 23,
          "col": 14,
          "lit": "gh-pages"
        }
      },
      {
        "key": {
          "type": 0,
          "file": 5,
          "line": 24,
          "col": 3,
          "lit": "publish_dir"
        },
        "value": {
          "type": 0,
          "file": 5,
          "line": 27,
          "col": 14,
          "lit": "public"
        }
      },
      {
        "key": {
          "type": 0,
          "file": 5,
          "line": 28,
          "col": 3,
          "lit": "destination_dir"
        },
        "value": {
          "type": 0,
          "file": 5,
          "line": 31,
          "col": 14,
          "lit": ""
        }
      },
      {
        "key": {
          "type": 0,
          "file": 5,
          "line": 32,
          "col": 3,
          "lit": "external_repository"
        },
        "value": ""
      },
      {
        "key": {
          "type": 0,
          "file": 5,
          "line": 35,
          "col": 3,
          "lit": "allow_empty_commit"
        },
        "value": {
          "type": 0,
          "file": 5,
          "line": 38,
          "col": 14,
          "lit": "false"
        }
      },
      {
        "key": {
          "type": 0,
          "file": 5,
          "line": 39,
          "col": 3,
          "lit": "keep_files"
        },
        "value": {
          "type": 0,
          "file": 5,
          "line": 42,
          "col": 14,
          "lit": "false"
        }
      },
      {
        "key": {
          "type": 0,
          "file": 5,
          "line": 43,
          "col": 3,
          "lit": "force_orphan"
        },
        "value": {
          "type": 0,
          "file": 5,
          "line": 46,
          "col": 14,
          "lit": "false"
        }
      },
      {
        "key": {
          "type": 0,
          "file": 5,
          "line": 47,
          "col": 3,
          "lit": "user_name"
        },
        "value": ""
      },
      {
        "key": {
          "type": 0,
          "file": 5,
          "line": 50,
          "col": 3,
          "lit": "user_email"
        },
        "value": ""
      },
      {
        "key": {
          "type": 0,
          "file": 5,
          "line": 53,
          "col": 3,
          "lit": "commit_message"
        },
        "value": ""
      },
      {
        "key": {
          "type": 0,
          "file": 5,
          "line": 56,
          "col": 3,
          "lit": "full_commit_message"
        },
        "value": ""
      },
      {
        "key": {
          "type": 0,
          "file": 5,
          "line": 59,
          "col": 3,
          "lit": "tag_name"
        },
        "value": ""
      },
      {
        "key": {
          "type": 0,
          "file": 5,
          "line": 62,
          "col": 3,
          "lit": "tag_message"
        },
        "value": ""
      },
      {
        "key": {
          "type": 0,
          "file": 5,
          "line": 65,
          "col": 3,
          "lit": "enable_jekyll"
        },
        "value": {
          "type": 0,
          "file": 5,
          "line": 68,
          "col": 14,
          "lit": "false"
        }
      },
      {
        "key": {
          "type": 0,
          "file": 5,
          "line": 69,
          "col": 3,
          "lit": "disable_nojekyll"
        },
        "value": {
          "type": 0,
          "file": 5,
          "line": 72,
          "col": 14,
          "lit": "false"
        }
      },
      {
        "key": {
          "type": 0,
          "file": 5,
          "line": 73,
          "col": 3,
          "lit": "cname"
        },
        "value": ""
      },
      {
        "key": {
          "type": 0,
          "file": 5,
          "line": 76,
          "col": 3,
          "lit": "exclude_assets"
        },
        "value": {
          "type": 0,
          "file": 5,
          "line": 79,
          "col": 14,
          "lit": ".github"
        }
      }
    ]
  },
  "execution": {
    "executionType": "nodeJS",
    "hasPre": false,
    "hasPost": false,
    "script": "lib/index.js",
    "pre": null,
    "post": null,
    "nodeVersion": "node16",
    "cleanupCondition": "always()",
    "initCondition": "always()"
  },
  "deprecated": null
}
[2026-08-25 11:22:09Z INFO ActionManager] Action pre node.js file: N/A.
[2026-08-25 11:22:09Z INFO ActionManager] Action node.js file: lib/index.js.
[2026-08-25 11:22:09Z INFO ActionManager] Action post node.js file: N/A.
[2026-08-25 11:22:09Z INFO HostContext] Well known directory 'Bin': 'D:\profinansy_tests_web\actions-runner\bin'
[2026-08-25 11:22:09Z INFO HostContext] Well known directory 'Root': 'D:\profinansy_tests_web\actions-runner'
[2026-08-25 11:22:09Z INFO HostContext] Well known directory 'Work': 'D:\profinansy_tests_web\actions-runner\_work'
[2026-08-25 11:22:09Z INFO HostContext] Well known directory 'Temp': 'D:\profinansy_tests_web\actions-runner\_work\_temp'
[2026-08-25 11:22:09Z INFO ExecutionContext] Write event payload to D:\profinansy_tests_web\actions-runner\_work\_temp\_github_workflow\event.json
[2026-08-25 11:22:09Z INFO HostContext] Well known directory 'Bin': 'D:\profinansy_tests_web\actions-runner\bin'
[2026-08-25 11:22:09Z INFO HostContext] Well known directory 'Root': 'D:\profinansy_tests_web\actions-runner'
[2026-08-25 11:22:09Z INFO HostContext] Well known directory 'Work': 'D:\profinansy_tests_web\actions-runner\_work'
[2026-08-25 11:22:09Z INFO HostContext] Well known directory 'Temp': 'D:\profinansy_tests_web\actions-runner\_work\_temp'
[2026-08-25 11:22:09Z INFO ExtensionManager] Getting extensions for interface: 'GitHub.Runner.Worker.IFileCommandExtension'
[2026-08-25 11:22:09Z INFO ActionManifestManagerLegacy] Input 'deploy_key': default value evaluate result: ""
[2026-08-25 11:22:09Z INFO ActionManifestManagerLegacy] Input 'personal_token': default value evaluate result: ""
[2026-08-25 11:22:09Z INFO ActionManifestManagerLegacy] Input 'destination_dir': default value evaluate result: {
  "type": 0,
  "file": 5,
  "line": 31,
  "col": 14,
  "lit": ""
}
[2026-08-25 11:22:09Z INFO ActionManifestManagerLegacy] Input 'external_repository': default value evaluate result: ""
[2026-08-25 11:22:09Z INFO ActionManifestManagerLegacy] Input 'allow_empty_commit': default value evaluate result: {
  "type": 0,
  "file": 5,
  "line": 38,
  "col": 14,
  "lit": "false"
}
[2026-08-25 11:22:09Z INFO ActionManifestManagerLegacy] Input 'keep_files': default value evaluate result: {
  "type": 0,
  "file": 5,
  "line": 42,
  "col": 14,
  "lit": "false"
}
[2026-08-25 11:22:09Z INFO ActionManifestManagerLegacy] Input 'force_orphan': default value evaluate result: {
  "type": 0,
  "file": 5,
  "line": 46,
  "col": 14,
  "lit": "false"
}
[2026-08-25 11:22:09Z INFO ActionManifestManagerLegacy] Input 'user_name': default value evaluate result: ""
[2026-08-25 11:22:09Z INFO ActionManifestManagerLegacy] Input 'user_email': default value evaluate result: ""
[2026-08-25 11:22:09Z INFO ActionManifestManagerLegacy] Input 'commit_message': default value evaluate result: ""
[2026-08-25 11:22:09Z INFO ActionManifestManagerLegacy] Input 'full_commit_message': default value evaluate result: ""
[2026-08-25 11:22:09Z INFO ActionManifestManagerLegacy] Input 'tag_name': default value evaluate result: ""
[2026-08-25 11:22:09Z INFO ActionManifestManagerLegacy] Input 'tag_message': default value evaluate result: ""
[2026-08-25 11:22:09Z INFO ActionManifestManagerLegacy] Input 'enable_jekyll': default value evaluate result: {
  "type": 0,
  "file": 5,
  "line": 68,
  "col": 14,
  "lit": "false"
}
[2026-08-25 11:22:09Z INFO ActionManifestManagerLegacy] Input 'disable_nojekyll': default value evaluate result: {
  "type": 0,
  "file": 5,
  "line": 72,
  "col": 14,
  "lit": "false"
}
[2026-08-25 11:22:09Z INFO ActionManifestManagerLegacy] Input 'cname': default value evaluate result: ""
[2026-08-25 11:22:09Z INFO ActionManifestManagerLegacy] Input 'exclude_assets': default value evaluate result: {
  "type": 0,
  "file": 5,
  "line": 79,
  "col": 14,
  "lit": ".github"
}
[2026-08-25 11:22:09Z INFO ExtensionManager] Getting extensions for interface: 'GitHub.Runner.Worker.IActionCommandExtension'
[2026-08-25 11:22:09Z INFO ActionCommandManager] Register action command extension for command internal-set-repo-path
[2026-08-25 11:22:09Z INFO ActionCommandManager] Register action command extension for command set-env
[2026-08-25 11:22:09Z INFO ActionCommandManager] Register action command extension for command set-output
[2026-08-25 11:22:09Z INFO ActionCommandManager] Register action command extension for command save-state
[2026-08-25 11:22:09Z INFO ActionCommandManager] Register action command extension for command add-path
[2026-08-25 11:22:09Z INFO ActionCommandManager] Register action command extension for command add-mask
[2026-08-25 11:22:09Z INFO ActionCommandManager] Register action command extension for command add-matcher
[2026-08-25 11:22:09Z INFO ActionCommandManager] Register action command extension for command remove-matcher
[2026-08-25 11:22:09Z INFO ActionCommandManager] Register action command extension for command warning
[2026-08-25 11:22:09Z INFO ActionCommandManager] Register action command extension for command error
[2026-08-25 11:22:09Z INFO ActionCommandManager] Register action command extension for command notice
[2026-08-25 11:22:09Z INFO ActionCommandManager] Register action command extension for command debug
[2026-08-25 11:22:09Z INFO ActionCommandManager] Register action command extension for command group
[2026-08-25 11:22:09Z INFO ActionCommandManager] Register action command extension for command endgroup
[2026-08-25 11:22:09Z INFO ActionCommandManager] Register action command extension for command echo
[2026-08-25 11:22:09Z INFO HostContext] Well known directory 'Bin': 'D:\profinansy_tests_web\actions-runner\bin'
[2026-08-25 11:22:09Z INFO HostContext] Well known directory 'Root': 'D:\profinansy_tests_web\actions-runner'
[2026-08-25 11:22:09Z INFO HostContext] Well known directory 'Externals': 'D:\profinansy_tests_web\actions-runner\externals'
[2026-08-25 11:22:09Z INFO ProcessInvokerWrapper] Starting process:
[2026-08-25 11:22:09Z INFO ProcessInvokerWrapper]   File name: 'D:\profinansy_tests_web\actions-runner\externals\node24\bin\node.exe'
[2026-08-25 11:22:09Z INFO ProcessInvokerWrapper]   Arguments: '"D:\profinansy_tests_web\actions-runner\_work\_actions\peaceiris\actions-gh-pages\v3\lib/index.js"'
[2026-08-25 11:22:09Z INFO ProcessInvokerWrapper]   Working directory: 'D:\profinansy_tests_web\actions-runner\_work\profinansyweb\profinansyweb'
[2026-08-25 11:22:09Z INFO ProcessInvokerWrapper]   Require exit code zero: 'False'
[2026-08-25 11:22:09Z INFO ProcessInvokerWrapper]   Encoding web name: utf-8 ; code page: '65001'
[2026-08-25 11:22:09Z INFO ProcessInvokerWrapper]   Force kill process on cancellation: 'False'
[2026-08-25 11:22:09Z INFO ProcessInvokerWrapper]   Redirected STDIN: 'False'
[2026-08-25 11:22:09Z INFO ProcessInvokerWrapper]   Persist current code page: 'True'
[2026-08-25 11:22:09Z INFO ProcessInvokerWrapper]   Keep redirected STDIN open: 'False'
[2026-08-25 11:22:09Z INFO ProcessInvokerWrapper]   High priority process: 'False'
[2026-08-25 11:22:09Z INFO JobServerQueue] Try to upload 3 log files or attachments, success rate: 3/3.
[2026-08-25 11:22:09Z INFO JobServerQueue] Try to append 1 batches web console lines for record 'd58f10b7-4821-47d3-ac63-0e66e8b3041a', success rate: 1/1.
[2026-08-25 11:22:09Z INFO JobServerQueue] Try to append 1 batches web console lines for record 'c03c3264-950e-4949-b738-bc3a2107f2f2', success rate: 1/1.
[2026-08-25 11:22:09Z INFO JobServerQueue] Try to append 1 batches web console lines for record 'f440ccbf-4f82-4429-bcbe-dcec3fa173aa', success rate: 1/1.
[2026-08-25 11:22:09Z INFO ProcessInvokerWrapper] Process started with process id 29828, waiting for process exit.
[2026-08-25 11:22:09Z INFO JobServerQueue] Got a step log file to send to results service.
[2026-08-25 11:22:09Z INFO JobServerQueue] Starting upload of step log file to results service ResultsLog, D:\profinansy_tests_web\actions-runner\_diag\blocks\a51e986b-e0b1-4a6b-af94-0e04fe3a00a4_7b5ee31b-5282-4ecc-ad56-d9ae8ae5cd97.1
[2026-08-25 11:22:09Z INFO JobServerQueue] Try to append 1 batches web console lines for record 'f440ccbf-4f82-4429-bcbe-dcec3fa173aa', success rate: 1/1.
[2026-08-25 11:22:10Z INFO JobServerQueue] Got a step log file to send to results service.
[2026-08-25 11:22:10Z INFO JobServerQueue] Starting upload of step log file to results service ResultsLog, D:\profinansy_tests_web\actions-runner\_diag\blocks\a51e986b-e0b1-4a6b-af94-0e04fe3a00a4_d58f10b7-4821-47d3-ac63-0e66e8b3041a.1
[2026-08-25 11:22:10Z INFO JobServerQueue] Got a step log file to send to results service.
[2026-08-25 11:22:10Z INFO JobServerQueue] Starting upload of step log file to results service ResultsLog, D:\profinansy_tests_web\actions-runner\_diag\blocks\a51e986b-e0b1-4a6b-af94-0e04fe3a00a4_c03c3264-950e-4949-b738-bc3a2107f2f2.1
[2026-08-25 11:22:11Z INFO JobServerQueue] Tried to upload 3 file(s) to results, success rate: 3/3.
[2026-08-25 11:22:11Z INFO JobServerQueue] Try to append 1 batches web console lines for record 'f440ccbf-4f82-4429-bcbe-dcec3fa173aa', success rate: 1/1.
[2026-08-25 11:22:11Z INFO JobServerQueue] Try to append 1 batches web console lines for record 'f440ccbf-4f82-4429-bcbe-dcec3fa173aa', success rate: 1/1.
[2026-08-25 11:22:11Z INFO JobServerQueue] Try to append 1 batches web console lines for record 'f440ccbf-4f82-4429-bcbe-dcec3fa173aa', success rate: 1/1.
[2026-08-25 11:22:12Z INFO HostContext] Well known directory 'Bin': 'D:\profinansy_tests_web\actions-runner\bin'
[2026-08-25 11:22:12Z INFO HostContext] Well known directory 'Root': 'D:\profinansy_tests_web\actions-runner'
[2026-08-25 11:22:12Z INFO HostContext] Well known directory 'Work': 'D:\profinansy_tests_web\actions-runner\_work'
[2026-08-25 11:22:12Z INFO ProcessInvokerWrapper] STDOUT/STDERR stream read finished.
[2026-08-25 11:22:12Z INFO ProcessInvokerWrapper] STDOUT/STDERR stream read finished.
[2026-08-25 11:22:12Z INFO ProcessInvokerWrapper] Finished process 29828 with exit code 0, and elapsed time 00:00:03.6270070.
[2026-08-25 11:22:12Z INFO CreateStepSummaryCommand] Step Summary file (D:\profinansy_tests_web\actions-runner\_work\_temp\_runner_file_commands\step_summary_d7fc4120-3e4c-4e11-8de2-8600c20d03d7) is empty; skipping attachment upload
[2026-08-25 11:22:12Z INFO StepsRunner] Step result: 
[2026-08-25 11:22:12Z INFO ExecutionContext] Publish step telemetry for current step {
  "action": "peaceiris/actions-gh-pages",
  "ref": "v3",
  "type": "node24",
  "stage": "Main",
  "stepId": "f440ccbf-4f82-4429-bcbe-dcec3fa173aa",
  "stepContextName": "__peaceiris_actions-gh-pages",
  "hasPreStep": false,
  "hasPostStep": false,
  "result": "succeeded",
  "errorMessages": [],
  "executionTimeInSeconds": 4,
  "startTime": "2026-08-25T11:22:09.033594Z",
  "finishTime": "2026-08-25T11:22:12.6932321Z"
}.
[2026-08-25 11:22:12Z INFO StepsRunner] No need for updating job result with current step result 'Succeeded'.
[2026-08-25 11:22:12Z INFO StepsRunner] Current state: job state = 'Failed'
[2026-08-25 11:22:12Z INFO StepsRunner] Processing step: DisplayName='Post Настройка Python 3.12'
[2026-08-25 11:22:12Z INFO StepsRunner] Evaluating: success()
[2026-08-25 11:22:12Z INFO StepsRunner] Result: false
[2026-08-25 11:22:12Z INFO StepsRunner] Skipping step due to condition evaluation.
[2026-08-25 11:22:12Z INFO StepsRunner] No need for updating job result with current step result 'Skipped'.
[2026-08-25 11:22:12Z INFO StepsRunner] Current state: job state = 'Failed'
[2026-08-25 11:22:12Z INFO StepsRunner] Processing step: DisplayName='Post Скачивание кода из репозитория'
[2026-08-25 11:22:12Z INFO StepsRunner] Evaluating: always()
[2026-08-25 11:22:12Z INFO StepsRunner] Result: true
[2026-08-25 11:22:12Z INFO StepsRunner] Starting the step.
[2026-08-25 11:22:12Z INFO HostContext] Well known directory 'Bin': 'D:\profinansy_tests_web\actions-runner\bin'
[2026-08-25 11:22:12Z INFO HostContext] Well known directory 'Root': 'D:\profinansy_tests_web\actions-runner'
[2026-08-25 11:22:12Z INFO HostContext] Well known directory 'Work': 'D:\profinansy_tests_web\actions-runner\_work'
[2026-08-25 11:22:12Z INFO StepsRunner] Which2: 'chcp'
[2026-08-25 11:22:12Z INFO StepsRunner] Location: 'C:\Windows\system32\chcp.COM'
[2026-08-25 11:22:12Z INFO ProcessInvokerWrapper] Starting process:
[2026-08-25 11:22:12Z INFO ProcessInvokerWrapper]   File name: 'C:\Windows\system32\chcp.COM'
[2026-08-25 11:22:12Z INFO ProcessInvokerWrapper]   Arguments: '65001'
[2026-08-25 11:22:12Z INFO ProcessInvokerWrapper]   Working directory: 'D:\profinansy_tests_web\actions-runner\_work'
[2026-08-25 11:22:12Z INFO ProcessInvokerWrapper]   Require exit code zero: 'False'
[2026-08-25 11:22:12Z INFO ProcessInvokerWrapper]   Encoding web name:  ; code page: ''
[2026-08-25 11:22:12Z INFO ProcessInvokerWrapper]   Force kill process on cancellation: 'False'
[2026-08-25 11:22:12Z INFO ProcessInvokerWrapper]   Redirected STDIN: 'False'
[2026-08-25 11:22:12Z INFO ProcessInvokerWrapper]   Persist current code page: 'True'
[2026-08-25 11:22:12Z INFO ProcessInvokerWrapper]   Keep redirected STDIN open: 'False'
[2026-08-25 11:22:12Z INFO ProcessInvokerWrapper]   High priority process: 'False'
[2026-08-25 11:22:12Z INFO ProcessInvokerWrapper] Process started with process id 23164, waiting for process exit.
[2026-08-25 11:22:12Z INFO JobServerQueue] Try to append 1 batches web console lines for record 'f440ccbf-4f82-4429-bcbe-dcec3fa173aa', success rate: 1/1.
[2026-08-25 11:22:12Z INFO ProcessInvokerWrapper] STDOUT/STDERR stream read finished.
[2026-08-25 11:22:12Z INFO ProcessInvokerWrapper] STDOUT/STDERR stream read finished.
[2026-08-25 11:22:12Z INFO ProcessInvokerWrapper] Finished process 23164 with exit code 0, and elapsed time 00:00:00.0096395.
[2026-08-25 11:22:12Z INFO StepsRunner] Successfully returned to code page 65001 (UTF8)
[2026-08-25 11:22:12Z INFO HostContext] Well known directory 'Bin': 'D:\profinansy_tests_web\actions-runner\bin'
[2026-08-25 11:22:12Z INFO HostContext] Well known directory 'Root': 'D:\profinansy_tests_web\actions-runner'
[2026-08-25 11:22:12Z INFO HostContext] Well known directory 'Work': 'D:\profinansy_tests_web\actions-runner\_work'
[2026-08-25 11:22:12Z INFO HostContext] Well known directory 'Actions': 'D:\profinansy_tests_web\actions-runner\_work\_actions'
[2026-08-25 11:22:12Z INFO ActionManager] Load action that reference repository from 'D:\profinansy_tests_web\actions-runner\_work\_actions\actions\checkout\v4'
[2026-08-25 11:22:12Z INFO HostContext] Well known directory 'Bin': 'D:\profinansy_tests_web\actions-runner\bin'
[2026-08-25 11:22:12Z INFO HostContext] Well known directory 'Root': 'D:\profinansy_tests_web\actions-runner'
[2026-08-25 11:22:12Z INFO HostContext] Well known directory 'Work': 'D:\profinansy_tests_web\actions-runner\_work'
[2026-08-25 11:22:12Z INFO HostContext] Well known directory 'Actions': 'D:\profinansy_tests_web\actions-runner\_work\_actions'
[2026-08-25 11:22:12Z INFO ActionManifestManagerLegacy] Loaded action.yml file: {
  "name": "Checkout",
  "description": "Checkout a Git repository at a particular version",
  "inputs": {
    "type": 2,
    "map": [
      {
        "key": {
          "type": 0,
          "file": 2,
          "line": 4,
          "col": 3,
          "lit": "repository"
        },
        "value": {
          "type": 3,
          "file": 2,
          "line": 6,
          "col": 14,
          "expr": "github.repository"
        }
      },
      {
        "key": {
          "type": 0,
          "file": 2,
          "line": 7,
          "col": 3,
          "lit": "ref"
        },
        "value": ""
      },
      {
        "key": {
          "type": 0,
          "file": 2,
          "line": 12,
          "col": 3,
          "lit": "token"
        },
        "value": {
          "type": 3,
          "file": 2,
          "line": 24,
          "col": 14,
          "expr": "github.token"
        }
      },
      {
        "key": {
          "type": 0,
          "file": 2,
          "line": 25,
          "col": 3,
          "lit": "ssh-key"
        },
        "value": ""
      },
      {
        "key": {
          "type": 0,
          "file": 2,
          "line": 37,
          "col": 3,
          "lit": "ssh-known-hosts"
        },
        "value": ""
      },
      {
        "key": {
          "type": 0,
          "file": 2,
          "line": 42,
          "col": 3,
          "lit": "ssh-strict"
        },
        "value": {
          "type": 0,
          "file": 2,
          "line": 47,
          "col": 14,
          "lit": "true"
        }
      },
      {
        "key": {
          "type": 0,
          "file": 2,
          "line": 48,
          "col": 3,
          "lit": "ssh-user"
        },
        "value": {
          "type": 0,
          "file": 2,
          "line": 51,
          "col": 14,
          "lit": "git"
        }
      },
      {
        "key": {
          "type": 0,
          "file": 2,
          "line": 52,
          "col": 3,
          "lit": "persist-credentials"
        },
        "value": {
          "type": 0,
          "file": 2,
          "line": 54,
          "col": 14,
          "lit": "true"
        }
      },
      {
        "key": {
          "type": 0,
          "file": 2,
          "line": 55,
          "col": 3,
          "lit": "path"
        },
        "value": ""
      },
      {
        "key": {
          "type": 0,
          "file": 2,
          "line": 57,
          "col": 3,
          "lit": "clean"
        },
        "value": {
          "type": 0,
          "file": 2,
          "line": 59,
          "col": 14,
          "lit": "true"
        }
      },
      {
        "key": {
          "type": 0,
          "file": 2,
          "line": 60,
          "col": 3,
          "lit": "filter"
        },
        "value": {
          "type": 0,
          "file": 2,
          "line": 64,
          "col": 14,
          "lit": ""
        }
      },
      {
        "key": {
          "type": 0,
          "file": 2,
          "line": 65,
          "col": 3,
          "lit": "sparse-checkout"
        },
        "value": {
          "type": 0,
          "file": 2,
          "line": 69,
          "col": 14,
          "lit": ""
        }
      },
      {
        "key": {
          "type": 0,
          "file": 2,
          "line": 70,
          "col": 3,
          "lit": "sparse-checkout-cone-mode"
        },
        "value": {
          "type": 0,
          "file": 2,
          "line": 73,
          "col": 14,
          "lit": "true"
        }
      },
      {
        "key": {
          "type": 0,
          "file": 2,
          "line": 74,
          "col": 3,
          "lit": "fetch-depth"
        },
        "value": {
          "type": 0,
          "file": 2,
          "line": 76,
          "col": 14,
          "lit": "1"
        }
      },
      {
        "key": {
          "type": 0,
          "file": 2,
          "line": 77,
          "col": 3,
          "lit": "fetch-tags"
        },
        "value": {
          "type": 0,
          "file": 2,
          "line": 79,
          "col": 14,
          "lit": "false"
        }
      },
      {
        "key": {
          "type": 0,
          "file": 2,
          "line": 80,
          "col": 3,
          "lit": "show-progress"
        },
        "value": {
          "type": 0,
          "file": 2,
          "line": 82,
          "col": 14,
          "lit": "true"
        }
      },
      {
        "key": {
          "type": 0,
          "file": 2,
          "line": 83,
          "col": 3,
          "lit": "lfs"
        },
        "value": {
          "type": 0,
          "file": 2,
          "line": 85,
          "col": 14,
          "lit": "false"
        }
      },
      {
        "key": {
          "type": 0,
          "file": 2,
          "line": 86,
          "col": 3,
          "lit": "submodules"
        },
        "value": {
          "type": 0,
          "file": 2,
          "line": 94,
          "col": 14,
          "lit": "false"
        }
      },
      {
        "key": {
          "type": 0,
          "file": 2,
          "line": 95,
          "col": 3,
          "lit": "set-safe-directory"
        },
        "value": {
          "type": 0,
          "file": 2,
          "line": 97,
          "col": 14,
          "lit": "true"
        }
      },
      {
        "key": {
          "type": 0,
          "file": 2,
          "line": 98,
          "col": 3,
          "lit": "github-server-url"
        },
        "value": ""
      },
      {
        "key": {
          "type": 0,
          "file": 2,
          "line": 101,
          "col": 3,
          "lit": "allow-unsafe-pr-checkout"
        },
        "value": {
          "type": 0,
          "file": 2,
          "line": 109,
          "col": 14,
          "lit": "false"
        }
      }
    ]
  },
  "execution": {
    "executionType": "nodeJS",
    "hasPre": false,
    "hasPost": true,
    "script": "dist/index.js",
    "pre": null,
    "post": "dist/index.js",
    "nodeVersion": "node20",
    "cleanupCondition": "always()",
    "initCondition": "always()"
  },
  "deprecated": null
}
[2026-08-25 11:22:12Z INFO ActionManager] Action pre node.js file: N/A.
[2026-08-25 11:22:12Z INFO ActionManager] Action node.js file: dist/index.js.
[2026-08-25 11:22:12Z INFO ActionManager] Action post node.js file: dist/index.js.
[2026-08-25 11:22:12Z INFO HostContext] Well known directory 'Bin': 'D:\profinansy_tests_web\actions-runner\bin'
[2026-08-25 11:22:12Z INFO HostContext] Well known directory 'Root': 'D:\profinansy_tests_web\actions-runner'
[2026-08-25 11:22:12Z INFO HostContext] Well known directory 'Work': 'D:\profinansy_tests_web\actions-runner\_work'
[2026-08-25 11:22:12Z INFO HostContext] Well known directory 'Temp': 'D:\profinansy_tests_web\actions-runner\_work\_temp'
[2026-08-25 11:22:12Z INFO ExecutionContext] Write event payload to D:\profinansy_tests_web\actions-runner\_work\_temp\_github_workflow\event.json
[2026-08-25 11:22:12Z INFO HostContext] Well known directory 'Bin': 'D:\profinansy_tests_web\actions-runner\bin'
[2026-08-25 11:22:12Z INFO HostContext] Well known directory 'Root': 'D:\profinansy_tests_web\actions-runner'
[2026-08-25 11:22:12Z INFO HostContext] Well known directory 'Work': 'D:\profinansy_tests_web\actions-runner\_work'
[2026-08-25 11:22:12Z INFO HostContext] Well known directory 'Temp': 'D:\profinansy_tests_web\actions-runner\_work\_temp'
[2026-08-25 11:22:12Z INFO ExtensionManager] Getting extensions for interface: 'GitHub.Runner.Worker.IFileCommandExtension'
[2026-08-25 11:22:12Z INFO ActionManifestManagerLegacy] Input 'repository': default value evaluate result: {
  "type": 0,
  "file": 2,
  "line": 6,
  "col": 14,
  "lit": "Anna-Shirokaya/profinansyweb"
}
[2026-08-25 11:22:12Z INFO ActionManifestManagerLegacy] Input 'ref': default value evaluate result: ""
[2026-08-25 11:22:12Z INFO ActionManifestManagerLegacy] Input 'token': default value evaluate result: {
  "type": 0,
  "file": 2,
  "line": 24,
  "col": 14,
  "lit": "***"
}
[2026-08-25 11:22:12Z INFO ActionManifestManagerLegacy] Input 'ssh-key': default value evaluate result: ""
[2026-08-25 11:22:12Z INFO ActionManifestManagerLegacy] Input 'ssh-known-hosts': default value evaluate result: ""
[2026-08-25 11:22:12Z INFO ActionManifestManagerLegacy] Input 'ssh-strict': default value evaluate result: {
  "type": 0,
  "file": 2,
  "line": 47,
  "col": 14,
  "lit": "true"
}
[2026-08-25 11:22:12Z INFO ActionManifestManagerLegacy] Input 'ssh-user': default value evaluate result: {
  "type": 0,
  "file": 2,
  "line": 51,
  "col": 14,
  "lit": "git"
}
[2026-08-25 11:22:12Z INFO ActionManifestManagerLegacy] Input 'persist-credentials': default value evaluate result: {
  "type": 0,
  "file": 2,
  "line": 54,
  "col": 14,
  "lit": "true"
}
[2026-08-25 11:22:12Z INFO ActionManifestManagerLegacy] Input 'path': default value evaluate result: ""
[2026-08-25 11:22:12Z INFO ActionManifestManagerLegacy] Input 'clean': default value evaluate result: {
  "type": 0,
  "file": 2,
  "line": 59,
  "col": 14,
  "lit": "true"
}
[2026-08-25 11:22:12Z INFO ActionManifestManagerLegacy] Input 'filter': default value evaluate result: {
  "type": 0,
  "file": 2,
  "line": 64,
  "col": 14,
  "lit": ""
}
[2026-08-25 11:22:12Z INFO ActionManifestManagerLegacy] Input 'sparse-checkout': default value evaluate result: {
  "type": 0,
  "file": 2,
  "line": 69,
  "col": 14,
  "lit": ""
}
[2026-08-25 11:22:12Z INFO ActionManifestManagerLegacy] Input 'sparse-checkout-cone-mode': default value evaluate result: {
  "type": 0,
  "file": 2,
  "line": 73,
  "col": 14,
  "lit": "true"
}
[2026-08-25 11:22:12Z INFO ActionManifestManagerLegacy] Input 'fetch-depth': default value evaluate result: {
  "type": 0,
  "file": 2,
  "line": 76,
  "col": 14,
  "lit": "1"
}
[2026-08-25 11:22:12Z INFO ActionManifestManagerLegacy] Input 'fetch-tags': default value evaluate result: {
  "type": 0,
  "file": 2,
  "line": 79,
  "col": 14,
  "lit": "false"
}
[2026-08-25 11:22:12Z INFO ActionManifestManagerLegacy] Input 'show-progress': default value evaluate result: {
  "type": 0,
  "file": 2,
  "line": 82,
  "col": 14,
  "lit": "true"
}
[2026-08-25 11:22:12Z INFO ActionManifestManagerLegacy] Input 'lfs': default value evaluate result: {
  "type": 0,
  "file": 2,
  "line": 85,
  "col": 14,
  "lit": "false"
}
[2026-08-25 11:22:12Z INFO ActionManifestManagerLegacy] Input 'submodules': default value evaluate result: {
  "type": 0,
  "file": 2,
  "line": 94,
  "col": 14,
  "lit": "false"
}
[2026-08-25 11:22:12Z INFO ActionManifestManagerLegacy] Input 'set-safe-directory': default value evaluate result: {
  "type": 0,
  "file": 2,
  "line": 97,
  "col": 14,
  "lit": "true"
}
[2026-08-25 11:22:12Z INFO ActionManifestManagerLegacy] Input 'github-server-url': default value evaluate result: ""
[2026-08-25 11:22:12Z INFO ActionManifestManagerLegacy] Input 'allow-unsafe-pr-checkout': default value evaluate result: {
  "type": 0,
  "file": 2,
  "line": 109,
  "col": 14,
  "lit": "false"
}
[2026-08-25 11:22:12Z INFO ExtensionManager] Getting extensions for interface: 'GitHub.Runner.Worker.IActionCommandExtension'
[2026-08-25 11:22:12Z INFO ActionCommandManager] Register action command extension for command internal-set-repo-path
[2026-08-25 11:22:12Z INFO ActionCommandManager] Register action command extension for command set-env
[2026-08-25 11:22:12Z INFO ActionCommandManager] Register action command extension for command set-output
[2026-08-25 11:22:12Z INFO ActionCommandManager] Register action command extension for command save-state
[2026-08-25 11:22:12Z INFO ActionCommandManager] Register action command extension for command add-path
[2026-08-25 11:22:12Z INFO ActionCommandManager] Register action command extension for command add-mask
[2026-08-25 11:22:12Z INFO ActionCommandManager] Register action command extension for command add-matcher
[2026-08-25 11:22:12Z INFO ActionCommandManager] Register action command extension for command remove-matcher
[2026-08-25 11:22:12Z INFO ActionCommandManager] Register action command extension for command warning
[2026-08-25 11:22:12Z INFO ActionCommandManager] Register action command extension for command error
[2026-08-25 11:22:12Z INFO ActionCommandManager] Register action command extension for command notice
[2026-08-25 11:22:12Z INFO ActionCommandManager] Register action command extension for command debug
[2026-08-25 11:22:12Z INFO ActionCommandManager] Register action command extension for command group
[2026-08-25 11:22:12Z INFO ActionCommandManager] Register action command extension for command endgroup
[2026-08-25 11:22:12Z INFO ActionCommandManager] Register action command extension for command echo
[2026-08-25 11:22:12Z INFO HostContext] Well known directory 'Bin': 'D:\profinansy_tests_web\actions-runner\bin'
[2026-08-25 11:22:12Z INFO HostContext] Well known directory 'Root': 'D:\profinansy_tests_web\actions-runner'
[2026-08-25 11:22:12Z INFO HostContext] Well known directory 'Externals': 'D:\profinansy_tests_web\actions-runner\externals'
[2026-08-25 11:22:12Z INFO ProcessInvokerWrapper] Starting process:
[2026-08-25 11:22:12Z INFO ProcessInvokerWrapper]   File name: 'D:\profinansy_tests_web\actions-runner\externals\node24\bin\node.exe'
[2026-08-25 11:22:12Z INFO ProcessInvokerWrapper]   Arguments: '"D:\profinansy_tests_web\actions-runner\_work\_actions\actions\checkout\v4\dist/index.js"'
[2026-08-25 11:22:12Z INFO ProcessInvokerWrapper]   Working directory: 'D:\profinansy_tests_web\actions-runner\_work\profinansyweb\profinansyweb'
[2026-08-25 11:22:12Z INFO ProcessInvokerWrapper]   Require exit code zero: 'False'
[2026-08-25 11:22:12Z INFO ProcessInvokerWrapper]   Encoding web name: utf-8 ; code page: '65001'
[2026-08-25 11:22:12Z INFO ProcessInvokerWrapper]   Force kill process on cancellation: 'False'
[2026-08-25 11:22:12Z INFO ProcessInvokerWrapper]   Redirected STDIN: 'False'
[2026-08-25 11:22:12Z INFO ProcessInvokerWrapper]   Persist current code page: 'True'
[2026-08-25 11:22:12Z INFO ProcessInvokerWrapper]   Keep redirected STDIN open: 'False'
[2026-08-25 11:22:12Z INFO ProcessInvokerWrapper]   High priority process: 'False'
[2026-08-25 11:22:12Z INFO ProcessInvokerWrapper] Process started with process id 28028, waiting for process exit.
[2026-08-25 11:22:12Z INFO JobServerQueue] Try to append 1 batches web console lines for record '5b0b657f-bb3e-4378-9782-d3013dc330d6', success rate: 1/1.
[2026-08-25 11:22:13Z INFO JobServerQueue] Got a step log file to send to results service.
[2026-08-25 11:22:13Z INFO JobServerQueue] Starting upload of step log file to results service ResultsLog, D:\profinansy_tests_web\actions-runner\_diag\blocks\a51e986b-e0b1-4a6b-af94-0e04fe3a00a4_f440ccbf-4f82-4429-bcbe-dcec3fa173aa.1
[2026-08-25 11:22:13Z INFO AddMaskCommandExtension] Add new secret mask with length of 32
[2026-08-25 11:22:13Z INFO JobServerQueue] Try to upload 1 log files or attachments, success rate: 1/1.
[2026-08-25 11:22:13Z INFO JobServerQueue] Try to append 1 batches web console lines for record '5b0b657f-bb3e-4378-9782-d3013dc330d6', success rate: 1/1.
[2026-08-25 11:22:13Z INFO JobServerQueue] Tried to upload 1 file(s) to results, success rate: 1/1.
[2026-08-25 11:22:13Z INFO JobServerQueue] Try to append 1 batches web console lines for record '5b0b657f-bb3e-4378-9782-d3013dc330d6', success rate: 1/1.
[2026-08-25 11:22:14Z INFO JobServerQueue] Try to append 1 batches web console lines for record '5b0b657f-bb3e-4378-9782-d3013dc330d6', success rate: 1/1.
[2026-08-25 11:22:15Z INFO ProcessInvokerWrapper] STDOUT/STDERR stream read finished.
[2026-08-25 11:22:15Z INFO ProcessInvokerWrapper] STDOUT/STDERR stream read finished.
[2026-08-25 11:22:15Z INFO ProcessInvokerWrapper] Finished process 28028 with exit code 0, and elapsed time 00:00:02.5373038.
[2026-08-25 11:22:15Z INFO CreateStepSummaryCommand] Step Summary file (D:\profinansy_tests_web\actions-runner\_work\_temp\_runner_file_commands\step_summary_a5a2f884-4d82-400b-b607-b24283a7ceff) is empty; skipping attachment upload
[2026-08-25 11:22:15Z INFO StepsRunner] Step result: 
[2026-08-25 11:22:15Z INFO ExecutionContext] Publish step telemetry for current step {
  "action": "actions/checkout",
  "ref": "v4",
  "type": "node24",
  "stage": "Post",
  "stepId": "5b0b657f-bb3e-4378-9782-d3013dc330d6",
  "result": "succeeded",
  "errorMessages": [],
  "executionTimeInSeconds": 3,
  "startTime": "2026-08-25T11:22:12.6958052Z",
  "finishTime": "2026-08-25T11:22:15.253046Z"
}.
[2026-08-25 11:22:15Z INFO StepsRunner] No need for updating job result with current step result 'Succeeded'.
[2026-08-25 11:22:15Z INFO StepsRunner] Current state: job state = 'Failed'
[2026-08-25 11:22:15Z INFO JobRunner] Finalize job.
[2026-08-25 11:22:15Z INFO HostContext] Well known directory 'Bin': 'D:\profinansy_tests_web\actions-runner\bin'
[2026-08-25 11:22:15Z INFO HostContext] Well known directory 'Root': 'D:\profinansy_tests_web\actions-runner'
[2026-08-25 11:22:15Z INFO HostContext] Well known directory 'Diag': 'D:\profinansy_tests_web\actions-runner\_diag'
[2026-08-25 11:22:15Z INFO HostContext] Well known directory 'Bin': 'D:\profinansy_tests_web\actions-runner\bin'
[2026-08-25 11:22:15Z INFO HostContext] Well known directory 'Root': 'D:\profinansy_tests_web\actions-runner'
[2026-08-25 11:22:15Z INFO HostContext] Well known directory 'Diag': 'D:\profinansy_tests_web\actions-runner\_diag'
[2026-08-25 11:22:15Z INFO JobExtension] Initialize Env context
[2026-08-25 11:22:15Z INFO JobExtension] Initialize steps context
[2026-08-25 11:22:15Z INFO JobServerQueue] Try to append 1 batches web console lines for record '3ca131d2-b032-47d5-bee0-498fe463f15c', success rate: 1/1.
[2026-08-25 11:22:15Z INFO JobExtension] Total accessible running process: 328.
[2026-08-25 11:22:15Z INFO JobExtension] Inspecting process environment variables. PID: 27900 (SearchProtocolHost)
[2026-08-25 11:22:15Z WARN JobExtension] Ignore exception during read process environment variables: Access is denied.
[2026-08-25 11:22:15Z INFO JobExtension] Wait for all connectivity checks to finish.
[2026-08-25 11:22:15Z INFO JobExtension] Connectivity check result: {
  "endpointUrl": "https://broker.actions.githubusercontent.com/health",
  "endpointIPs": null,
  "startTime": "2026-08-25T11:22:02.4315487Z",
  "statusCode": "http_OK",
  "requestId": "E64C:139B7F:16D9A5:181F42:6A8D7B10",
  "httpRequestDurationInMs": 440,
  "dnsResolutionDurationInMs": 0,
  "dnsError": null
}
[2026-08-25 11:22:15Z INFO JobExtension] Connectivity check result: {
  "endpointUrl": "https://token.actions.githubusercontent.com/ready",
  "endpointIPs": null,
  "startTime": "2026-08-25T11:22:02.4329791Z",
  "statusCode": "http_NoContent",
  "requestId": "C20E:13995D:14468E:1649F9:6A8D7B10",
  "httpRequestDurationInMs": 496,
  "dnsResolutionDurationInMs": 0,
  "dnsError": null
}
[2026-08-25 11:22:15Z INFO JobExtension] Connectivity check result: {
  "endpointUrl": "https://run.actions.githubusercontent.com/health",
  "endpointIPs": null,
  "startTime": "2026-08-25T11:22:02.4332174Z",
  "statusCode": "http_OK",
  "requestId": "E64D:369112:171895:17F2F0:6A8D7B10",
  "httpRequestDurationInMs": 450,
  "dnsResolutionDurationInMs": 0,
  "dnsError": null
}
[2026-08-25 11:22:15Z INFO ExecutionContext] Publish step telemetry for current step {
  "action": "complete_job",
  "type": "runner",
  "stage": "Post",
  "stepId": "3ca131d2-b032-47d5-bee0-498fe463f15c",
  "result": "succeeded",
  "errorMessages": [
    "Node.js 20 is deprecated. The following actions target Node.js 20 but are being forced to run on Node.js 24: actions/checkout@v4, actions/setup-python@v5, peaceiris/actions-gh-pages@v3. For more information see: https://github.blog/changelog/2025-09-19-dep"
  ],
  "executionTimeInSeconds": 1,
  "startTime": "2026-08-25T11:22:15.2570982Z",
  "finishTime": "2026-08-25T11:22:15.2710655Z"
}.
[2026-08-25 11:22:15Z INFO JobRunner] Job result after all job steps finish: Failed
[2026-08-25 11:22:15Z INFO JobRunner] Completing the job execution context.
[2026-08-25 11:22:15Z INFO JobRunner] Shutting down the job server queue.
[2026-08-25 11:22:15Z INFO JobServerQueue] Fire signal to shutdown all queues.
[2026-08-25 11:22:16Z INFO JobServerQueue] All queue process task stopped.
[2026-08-25 11:22:16Z INFO JobServerQueue] Try to append 1 batches web console lines for record '3ca131d2-b032-47d5-bee0-498fe463f15c', success rate: 1/1.
[2026-08-25 11:22:16Z INFO JobServerQueue] Web console line queue drained.
[2026-08-25 11:22:16Z INFO JobServerQueue] Uploading 3 files in one shot.
[2026-08-25 11:22:16Z INFO JobServerQueue] Try to upload 3 log files or attachments, success rate: 3/3.
[2026-08-25 11:22:16Z INFO JobServerQueue] File upload queue drained.
[2026-08-25 11:22:16Z INFO JobServerQueue] Starting results-based upload queue...
[2026-08-25 11:22:16Z INFO JobServerQueue] Uploading 3 file(s) in one shot through results service.
[2026-08-25 11:22:16Z INFO JobServerQueue] Got a step log file to send to results service.
[2026-08-25 11:22:16Z INFO JobServerQueue] Starting upload of step log file to results service ResultsLog, D:\profinansy_tests_web\actions-runner\_diag\blocks\a51e986b-e0b1-4a6b-af94-0e04fe3a00a4_5b0b657f-bb3e-4378-9782-d3013dc330d6.1
[2026-08-25 11:22:16Z INFO JobServerQueue] Got a step log file to send to results service.
[2026-08-25 11:22:16Z INFO JobServerQueue] Starting upload of step log file to results service ResultsLog, D:\profinansy_tests_web\actions-runner\_diag\blocks\a51e986b-e0b1-4a6b-af94-0e04fe3a00a4_3ca131d2-b032-47d5-bee0-498fe463f15c.1
[2026-08-25 11:22:17Z INFO JobServerQueue] Got a job log file to send to results service.
[2026-08-25 11:22:17Z INFO JobServerQueue] Starting upload of job log file to results service ResultsLog, D:\profinansy_tests_web\actions-runner\_diag\blocks\a51e986b-e0b1-4a6b-af94-0e04fe3a00a4_9da60e72-aee1-5c3e-a6b0-603df4f2bc8e.1
[2026-08-25 11:22:17Z INFO JobServerQueue] Tried to upload 3 file(s) to results, success rate: 3/3.
[2026-08-25 11:22:17Z INFO JobServerQueue] Results upload queue drained.
[2026-08-25 11:22:17Z INFO JobServerQueue] Timeline update queue drained.
[2026-08-25 11:22:17Z INFO JobServerQueue] Disposing job server ...
[2026-08-25 11:22:17Z INFO JobServerQueue] Disposing results server ...
[2026-08-25 11:22:17Z INFO JobServerQueue] All queue process tasks have been stopped, and all queues are drained.
[2026-08-25 11:22:17Z INFO TempDirectoryManager] Cleaning runner temp folder: D:\profinansy_tests_web\actions-runner\_work\_temp
[2026-08-25 11:22:17Z INFO HostContext] Well known directory 'Bin': 'D:\profinansy_tests_web\actions-runner\bin'
[2026-08-25 11:22:17Z INFO HostContext] Well known directory 'Root': 'D:\profinansy_tests_web\actions-runner'
[2026-08-25 11:22:17Z INFO HostContext] Well known directory 'Diag': 'D:\profinansy_tests_web\actions-runner\_diag'
[2026-08-25 11:22:17Z INFO HostContext] Well known config file 'Telemetry': 'D:\profinansy_tests_web\actions-runner\_diag\.telemetry'
[2026-08-25 11:22:17Z INFO JobRunner] Raising job completed against run service
[2026-08-25 11:22:18Z INFO Worker] Job completed.
