[2026-08-25 11:04:55Z INFO HostContext] No proxy settings were found based on environmental variables (http_proxy/https_proxy/HTTP_PROXY/HTTPS_PROXY)
[2026-08-25 11:04:55Z INFO HostContext] Well known directory 'Bin': 'D:\profinansy_tests_web\actions-runner\bin'
[2026-08-25 11:04:55Z INFO HostContext] Well known directory 'Root': 'D:\profinansy_tests_web\actions-runner'
[2026-08-25 11:04:55Z INFO HostContext] Well known config file 'Credentials': 'D:\profinansy_tests_web\actions-runner\.credentials'
[2026-08-25 11:04:55Z INFO HostContext] Well known directory 'Bin': 'D:\profinansy_tests_web\actions-runner\bin'
[2026-08-25 11:04:55Z INFO HostContext] Well known directory 'Root': 'D:\profinansy_tests_web\actions-runner'
[2026-08-25 11:04:55Z INFO HostContext] Well known config file 'Runner': 'D:\profinansy_tests_web\actions-runner\.runner'
[2026-08-25 11:04:55Z INFO Worker] Version: 2.336.0
[2026-08-25 11:04:55Z INFO Worker] Commit: 98aabcd429c4e8402406c56ce2d26387fed3b9ce
[2026-08-25 11:04:55Z INFO Worker] Culture: en-US
[2026-08-25 11:04:55Z INFO Worker] UI Culture: en-US
[2026-08-25 11:04:56Z INFO Worker] Waiting to receive the job message from the channel.
[2026-08-25 11:04:56Z INFO ProcessChannel] Receiving message of length 25828, with hash '0c30dbaad4f6a7159e3a397768b643a308dd3bb8d7796d7970f5116eb1d2f71f'
[2026-08-25 11:04:56Z INFO Worker] Message received.
[2026-08-25 11:04:56Z INFO Worker] Job message:
 {
  "fileTable": [
    ".github/workflows/tests.yml"
  ],
  "mask": [
    {
      "type": "regex",
      "value": "***"
    },
    {
      "type": "regex",
      "value": "***"
    },
    {
      "type": "regex",
      "value": "***"
    },
    {
      "type": "regex",
      "value": "***"
    },
    {
      "type": "regex",
      "value": "***"
    },
    {
      "type": "regex",
      "value": "***"
    },
    {
      "type": "regex",
      "value": "***"
    },
    {
      "type": "regex",
      "value": "***"
    },
    {
      "type": "regex",
      "value": "***"
    },
    {
      "type": "regex",
      "value": "***"
    },
    {
      "type": "regex",
      "value": "***"
    },
    {
      "type": "regex",
      "value": "***"
    },
    {
      "type": "regex",
      "value": "***"
    },
    {
      "type": "regex",
      "value": "***"
    },
    {
      "type": "regex",
      "value": "***"
    },
    {
      "type": "regex",
      "value": "***"
    },
    {
      "type": "regex",
      "value": "***"
    },
    {
      "type": "regex",
      "value": "***"
    },
    {
      "type": "regex",
      "value": "***"
    },
    {
      "type": "regex",
      "value": "***"
    },
    {
      "type": "regex",
      "value": "***"
    },
    {
      "type": "regex",
      "value": "***"
    },
    {
      "type": "regex",
      "value": "***"
    },
    {
      "type": "regex",
      "value": "***"
    }
  ],
  "steps": [
    {
      "type": "action",
      "reference": {
        "type": "repository",
        "name": "actions/checkout",
        "ref": "v4",
        "repositoryType": "GitHub"
      },
      "displayNameToken": {
        "type": 0,
        "file": 1,
        "line": 17,
        "col": 13,
        "lit": "Скачивание кода из репозитория"
      },
      "contextName": "__actions_checkout",
      "condition": "success()",
      "id": "e717dbf8-eb15-444d-8a42-d9dc0a832425",
      "name": "__actions_checkout"
    },
    {
      "type": "action",
      "reference": {
        "type": "repository",
        "name": "actions/setup-python",
        "ref": "v5",
        "repositoryType": "GitHub"
      },
      "displayNameToken": {
        "type": 0,
        "file": 1,
        "line": 20,
        "col": 13,
        "lit": "Настройка Python 3.12"
      },
      "contextName": "__actions_setup-python",
      "inputs": {
        "type": 2,
        "file": 1,
        "line": 23,
        "col": 9,
        "map": [
          {
            "key": {
              "type": 0,
              "file": 1,
              "line": 23,
              "col": 9,
              "lit": "python-version"
            },
            "value": {
              "type": 0,
              "file": 1,
              "line": 23,
              "col": 25,
              "lit": "3.12"
            }
          }
        ]
      },
      "condition": "success()",
      "id": "2049db1b-a8d8-4992-8464-1039e00c26ae",
      "name": "__actions_setup-python"
    },
    {
      "type": "action",
      "reference": {
        "type": "script"
      },
      "displayNameToken": {
        "type": 0,
        "file": 1,
        "line": 25,
        "col": 13,
        "lit": "Установка зависимостей"
      },
      "contextName": "__run",
      "inputs": {
        "type": 2,
        "map": [
          {
            "key": "script",
            "value": {
              "type": 0,
              "file": 1,
              "line": 26,
              "col": 12,
              "lit": "python -m pip install --upgrade pip\npip install -r requirements.txt\n"
            }
          }
        ]
      },
      "condition": "success()",
      "id": "1c15b649-d0f1-4465-b55d-801872b46509",
      "name": "__run"
    },
    {
      "type": "action",
      "reference": {
        "type": "script"
      },
      "displayNameToken": {
        "type": 0,
        "file": 1,
        "line": 30,
        "col": 13,
        "lit": "Запуск тестов через Pytest (Параллельно на 2 стендах)"
      },
      "contextName": "__run_2",
      "environment": {
        "type": 2,
        "file": 1,
        "line": 32,
        "col": 9,
        "map": [
          {
            "key": {
              "type": 0,
              "file": 1,
              "line": 32,
              "col": 9,
              "lit": "PROFINANSY_USER_EMAIL"
            },
            "value": {
              "type": 3,
              "file": 1,
              "line": 32,
              "col": 32,
              "expr": "secrets.PROFINANSY_USER_EMAIL"
            }
          },
          {
            "key": {
              "type": 0,
              "file": 1,
              "line": 33,
              "col": 9,
              "lit": "PROFINANSY_USER_PASSWORD"
            },
            "value": {
              "type": 3,
              "file": 1,
              "line": 33,
              "col": 35,
              "expr": "secrets.PROFINANSY_USER_PASSWORD"
            }
          },
          {
            "key": {
              "type": 0,
              "file": 1,
              "line": 34,
              "col": 9,
              "lit": "CI"
            },
            "value": {
              "type": 0,
              "file": 1,
              "line": 34,
              "col": 13,
              "lit": "true"
            }
          }
        ]
      },
      "inputs": {
        "type": 2,
        "map": [
          {
            "key": "script",
            "value": {
              "type": 0,
              "file": 1,
              "line": 36,
              "col": 12,
              "lit": "python -m pytest -n 2 -v --alluredir=allure-results"
            }
          }
        ]
      },
      "condition": "success()",
      "id": "71ec8882-cf35-469c-9582-60f4a2174d47",
      "name": "__run_2"
    },
    {
      "type": "action",
      "reference": {
        "type": "repository",
        "name": "simple-elf/allure-report-action",
        "ref": "master",
        "repositoryType": "GitHub"
      },
      "displayNameToken": {
        "type": 0,
        "file": 1,
        "line": 38,
        "col": 13,
        "lit": "Генерация отчета Allure"
      },
      "contextName": "__simple-elf_allure-report-action",
      "inputs": {
        "type": 2,
        "file": 1,
        "line": 42,
        "col": 9,
        "map": [
          {
            "key": {
              "type": 0,
              "file": 1,
              "line": 42,
              "col": 9,
              "lit": "allure_results"
            },
            "value": {
              "type": 0,
              "file": 1,
              "line": 42,
              "col": 25,
              "lit": "allure-results"
            }
          },
          {
            "key": {
              "type": 0,
              "file": 1,
              "line": 43,
              "col": 9,
              "lit": "gh_pages"
            },
            "value": {
              "type": 0,
              "file": 1,
              "line": 43,
              "col": 19,
              "lit": "gh-pages"
            }
          },
          {
            "key": {
              "type": 0,
              "file": 1,
              "line": 44,
              "col": 9,
              "lit": "allure_report"
            },
            "value": {
              "type": 0,
              "file": 1,
              "line": 44,
              "col": 24,
              "lit": "allure-report"
            }
          },
          {
            "key": {
              "type": 0,
              "file": 1,
              "line": 45,
              "col": 9,
              "lit": "allure_history"
            },
            "value": {
              "type": 0,
              "file": 1,
              "line": 45,
              "col": 25,
              "lit": "allure-history"
            }
          }
        ]
      },
      "condition": "always()",
      "id": "8726baf8-5530-4c57-a5a5-e22b96f6fefa",
      "name": "__simple-elf_allure-report-action"
    },
    {
      "type": "action",
      "reference": {
        "type": "repository",
        "name": "peaceiris/actions-gh-pages",
        "ref": "v3",
        "repositoryType": "GitHub"
      },
      "displayNameToken": {
        "type": 0,
        "file": 1,
        "line": 47,
        "col": 13,
        "lit": "Публикация отчета на GitHub Pages"
      },
      "contextName": "__peaceiris_actions-gh-pages",
      "inputs": {
        "type": 2,
        "file": 1,
        "line": 51,
        "col": 9,
        "map": [
          {
            "key": {
              "type": 0,
              "file": 1,
              "line": 51,
              "col": 9,
              "lit": "github_token"
            },
            "value": {
              "type": 3,
              "file": 1,
              "line": 51,
              "col": 23,
              "expr": "secrets.GITHUB_TOKEN"
            }
          },
          {
            "key": {
              "type": 0,
              "file": 1,
              "line": 52,
              "col": 9,
              "lit": "publish_branch"
            },
            "value": {
              "type": 0,
              "file": 1,
              "line": 52,
              "col": 25,
              "lit": "gh-pages"
            }
          },
          {
            "key": {
              "type": 0,
              "file": 1,
              "line": 53,
              "col": 9,
              "lit": "publish_dir"
            },
            "value": {
              "type": 0,
              "file": 1,
              "line": 53,
              "col": 22,
              "lit": "allure-history"
            }
          }
        ]
      },
      "condition": "always()",
      "id": "6a43c405-56be-457e-87d3-24d7c794a6fd",
      "name": "__peaceiris_actions-gh-pages"
    }
  ],
  "variables": {
    "Actions.EnableHttpRedirects": {
      "value": "true"
    },
    "DistributedTask.AddWarningToNode12Action": {
      "value": "true"
    },
    "DistributedTask.AddWarningToNode16Action": {
      "value": "true"
    },
    "DistributedTask.AllowRunnerContainerHooks": {
      "value": "true"
    },
    "DistributedTask.DeprecateStepOutputCommands": {
      "value": "true"
    },
    "DistributedTask.DetailUntarFailure": {
      "value": "true"
    },
    "DistributedTask.EnableCompositeActions": {
      "value": "true"
    },
    "DistributedTask.EnableJobServerQueueTelemetry": {
      "value": "true"
    },
    "DistributedTask.EnhancedAnnotations": {
      "value": "true"
    },
    "DistributedTask.ForceGithubJavascriptActionsToNode16": {
      "value": "true"
    },
    "DistributedTask.ForceGithubJavascriptActionsToNode20": {
      "value": "true"
    },
    "DistributedTask.LogTemplateErrorsAsDebugMessages": {
      "value": "true"
    },
    "DistributedTask.MarkJobAsFailedOnWorkerCrash": {
      "value": "true"
    },
    "DistributedTask.NewActionMetadata": {
      "value": "true"
    },
    "DistributedTask.UploadStepSummary": {
      "value": "true"
    },
    "DistributedTask.UseActionArchiveCache": {
      "value": "true"
    },
    "DistributedTask.UseWhich2": {
      "value": "true"
    },
    "PROFINANSY_USER_EMAIL": {
      "value": "***",
      "isSecret": true
    },
    "PROFINANSY_USER_PASSWORD": {
      "value": "***",
      "isSecret": true
    },
    "RunService.FixEmbeddedIssues": {
      "value": "true"
    },
    "actions.runner.requirenode24": {
      "value": "false"
    },
    "actions.runner.usenode24bydefault": {
      "value": "true"
    },
    "actions.runner.warnonnode20": {
      "value": "true"
    },
    "actions_add_check_run_id_to_job_context": {
      "value": "true"
    },
    "actions_batch_action_resolution": {
      "value": "false"
    },
    "actions_container_action_runner_temp": {
      "value": "true"
    },
    "actions_display_helpful_actions_download_errors": {
      "value": "true"
    },
    "actions_runner_allow_artifacts_file": {
      "value": "false"
    },
    "actions_runner_compare_workflow_parser": {
      "value": "false"
    },
    "actions_runner_deprecate_linux_arm32": {
      "value": "true"
    },
    "actions_runner_emit_composite_markers": {
      "value": "true"
    },
    "actions_runner_kill_linux_arm32": {
      "value": "false"
    },
    "actions_runner_node20_removal_date": {
      "value": ""
    },
    "actions_runner_node24_default_date": {
      "value": "June 16th, 2026"
    },
    "actions_self_repository": {
      "value": "true"
    },
    "actions_service_container_command": {
      "value": "true"
    },
    "actions_set_orchestration_id_env_for_actions": {
      "value": "true"
    },
    "actions_skip_retry_complete_job_upon_known_errors": {
      "value": "true"
    },
    "actions_snapshot_preflight_hosted_runner_check": {
      "value": "false"
    },
    "actions_snapshot_preflight_image_gen_pool_check": {
      "value": "false"
    },
    "actions_use_bearer_token_for_codeload": {
      "value": "false"
    },
    "actions_uses_cache_service_v2": {
      "value": "true"
    },
    "github_token": {
      "value": "***",
      "isSecret": true
    },
    "system.from_run_service": {
      "value": "true"
    },
    "system.github.job": {
      "value": "run-tests"
    },
    "system.github.launch_endpoint": {
      "value": "https://launch.actions.githubusercontent.com"
    },
    "system.github.results_endpoint": {
      "value": "https://results-receiver.actions.githubusercontent.com/"
    },
    "system.github.results_upload_with_sdk": {
      "value": "true"
    },
    "system.github.token": {
      "value": "***",
      "isSecret": true
    },
    "system.github.token.permissions": {
      "value": "{\"Contents\":\"write\",\"Metadata\":\"read\"}"
    },
    "system.orchestrationId": {
      "value": "b61037b3-76e1-4e5b-9864-6dcdf7de43f7.run-tests.__default"
    },
    "system.phaseDisplayName": {
      "value": "run-tests"
    },
    "system.runner.lowdiskspacethreshold": {
      "value": "100"
    },
    "system.runnerEnvironment": {
      "value": "self-hosted"
    },
    "system.runnerGroupName": {
      "value": "Default"
    }
  },
  "messageType": "RunnerJobRequest",
  "plan": {
    "scopeIdentifier": "00000000-0000-0000-0000-000000000000",
    "planType": "actions",
    "version": 0,
    "planId": "b61037b3-76e1-4e5b-9864-6dcdf7de43f7",
    "planGroup": null,
    "artifactUri": null,
    "artifactLocation": null,
    "definition": null,
    "owner": null
  },
  "timeline": {
    "id": "b61037b3-76e1-4e5b-9864-6dcdf7de43f7",
    "changeId": 0,
    "location": null
  },
  "jobId": "18ed539d-1fdb-584b-b2bf-51f82c6df653",
  "jobDisplayName": "run-tests",
  "jobName": "__default",
  "requestId": 0,
  "lockedUntil": "0001-01-01T00:00:00",
  "resources": {
    "endpoints": [
      {
        "data": {
          "ServerId": "",
          "ServerName": "",
          "CacheServerUrl": "https://artifactcache.actions.githubusercontent.com/xxU0y6aUoufkT5GIT4EsNGqJKe1Bvf538hGe4ns44DSEXFgj0K/",
          "FeedStreamUrl": "wss://results-receiver.actions.githubusercontent.com/_ws/ingest.sock",
          "ResultsServiceUrl": "https://results-receiver.actions.githubusercontent.com/",
          "PipelinesServiceUrl": "https://pipelinesghubeus26.actions.githubusercontent.com/xxU0y6aUoufkT5GIT4EsNGqJKe1Bvf538hGe4ns44DSEXFgj0K/",
          "GenerateIdTokenUrl": "",
          "ConnectivityChecks": "[\"https://broker.actions.githubusercontent.com/health\",\"https://token.actions.githubusercontent.com/ready\",\"https://run.actions.githubusercontent.com/health\"]",
          "ConnectivityAndDNSChecks": ""
        },
        "name": "SystemVssConnection",
        "url": "https://run-actions-1-azure-eastus.actions.githubusercontent.com/117/",
        "authorization": {
          "parameters": {
            "AccessToken": "***"
          },
          "scheme": "OAuth"
        },
        "isShared": false,
        "isReady": true
      }
    ]
  },
  "contextData": {
    "github": {
      "t": 2,
      "d": [
        {
          "k": "ref",
          "v": "refs/heads/main"
        },
        {
          "k": "sha",
          "v": "2e37e6732f1d2c505f450dd06e2f7d0226aef68c"
        },
        {
          "k": "repository",
          "v": "Anna-Shirokaya/profinansyweb"
        },
        {
          "k": "repository_owner",
          "v": "Anna-Shirokaya"
        },
        {
          "k": "repository_owner_id",
          "v": "137277621"
        },
        {
          "k": "repositoryUrl",
          "v": "git://github.com/Anna-Shirokaya/profinansyweb.git"
        },
        {
          "k": "run_id",
          "v": "32840471982"
        },
        {
          "k": "run_number",
          "v": "25"
        },
        {
          "k": "retention_days",
          "v": "90"
        },
        {
          "k": "run_attempt",
          "v": "1"
        },
        {
          "k": "artifact_cache_size_limit",
          "v": "10"
        },
        {
          "k": "repository_visibility",
          "v": "public"
        },
        {
          "k": "actor_id",
          "v": "137277621"
        },
        {
          "k": "actor",
          "v": "Anna-Shirokaya"
        },
        {
          "k": "workflow",
          "v": "Прогон UI Автотестов"
        },
        {
          "k": "head_ref",
          "v": ""
        },
        {
          "k": "base_ref",
          "v": ""
        },
        {
          "k": "event_name",
          "v": "push"
        },
        {
          "k": "server_url",
          "v": "https://github.com"
        },
        {
          "k": "api_url",
          "v": "https://api.github.com"
        },
        {
          "k": "graphql_url",
          "v": "https://api.github.com/graphql"
        },
        {
          "k": "ref_name",
          "v": "main"
        },
        {
          "k": "ref_protected",
          "v": false
        },
        {
          "k": "ref_type",
          "v": "branch"
        },
        {
          "k": "secret_source",
          "v": "Actions"
        },
        {
          "k": "event",
          "v": {
            "t": 2,
            "d": [
              {
                "k": "after",
                "v": "2e37e6732f1d2c505f450dd06e2f7d0226aef68c"
              },
              {
                "k": "base_ref",
                "v": null
              },
              {
                "k": "before",
                "v": "f9a1ddd8560ae4a661c32b328dac4ce8f1d259c8"
              },
              {
                "k": "commits",
                "v": {
                  "t": 1,
                  "a": [
                    {
                      "t": 2,
                      "d": [
                        {
                          "k": "author",
                          "v": {
                            "t": 2,
                            "d": [
                              {
                                "k": "email",
                                "v": "137277621+Anna-Shirokaya@users.noreply.github.com"
                              },
                              {
                                "k": "name",
                                "v": "Anna Shirokaya"
                              },
                              {
                                "k": "username",
                                "v": "Anna-Shirokaya"
                              }
                            ]
                          }
                        },
                        {
                          "k": "committer",
                          "v": {
                            "t": 2,
                            "d": [
                              {
                                "k": "email",
                                "v": "noreply@github.com"
                              },
                              {
                                "k": "name",
                                "v": "GitHub"
                              },
                              {
                                "k": "username",
                                "v": "web-flow"
                              }
                            ]
                          }
                        },
                        {
                          "k": "distinct",
                          "v": true
                        },
                        {
                          "k": "id",
                          "v": "2e37e6732f1d2c505f450dd06e2f7d0226aef68c"
                        },
                        {
                          "k": "message",
                          "v": "Update tests.yml"
                        },
                        {
                          "k": "timestamp",
                          "v": "2026-08-25T13:05:01+02:00"
                        },
                        {
                          "k": "tree_id",
                          "v": "96c18d4904113077b44b8f5501cbf7a23a48a895"
                        },
                        {
                          "k": "url",
                          "v": "https://github.com/Anna-Shirokaya/profinansyweb/commit/2e37e6732f1d2c505f450dd06e2f7d0226aef68c"
                        }
                      ]
                    }
                  ]
                }
              },
              {
                "k": "compare",
                "v": "https://github.com/Anna-Shirokaya/profinansyweb/compare/f9a1ddd8560a...2e37e6732f1d"
              },
              {
                "k": "created",
                "v": false
              },
              {
                "k": "deleted",
                "v": false
              },
              {
                "k": "forced",
                "v": false
              },
              {
                "k": "head_commit",
                "v": {
                  "t": 2,
                  "d": [
                    {
                      "k": "author",
                      "v": {
                        "t": 2,
                        "d": [
                          {
                            "k": "email",
                            "v": "137277621+Anna-Shirokaya@users.noreply.github.com"
                          },
                          {
                            "k": "name",
                            "v": "Anna Shirokaya"
                          },
                          {
                            "k": "username",
                            "v": "Anna-Shirokaya"
                          }
                        ]
                      }
                    },
                    {
                      "k": "committer",
                      "v": {
                        "t": 2,
                        "d": [
                          {
                            "k": "email",
                            "v": "noreply@github.com"
                          },
                          {
                            "k": "name",
                            "v": "GitHub"
                          },
                          {
                            "k": "username",
                            "v": "web-flow"
                          }
                        ]
                      }
                    },
                    {
                      "k": "distinct",
                      "v": true
                    },
                    {
                      "k": "id",
                      "v": "2e37e6732f1d2c505f450dd06e2f7d0226aef68c"
                    },
                    {
                      "k": "message",
                      "v": "Update tests.yml"
                    },
                    {
                      "k": "timestamp",
                      "v": "2026-08-25T13:05:01+02:00"
                    },
                    {
                      "k": "tree_id",
                      "v": "96c18d4904113077b44b8f5501cbf7a23a48a895"
                    },
                    {
                      "k": "url",
                      "v": "https://github.com/Anna-Shirokaya/profinansyweb/commit/2e37e6732f1d2c505f450dd06e2f7d0226aef68c"
                    }
                  ]
                }
              },
              {
                "k": "pusher",
                "v": {
                  "t": 2,
                  "d": [
                    {
                      "k": "email",
                      "v": "137277621+Anna-Shirokaya@users.noreply.github.com"
                    },
                    {
                      "k": "name",
                      "v": "Anna-Shirokaya"
                    }
                  ]
                }
              },
              {
                "k": "ref",
                "v": "refs/heads/main"
              },
              {
                "k": "repository",
                "v": {
                  "t": 2,
                  "d": [
                    {
                      "k": "allow_forking",
                      "v": true
                    },
                    {
                      "k": "archive_url",
                      "v": "https://api.github.com/repos/Anna-Shirokaya/profinansyweb/{archive_format}{/ref}"
                    },
                    {
                      "k": "archived",
                      "v": false
                    },
                    {
                      "k": "assignees_url",
                      "v": "https://api.github.com/repos/Anna-Shirokaya/profinansyweb/assignees{/user}"
                    },
                    {
                      "k": "blobs_url",
                      "v": "https://api.github.com/repos/Anna-Shirokaya/profinansyweb/git/blobs{/sha}"
                    },
                    {
                      "k": "branches_url",
                      "v": "https://api.github.com/repos/Anna-Shirokaya/profinansyweb/branches{/branch}"
                    },
                    {
                      "k": "clone_url",
                      "v": "https://github.com/Anna-Shirokaya/profinansyweb.git"
                    },
                    {
                      "k": "collaborators_url",
                      "v": "https://api.github.com/repos/Anna-Shirokaya/profinansyweb/collaborators{/collaborator}"
                    },
                    {
                      "k": "comments_url",
                      "v": "https://api.github.com/repos/Anna-Shirokaya/profinansyweb/comments{/number}"
                    },
                    {
                      "k": "commits_url",
                      "v": "https://api.github.com/repos/Anna-Shirokaya/profinansyweb/commits{/sha}"
                    },
                    {
                      "k": "compare_url",
                      "v": "https://api.github.com/repos/Anna-Shirokaya/profinansyweb/compare/{base}...{head}"
                    },
                    {
                      "k": "contents_url",
                      "v": "https://api.github.com/repos/Anna-Shirokaya/profinansyweb/contents/{+path}"
                    },
                    {
                      "k": "contributors_url",
                      "v": "https://api.github.com/repos/Anna-Shirokaya/profinansyweb/contributors"
                    },
                    {
                      "k": "created_at",
                      "v": 1787144980.0
                    },
                    {
                      "k": "default_branch",
                      "v": "main"
                    },
                    {
                      "k": "deployments_url",
                      "v": "https://api.github.com/repos/Anna-Shirokaya/profinansyweb/deployments"
                    },
                    {
                      "k": "description",
                      "v": null
                    },
                    {
                      "k": "disabled",
                      "v": false
                    },
                    {
                      "k": "downloads_url",
                      "v": "https://api.github.com/repos/Anna-Shirokaya/profinansyweb/downloads"
                    },
                    {
                      "k": "events_url",
                      "v": "https://api.github.com/repos/Anna-Shirokaya/profinansyweb/events"
                    },
                    {
                      "k": "fork",
                      "v": false
                    },
                    {
                      "k": "forks",
                      "v": 0.0
                    },
                    {
                      "k": "forks_count",
                      "v": 0.0
                    },
                    {
                      "k": "forks_url",
                      "v": "https://api.github.com/repos/Anna-Shirokaya/profinansyweb/forks"
                    },
                    {
                      "k": "full_name",
                      "v": "Anna-Shirokaya/profinansyweb"
                    },
                    {
                      "k": "git_commits_url",
                      "v": "https://api.github.com/repos/Anna-Shirokaya/profinansyweb/git/commits{/sha}"
                    },
                    {
                      "k": "git_refs_url",
                      "v": "https://api.github.com/repos/Anna-Shirokaya/profinansyweb/git/refs{/sha}"
                    },
                    {
                      "k": "git_tags_url",
                      "v": "https://api.github.com/repos/Anna-Shirokaya/profinansyweb/git/tags{/sha}"
                    },
                    {
                      "k": "git_url",
                      "v": "git://github.com/Anna-Shirokaya/profinansyweb.git"
                    },
                    {
                      "k": "has_discussions",
                      "v": false
                    },
                    {
                      "k": "has_downloads",
                      "v": true
                    },
                    {
                      "k": "has_issues",
                      "v": true
                    },
                    {
                      "k": "has_pages",
                      "v": true
                    },
                    {
                      "k": "has_projects",
                      "v": true
                    },
                    {
                      "k": "has_pull_requests",
                      "v": true
                    },
                    {
                      "k": "has_wiki",
                      "v": false
                    },
                    {
                      "k": "homepage",
                      "v": null
                    },
                    {
                      "k": "hooks_url",
                      "v": "https://api.github.com/repos/Anna-Shirokaya/profinansyweb/hooks"
                    },
                    {
                      "k": "html_url",
                      "v": "https://github.com/Anna-Shirokaya/profinansyweb"
                    },
                    {
                      "k": "id",
                      "v": 1339598509.0
                    },
                    {
                      "k": "is_template",
                      "v": false
                    },
                    {
                      "k": "issue_comment_url",
                      "v": "https://api.github.com/repos/Anna-Shirokaya/profinansyweb/issues/comments{/number}"
                    },
                    {
                      "k": "issue_events_url",
                      "v": "https://api.github.com/repos/Anna-Shirokaya/profinansyweb/issues/events{/number}"
                    },
                    {
                      "k": "issues_url",
                      "v": "https://api.github.com/repos/Anna-Shirokaya/profinansyweb/issues{/number}"
                    },
                    {
                      "k": "keys_url",
                      "v": "https://api.github.com/repos/Anna-Shirokaya/profinansyweb/keys{/key_id}"
                    },
                    {
                      "k": "labels_url",
                      "v": "https://api.github.com/repos/Anna-Shirokaya/profinansyweb/labels{/name}"
                    },
                    {
                      "k": "language",
                      "v": "Python"
                    },
                    {
                      "k": "languages_url",
                      "v": "https://api.github.com/repos/Anna-Shirokaya/profinansyweb/languages"
                    },
                    {
                      "k": "license",
                      "v": null
                    },
                    {
                      "k": "master_branch",
                      "v": "main"
                    },
                    {
                      "k": "merges_url",
                      "v": "https://api.github.com/repos/Anna-Shirokaya/profinansyweb/merges"
                    },
                    {
                      "k": "milestones_url",
                      "v": "https://api.github.com/repos/Anna-Shirokaya/profinansyweb/milestones{/number}"
                    },
                    {
                      "k": "mirror_url",
                      "v": null
                    },
                    {
                      "k": "name",
                      "v": "profinansyweb"
                    },
                    {
                      "k": "node_id",
                      "v": "R_kgDOT9imrQ"
                    },
                    {
                      "k": "notifications_url",
                      "v": "https://api.github.com/repos/Anna-Shirokaya/profinansyweb/notifications{?since,all,participating}"
                    },
                    {
                      "k": "open_issues",
                      "v": 0.0
                    },
                    {
                      "k": "open_issues_count",
                      "v": 0.0
                    },
                    {
                      "k": "owner",
                      "v": {
                        "t": 2,
                        "d": [
                          {
                            "k": "avatar_url",
                            "v": "https://avatars.githubusercontent.com/u/137277621?v=4"
                          },
                          {
                            "k": "email",
                            "v": "137277621+Anna-Shirokaya@users.noreply.github.com"
                          },
                          {
                            "k": "events_url",
                            "v": "https://api.github.com/users/Anna-Shirokaya/events{/privacy}"
                          },
                          {
                            "k": "followers_url",
                            "v": "https://api.github.com/users/Anna-Shirokaya/followers"
                          },
                          {
                            "k": "following_url",
                            "v": "https://api.github.com/users/Anna-Shirokaya/following{/other_user}"
                          },
                          {
                            "k": "gists_url",
                            "v": "https://api.github.com/users/Anna-Shirokaya/gists{/gist_id}"
                          },
                          {
                            "k": "gravatar_id",
                            "v": ""
                          },
                          {
                            "k": "html_url",
                            "v": "https://github.com/Anna-Shirokaya"
                          },
                          {
                            "k": "id",
                            "v": 137277621.0
                          },
                          {
                            "k": "login",
                            "v": "Anna-Shirokaya"
                          },
                          {
                            "k": "name",
                            "v": "Anna-Shirokaya"
                          },
                          {
                            "k": "node_id",
                            "v": "U_kgDOCC6wtQ"
                          },
                          {
                            "k": "organizations_url",
                            "v": "https://api.github.com/users/Anna-Shirokaya/orgs"
                          },
                          {
                            "k": "received_events_url",
                            "v": "https://api.github.com/users/Anna-Shirokaya/received_events"
                          },
                          {
                            "k": "repos_url",
                            "v": "https://api.github.com/users/Anna-Shirokaya/repos"
                          },
                          {
                            "k": "site_admin",
                            "v": false
                          },
                          {
                            "k": "starred_url",
                            "v": "https://api.github.com/users/Anna-Shirokaya/starred{/owner}{/repo}"
                          },
                          {
                            "k": "subscriptions_url",
                            "v": "https://api.github.com/users/Anna-Shirokaya/subscriptions"
                          },
                          {
                            "k": "type",
                            "v": "User"
                          },
                          {
                            "k": "url",
                            "v": "https://api.github.com/users/Anna-Shirokaya"
                          },
                          {
                            "k": "user_view_type",
                            "v": "public"
                          }
                        ]
                      }
                    },
                    {
                      "k": "private",
                      "v": false
                    },
                    {
                      "k": "pull_request_creation_policy",
                      "v": "all"
                    },
                    {
                      "k": "pulls_url",
                      "v": "https://api.github.com/repos/Anna-Shirokaya/profinansyweb/pulls{/number}"
                    },
                    {
                      "k": "pushed_at",
                      "v": 1787655901.0
                    },
                    {
                      "k": "releases_url",
                      "v": "https://api.github.com/repos/Anna-Shirokaya/profinansyweb/releases{/id}"
                    },
                    {
                      "k": "size",
                      "v": 18740.0
                    },
                    {
                      "k": "ssh_url",
                      "v": "git@github.com:Anna-Shirokaya/profinansyweb.git"
                    },
                    {
                      "k": "stargazers",
                      "v": 0.0
                    },
                    {
                      "k": "stargazers_count",
                      "v": 0.0
                    },
                    {
                      "k": "stargazers_url",
                      "v": "https://api.github.com/repos/Anna-Shirokaya/profinansyweb/stargazers"
                    },
                    {
                      "k": "statuses_url",
                      "v": "https://api.github.com/repos/Anna-Shirokaya/profinansyweb/statuses/{sha}"
                    },
                    {
                      "k": "subscribers_url",
                      "v": "https://api.github.com/repos/Anna-Shirokaya/profinansyweb/subscribers"
                    },
                    {
                      "k": "subscription_url",
                      "v": "https://api.github.com/repos/Anna-Shirokaya/profinansyweb/subscription"
                    },
                    {
                      "k": "svn_url",
                      "v": "https://github.com/Anna-Shirokaya/profinansyweb"
                    },
                    {
                      "k": "tags_url",
                      "v": "https://api.github.com/repos/Anna-Shirokaya/profinansyweb/tags"
                    },
                    {
                      "k": "teams_url",
                      "v": "https://api.github.com/repos/Anna-Shirokaya/profinansyweb/teams"
                    },
                    {
                      "k": "topics",
                      "v": {
                        "t": 1
                      }
                    },
                    {
                      "k": "trees_url",
                      "v": "https://api.github.com/repos/Anna-Shirokaya/profinansyweb/git/trees{/sha}"
                    },
                    {
                      "k": "updated_at",
                      "v": "2026-08-25T10:01:11Z"
                    },
                    {
                      "k": "url",
                      "v": "https://api.github.com/repos/Anna-Shirokaya/profinansyweb"
                    },
                    {
                      "k": "visibility",
                      "v": "public"
                    },
                    {
                      "k": "watchers",
                      "v": 0.0
                    },
                    {
                      "k": "watchers_count",
                      "v": 0.0
                    },
                    {
                      "k": "web_commit_signoff_required",
                      "v": false
                    }
                  ]
                }
              },
              {
                "k": "sender",
                "v": {
                  "t": 2,
                  "d": [
                    {
                      "k": "avatar_url",
                      "v": "https://avatars.githubusercontent.com/u/137277621?v=4"
                    },
                    {
                      "k": "events_url",
                      "v": "https://api.github.com/users/Anna-Shirokaya/events{/privacy}"
                    },
                    {
                      "k": "followers_url",
                      "v": "https://api.github.com/users/Anna-Shirokaya/followers"
                    },
                    {
                      "k": "following_url",
                      "v": "https://api.github.com/users/Anna-Shirokaya/following{/other_user}"
                    },
                    {
                      "k": "gists_url",
                      "v": "https://api.github.com/users/Anna-Shirokaya/gists{/gist_id}"
                    },
                    {
                      "k": "gravatar_id",
                      "v": ""
                    },
                    {
                      "k": "html_url",
                      "v": "https://github.com/Anna-Shirokaya"
                    },
                    {
                      "k": "id",
                      "v": 137277621.0
                    },
                    {
                      "k": "login",
                      "v": "Anna-Shirokaya"
                    },
                    {
                      "k": "node_id",
                      "v": "U_kgDOCC6wtQ"
                    },
                    {
                      "k": "organizations_url",
                      "v": "https://api.github.com/users/Anna-Shirokaya/orgs"
                    },
                    {
                      "k": "received_events_url",
                      "v": "https://api.github.com/users/Anna-Shirokaya/received_events"
                    },
                    {
                      "k": "repos_url",
                      "v": "https://api.github.com/users/Anna-Shirokaya/repos"
                    },
                    {
                      "k": "site_admin",
                      "v": false
                    },
                    {
                      "k": "starred_url",
                      "v": "https://api.github.com/users/Anna-Shirokaya/starred{/owner}{/repo}"
                    },
                    {
                      "k": "subscriptions_url",
                      "v": "https://api.github.com/users/Anna-Shirokaya/subscriptions"
                    },
                    {
                      "k": "type",
                      "v": "User"
                    },
                    {
                      "k": "url",
                      "v": "https://api.github.com/users/Anna-Shirokaya"
                    },
                    {
                      "k": "user_view_type",
                      "v": "public"
                    }
                  ]
                }
              }
            ]
          }
        },
        {
          "k": "workflow_ref",
          "v": "Anna-Shirokaya/profinansyweb/.github/workflows/tests.yml@refs/heads/main"
        },
        {
          "k": "workflow_sha",
          "v": "2e37e6732f1d2c505f450dd06e2f7d0226aef68c"
        },
        {
          "k": "repository_id",
          "v": "1339598509"
        },
        {
          "k": "triggering_actor",
          "v": "Anna-Shirokaya"
        }
      ]
    },
    "inputs": {
      "t": 2
    },
    "job": {
      "t": 2,
      "d": [
        {
          "k": "check_run_id",
          "v": 97778614041.0
        },
        {
          "k": "workflow_ref",
          "v": "Anna-Shirokaya/profinansyweb/.github/workflows/tests.yml@refs/heads/main"
        },
        {
          "k": "workflow_sha",
          "v": "2e37e6732f1d2c505f450dd06e2f7d0226aef68c"
        },
        {
          "k": "workflow_repository",
          "v": "Anna-Shirokaya/profinansyweb"
        },
        {
          "k": "workflow_file_path",
          "v": ".github/workflows/tests.yml"
        }
      ]
    },
    "matrix": null,
    "needs": {
      "t": 2
    },
    "strategy": {
      "t": 2,
      "d": [
        {
          "k": "fail-fast",
          "v": true
        },
        {
          "k": "job-index",
          "v": 0.0
        },
        {
          "k": "job-total",
          "v": 1.0
        },
        {
          "k": "max-parallel",
          "v": 1.0
        }
      ]
    },
    "vars": {
      "t": 2
    }
  },
  "billingOwnerId": "U_kgDOCC6wtQ"
}
[2026-08-25 11:04:56Z INFO JobRunner] Job ID 18ed539d-1fdb-584b-b2bf-51f82c6df653
[2026-08-25 11:04:56Z INFO ConfigurationStore] currentAssemblyLocation: D:\profinansy_tests_web\actions-runner\bin\Runner.Worker.dll
[2026-08-25 11:04:56Z INFO HostContext] Well known directory 'Bin': 'D:\profinansy_tests_web\actions-runner\bin'
[2026-08-25 11:04:56Z INFO ConfigurationStore] binPath: D:\profinansy_tests_web\actions-runner\bin
[2026-08-25 11:04:56Z INFO HostContext] Well known directory 'Bin': 'D:\profinansy_tests_web\actions-runner\bin'
[2026-08-25 11:04:56Z INFO HostContext] Well known directory 'Root': 'D:\profinansy_tests_web\actions-runner'
[2026-08-25 11:04:56Z INFO ConfigurationStore] RootFolder: D:\profinansy_tests_web\actions-runner
[2026-08-25 11:04:56Z INFO HostContext] Well known directory 'Bin': 'D:\profinansy_tests_web\actions-runner\bin'
[2026-08-25 11:04:56Z INFO HostContext] Well known directory 'Root': 'D:\profinansy_tests_web\actions-runner'
[2026-08-25 11:04:56Z INFO HostContext] Well known config file 'Runner': 'D:\profinansy_tests_web\actions-runner\.runner'
[2026-08-25 11:04:56Z INFO ConfigurationStore] ConfigFilePath: D:\profinansy_tests_web\actions-runner\.runner
[2026-08-25 11:04:56Z INFO HostContext] Well known directory 'Bin': 'D:\profinansy_tests_web\actions-runner\bin'
[2026-08-25 11:04:56Z INFO HostContext] Well known directory 'Root': 'D:\profinansy_tests_web\actions-runner'
[2026-08-25 11:04:56Z INFO HostContext] Well known config file 'MigratedRunner': 'D:\profinansy_tests_web\actions-runner\.runner_migrated'
[2026-08-25 11:04:56Z INFO ConfigurationStore] MigratedConfigFilePath: D:\profinansy_tests_web\actions-runner\.runner_migrated
[2026-08-25 11:04:56Z INFO HostContext] Well known directory 'Bin': 'D:\profinansy_tests_web\actions-runner\bin'
[2026-08-25 11:04:56Z INFO HostContext] Well known directory 'Root': 'D:\profinansy_tests_web\actions-runner'
[2026-08-25 11:04:56Z INFO HostContext] Well known config file 'Credentials': 'D:\profinansy_tests_web\actions-runner\.credentials'
[2026-08-25 11:04:56Z INFO ConfigurationStore] CredFilePath: D:\profinansy_tests_web\actions-runner\.credentials
[2026-08-25 11:04:56Z INFO HostContext] Well known directory 'Bin': 'D:\profinansy_tests_web\actions-runner\bin'
[2026-08-25 11:04:56Z INFO HostContext] Well known directory 'Root': 'D:\profinansy_tests_web\actions-runner'
[2026-08-25 11:04:56Z INFO HostContext] Well known config file 'MigratedCredentials': 'D:\profinansy_tests_web\actions-runner\.credentials_migrated'
[2026-08-25 11:04:56Z INFO ConfigurationStore] MigratedCredFilePath: D:\profinansy_tests_web\actions-runner\.credentials_migrated
[2026-08-25 11:04:56Z INFO HostContext] Well known directory 'Bin': 'D:\profinansy_tests_web\actions-runner\bin'
[2026-08-25 11:04:56Z INFO HostContext] Well known directory 'Root': 'D:\profinansy_tests_web\actions-runner'
[2026-08-25 11:04:56Z INFO HostContext] Well known config file 'Service': 'D:\profinansy_tests_web\actions-runner\.service'
[2026-08-25 11:04:56Z INFO ConfigurationStore] ServiceConfigFilePath: D:\profinansy_tests_web\actions-runner\.service
[2026-08-25 11:04:56Z INFO ConfigurationStore] Read setting file: 408 chars
[2026-08-25 11:04:56Z INFO JobRunner] Initializing launch client
[2026-08-25 11:04:56Z INFO JobServerQueue] Initializing results client
[2026-08-25 11:04:56Z INFO ResultServer] Creating websocket client ...wss://results-receiver.actions.githubusercontent.com/_ws/ingest.sock
[2026-08-25 11:04:56Z INFO ResultServer] Attempting to start websocket client with delay 00:00:00.
[2026-08-25 11:04:56Z INFO JobServerQueue] Start process web console line queue.
[2026-08-25 11:04:56Z INFO JobServerQueue] Start process file upload queue.
[2026-08-25 11:04:56Z INFO JobServerQueue] Start results file upload queue.
[2026-08-25 11:04:56Z INFO JobServerQueue] Starting results-based upload queue...
[2026-08-25 11:04:56Z INFO JobServerQueue] Start process timeline update queue.
[2026-08-25 11:04:56Z INFO ExecutionContext] Initializing Job context
[2026-08-25 11:04:56Z INFO ExecutionContext] Initialize GitHub context
[2026-08-25 11:04:56Z INFO ExecutionContext] Initialize Env context
[2026-08-25 11:04:56Z INFO HostContext] Well known directory 'Bin': 'D:\profinansy_tests_web\actions-runner\bin'
[2026-08-25 11:04:56Z INFO HostContext] Well known directory 'Root': 'D:\profinansy_tests_web\actions-runner'
[2026-08-25 11:04:56Z INFO HostContext] Well known directory 'Diag': 'D:\profinansy_tests_web\actions-runner\_diag'
[2026-08-25 11:04:56Z INFO HostContext] Well known directory 'Bin': 'D:\profinansy_tests_web\actions-runner\bin'
[2026-08-25 11:04:56Z INFO HostContext] Well known directory 'Root': 'D:\profinansy_tests_web\actions-runner'
[2026-08-25 11:04:56Z INFO HostContext] Well known directory 'Diag': 'D:\profinansy_tests_web\actions-runner\_diag'
[2026-08-25 11:04:56Z INFO JobRunner] Starting the job execution context.
[2026-08-25 11:04:56Z INFO HostContext] Well known directory 'Bin': 'D:\profinansy_tests_web\actions-runner\bin'
[2026-08-25 11:04:56Z INFO HostContext] Well known directory 'Root': 'D:\profinansy_tests_web\actions-runner'
[2026-08-25 11:04:56Z INFO HostContext] Well known directory 'Work': 'D:\profinansy_tests_web\actions-runner\_work'
[2026-08-25 11:04:56Z INFO JobRunner] Validating directory permissions for: 'D:\profinansy_tests_web\actions-runner\_work'
[2026-08-25 11:04:56Z INFO HostContext] Well known directory 'Bin': 'D:\profinansy_tests_web\actions-runner\bin'
[2026-08-25 11:04:56Z INFO HostContext] Well known directory 'Root': 'D:\profinansy_tests_web\actions-runner'
[2026-08-25 11:04:56Z INFO HostContext] Well known directory 'Work': 'D:\profinansy_tests_web\actions-runner\_work'
[2026-08-25 11:04:56Z INFO HostContext] Well known directory 'Tools': 'D:\profinansy_tests_web\actions-runner\_work\_tool'
[2026-08-25 11:04:56Z INFO HostContext] Well known directory 'Bin': 'D:\profinansy_tests_web\actions-runner\bin'
[2026-08-25 11:04:56Z INFO HostContext] Well known directory 'Root': 'D:\profinansy_tests_web\actions-runner'
[2026-08-25 11:04:56Z INFO HostContext] Well known directory 'Work': 'D:\profinansy_tests_web\actions-runner\_work'
[2026-08-25 11:04:56Z INFO HostContext] Well known directory 'Temp': 'D:\profinansy_tests_web\actions-runner\_work\_temp'
[2026-08-25 11:04:56Z INFO JobRunner] Getting job extension.
[2026-08-25 11:04:56Z INFO JobRunner] Initialize job. Getting all job steps.
[2026-08-25 11:04:56Z INFO HostContext] Well known directory 'Bin': 'D:\profinansy_tests_web\actions-runner\bin'
[2026-08-25 11:04:56Z INFO HostContext] Well known directory 'Root': 'D:\profinansy_tests_web\actions-runner'
[2026-08-25 11:04:56Z INFO HostContext] Well known directory 'Diag': 'D:\profinansy_tests_web\actions-runner\_diag'
[2026-08-25 11:04:56Z INFO HostContext] Well known directory 'Bin': 'D:\profinansy_tests_web\actions-runner\bin'
[2026-08-25 11:04:56Z INFO HostContext] Well known directory 'Root': 'D:\profinansy_tests_web\actions-runner'
[2026-08-25 11:04:56Z INFO HostContext] Well known directory 'Diag': 'D:\profinansy_tests_web\actions-runner\_diag'
[2026-08-25 11:04:56Z INFO HostContext] Well known directory 'Bin': 'D:\profinansy_tests_web\actions-runner\bin'
[2026-08-25 11:04:56Z INFO HostContext] Well known directory 'Root': 'D:\profinansy_tests_web\actions-runner'
[2026-08-25 11:04:56Z INFO HostContext] Well known config file 'Credentials': 'D:\profinansy_tests_web\actions-runner\.credentials'
[2026-08-25 11:04:56Z INFO HostContext] Well known directory 'Bin': 'D:\profinansy_tests_web\actions-runner\bin'
[2026-08-25 11:04:56Z INFO HostContext] Well known directory 'Root': 'D:\profinansy_tests_web\actions-runner'
[2026-08-25 11:04:56Z INFO HostContext] Well known config file 'SetupInfo': 'D:\profinansy_tests_web\actions-runner\.setup_info'
[2026-08-25 11:04:56Z INFO HostContext] Well known directory 'Bin': 'D:\profinansy_tests_web\actions-runner\bin'
[2026-08-25 11:04:56Z INFO HostContext] Well known directory 'Root': 'D:\profinansy_tests_web\actions-runner'
[2026-08-25 11:04:56Z INFO HostContext] Well known directory 'Work': 'D:\profinansy_tests_web\actions-runner\_work'
[2026-08-25 11:04:56Z INFO PipelineDirectoryManager] Loading tracking config if exists: D:\profinansy_tests_web\actions-runner\_work\_PipelineMapping\Anna-Shirokaya/profinansyweb\PipelineFolder.json
[2026-08-25 11:04:56Z INFO PipelineDirectoryManager] Creating a new tracking config file.
[2026-08-25 11:04:56Z INFO HostContext] Well known directory 'Bin': 'D:\profinansy_tests_web\actions-runner\bin'
[2026-08-25 11:04:56Z INFO HostContext] Well known directory 'Root': 'D:\profinansy_tests_web\actions-runner'
[2026-08-25 11:04:56Z INFO HostContext] Well known directory 'Work': 'D:\profinansy_tests_web\actions-runner\_work'
[2026-08-25 11:04:56Z INFO PipelineDirectoryManager] Creating pipeline directory.
[2026-08-25 11:04:56Z INFO HostContext] Well known directory 'Bin': 'D:\profinansy_tests_web\actions-runner\bin'
[2026-08-25 11:04:56Z INFO HostContext] Well known directory 'Root': 'D:\profinansy_tests_web\actions-runner'
[2026-08-25 11:04:56Z INFO HostContext] Well known directory 'Work': 'D:\profinansy_tests_web\actions-runner\_work'
[2026-08-25 11:04:56Z INFO PipelineDirectoryManager] Creating workspace directory.
[2026-08-25 11:04:56Z INFO HostContext] Well known directory 'Bin': 'D:\profinansy_tests_web\actions-runner\bin'
[2026-08-25 11:04:56Z INFO HostContext] Well known directory 'Root': 'D:\profinansy_tests_web\actions-runner'
[2026-08-25 11:04:56Z INFO HostContext] Well known directory 'Work': 'D:\profinansy_tests_web\actions-runner\_work'
[2026-08-25 11:04:56Z INFO JobExtension] Downloading actions
[2026-08-25 11:04:56Z INFO HostContext] Well known directory 'Bin': 'D:\profinansy_tests_web\actions-runner\bin'
[2026-08-25 11:04:56Z INFO HostContext] Well known directory 'Root': 'D:\profinansy_tests_web\actions-runner'
[2026-08-25 11:04:56Z INFO HostContext] Well known directory 'Work': 'D:\profinansy_tests_web\actions-runner\_work'
[2026-08-25 11:04:56Z INFO HostContext] Well known directory 'Actions': 'D:\profinansy_tests_web\actions-runner\_work\_actions'
[2026-08-25 11:04:56Z INFO Worker] Listening for cancel message from the channel.
[2026-08-25 11:04:56Z INFO Worker] Waiting for the job to complete or for a cancel message from the channel.
[2026-08-25 11:04:56Z INFO ResultServer] Successfully started websocket client.
[2026-08-25 11:04:56Z INFO JobServerQueue] Try to append 1 batches web console lines for record '57a615ee-2b9f-48f3-9545-ef5e55247193', success rate: 1/1.
[2026-08-25 11:04:57Z INFO HostContext] Well known directory 'Bin': 'D:\profinansy_tests_web\actions-runner\bin'
[2026-08-25 11:04:57Z INFO HostContext] Well known directory 'Root': 'D:\profinansy_tests_web\actions-runner'
[2026-08-25 11:04:57Z INFO HostContext] Well known directory 'Work': 'D:\profinansy_tests_web\actions-runner\_work'
[2026-08-25 11:04:57Z INFO HostContext] Well known directory 'Actions': 'D:\profinansy_tests_web\actions-runner\_work\_actions'
[2026-08-25 11:04:57Z INFO HostContext] Well known directory 'Bin': 'D:\profinansy_tests_web\actions-runner\bin'
[2026-08-25 11:04:57Z INFO HostContext] Well known directory 'Root': 'D:\profinansy_tests_web\actions-runner'
[2026-08-25 11:04:57Z INFO HostContext] Well known directory 'Work': 'D:\profinansy_tests_web\actions-runner\_work'
[2026-08-25 11:04:57Z INFO HostContext] Well known directory 'Actions': 'D:\profinansy_tests_web\actions-runner\_work\_actions'
[2026-08-25 11:04:57Z INFO ActionManager] Save archive 'https://codeload.github.com/actions/checkout/zip/11d5960a326750d5838078e36cf38b85af677262' into D:\profinansy_tests_web\actions-runner\_work\_actions\_temp_1ac39ef9-48ce-419d-acc0-6fc22b208544\c2796a6c-d774-44ae-bd64-fd741c5aa8e3.zip.
[2026-08-25 11:04:57Z INFO ActionManager] Using Basic token for action archive download.
[2026-08-25 11:04:57Z INFO JobServerQueue] Try to append 1 batches web console lines for record '57a615ee-2b9f-48f3-9545-ef5e55247193', success rate: 1/1.
[2026-08-25 11:04:57Z INFO JobServerQueue] Job timeline record has been updated for the first time.
[2026-08-25 11:04:57Z INFO ActionManager] Request URL: https://codeload.github.com/actions/checkout/zip/11d5960a326750d5838078e36cf38b85af677262 X-GitHub-Request-Id: F5C7:27BB6B:14BB6:19BBB:6A8D770F Http Status: OK
[2026-08-25 11:04:58Z INFO ActionManager] Finished getting action repository.
[2026-08-25 11:04:58Z INFO HostContext] Well known directory 'Bin': 'D:\profinansy_tests_web\actions-runner\bin'
[2026-08-25 11:04:58Z INFO HostContext] Well known directory 'Root': 'D:\profinansy_tests_web\actions-runner'
[2026-08-25 11:04:58Z INFO HostContext] Well known directory 'Work': 'D:\profinansy_tests_web\actions-runner\_work'
[2026-08-25 11:04:58Z INFO HostContext] Well known directory 'Actions': 'D:\profinansy_tests_web\actions-runner\_work\_actions'
[2026-08-25 11:04:58Z INFO HostContext] Well known directory 'Bin': 'D:\profinansy_tests_web\actions-runner\bin'
[2026-08-25 11:04:58Z INFO HostContext] Well known directory 'Root': 'D:\profinansy_tests_web\actions-runner'
[2026-08-25 11:04:58Z INFO HostContext] Well known directory 'Work': 'D:\profinansy_tests_web\actions-runner\_work'
[2026-08-25 11:04:58Z INFO HostContext] Well known directory 'Actions': 'D:\profinansy_tests_web\actions-runner\_work\_actions'
[2026-08-25 11:04:58Z INFO ActionManager] Save archive 'https://codeload.github.com/actions/setup-python/zip/a26af69be951a213d495a4c3e4e4022e16d87065' into D:\profinansy_tests_web\actions-runner\_work\_actions\_temp_6ff00d53-1c73-4617-afea-5fb640f5a3b8\6c3edb36-d9c9-4ef8-8107-71b9c7a49c1f.zip.
[2026-08-25 11:04:58Z INFO ActionManager] Using Basic token for action archive download.
[2026-08-25 11:04:58Z INFO JobServerQueue] Try to append 1 batches web console lines for record '57a615ee-2b9f-48f3-9545-ef5e55247193', success rate: 1/1.
[2026-08-25 11:04:58Z INFO ActionManager] Request URL: https://codeload.github.com/actions/setup-python/zip/a26af69be951a213d495a4c3e4e4022e16d87065 X-GitHub-Request-Id: F5C8:279008:14618:195E1:6A8D7710 Http Status: OK
[2026-08-25 11:04:59Z INFO ActionManager] Finished getting action repository.
[2026-08-25 11:04:59Z INFO HostContext] Well known directory 'Bin': 'D:\profinansy_tests_web\actions-runner\bin'
[2026-08-25 11:04:59Z INFO HostContext] Well known directory 'Root': 'D:\profinansy_tests_web\actions-runner'
[2026-08-25 11:04:59Z INFO HostContext] Well known directory 'Work': 'D:\profinansy_tests_web\actions-runner\_work'
[2026-08-25 11:04:59Z INFO HostContext] Well known directory 'Actions': 'D:\profinansy_tests_web\actions-runner\_work\_actions'
[2026-08-25 11:04:59Z INFO HostContext] Well known directory 'Bin': 'D:\profinansy_tests_web\actions-runner\bin'
[2026-08-25 11:04:59Z INFO HostContext] Well known directory 'Root': 'D:\profinansy_tests_web\actions-runner'
[2026-08-25 11:04:59Z INFO HostContext] Well known directory 'Work': 'D:\profinansy_tests_web\actions-runner\_work'
[2026-08-25 11:04:59Z INFO HostContext] Well known directory 'Actions': 'D:\profinansy_tests_web\actions-runner\_work\_actions'
[2026-08-25 11:04:59Z INFO ActionManager] Save archive 'https://codeload.github.com/simple-elf/allure-report-action/zip/385367cde61ac68c2568a117f7579f7f148dc459' into D:\profinansy_tests_web\actions-runner\_work\_actions\_temp_54795a78-21dc-403b-b8db-e52c21f3d04c\691dbfe8-7604-480f-8672-fa12c06cc649.zip.
[2026-08-25 11:04:59Z INFO ActionManager] Using Basic token for action archive download.
[2026-08-25 11:04:59Z INFO JobServerQueue] Try to append 1 batches web console lines for record '57a615ee-2b9f-48f3-9545-ef5e55247193', success rate: 1/1.
[2026-08-25 11:04:59Z INFO ActionManager] Request URL: https://codeload.github.com/simple-elf/allure-report-action/zip/385367cde61ac68c2568a117f7579f7f148dc459 X-GitHub-Request-Id: FCBB:FAA7B:14DD1:19E22:6A8D7711 Http Status: OK
[2026-08-25 11:04:59Z INFO ActionManager] Finished getting action repository.
[2026-08-25 11:04:59Z INFO HostContext] Well known directory 'Bin': 'D:\profinansy_tests_web\actions-runner\bin'
[2026-08-25 11:04:59Z INFO HostContext] Well known directory 'Root': 'D:\profinansy_tests_web\actions-runner'
[2026-08-25 11:04:59Z INFO HostContext] Well known directory 'Work': 'D:\profinansy_tests_web\actions-runner\_work'
[2026-08-25 11:04:59Z INFO HostContext] Well known directory 'Actions': 'D:\profinansy_tests_web\actions-runner\_work\_actions'
[2026-08-25 11:04:59Z INFO HostContext] Well known directory 'Bin': 'D:\profinansy_tests_web\actions-runner\bin'
[2026-08-25 11:04:59Z INFO HostContext] Well known directory 'Root': 'D:\profinansy_tests_web\actions-runner'
[2026-08-25 11:04:59Z INFO HostContext] Well known directory 'Work': 'D:\profinansy_tests_web\actions-runner\_work'
[2026-08-25 11:04:59Z INFO HostContext] Well known directory 'Actions': 'D:\profinansy_tests_web\actions-runner\_work\_actions'
[2026-08-25 11:04:59Z INFO ActionManager] Save archive 'https://codeload.github.com/peaceiris/actions-gh-pages/zip/373f7f263a76c20808c831209c920827a82a2847' into D:\profinansy_tests_web\actions-runner\_work\_actions\_temp_3e290331-4f41-4bfe-960b-18fc84c2fa68\0d8dc2d6-7fe3-4766-a4ab-b6f13115eb57.zip.
[2026-08-25 11:04:59Z INFO ActionManager] Using Basic token for action archive download.
[2026-08-25 11:04:59Z INFO JobServerQueue] Try to append 1 batches web console lines for record '57a615ee-2b9f-48f3-9545-ef5e55247193', success rate: 1/1.
[2026-08-25 11:05:00Z INFO ActionManager] Request URL: https://codeload.github.com/peaceiris/actions-gh-pages/zip/373f7f263a76c20808c831209c920827a82a2847 X-GitHub-Request-Id: FCBC:69F2F:14EAD:19F44:6A8D7711 Http Status: OK
[2026-08-25 11:05:00Z INFO ActionManager] Finished getting action repository.
[2026-08-25 11:05:00Z INFO HostContext] Well known directory 'Bin': 'D:\profinansy_tests_web\actions-runner\bin'
[2026-08-25 11:05:00Z INFO HostContext] Well known directory 'Root': 'D:\profinansy_tests_web\actions-runner'
[2026-08-25 11:05:00Z INFO HostContext] Well known directory 'Work': 'D:\profinansy_tests_web\actions-runner\_work'
[2026-08-25 11:05:00Z INFO HostContext] Well known directory 'Actions': 'D:\profinansy_tests_web\actions-runner\_work\_actions'
[2026-08-25 11:05:00Z INFO ActionManifestManagerLegacy] Load schema file with definitions: [
  "null",
  "boolean",
  "number",
  "string",
  "sequence",
  "mapping",
  "any",
  "action-root",
  "inputs",
  "input",
  "outputs",
  "output-definition",
  "runs",
  "container-runs",
  "container-runs-args",
  "container-runs-env",
  "node-runs",
  "plugin-runs",
  "composite-runs",
  "composite-steps",
  "composite-step",
  "run-step",
  "uses-step",
  "container-runs-context",
  "output-value",
  "input-default-context",
  "non-empty-string",
  "string-steps-context",
  "boolean-steps-context",
  "step-env",
  "step-if",
  "step-with"
]
[2026-08-25 11:05:00Z INFO ActionManifestManager] Load schema file with definitions: [
  "null",
  "boolean",
  "number",
  "string",
  "sequence",
  "mapping",
  "any",
  "action-root",
  "inputs",
  "input",
  "outputs",
  "output-definition",
  "runs",
  "container-runs",
  "container-runs-args",
  "container-runs-env",
  "node-runs",
  "plugin-runs",
  "composite-runs",
  "composite-steps",
  "composite-step",
  "run-step",
  "uses-step",
  "container-runs-context",
  "output-value",
  "input-default-context",
  "non-empty-string",
  "string-steps-context",
  "boolean-steps-context",
  "step-env",
  "step-if",
  "step-with"
]
[2026-08-25 11:05:00Z INFO HostContext] Well known directory 'Bin': 'D:\profinansy_tests_web\actions-runner\bin'
[2026-08-25 11:05:00Z INFO HostContext] Well known directory 'Root': 'D:\profinansy_tests_web\actions-runner'
[2026-08-25 11:05:00Z INFO HostContext] Well known directory 'Work': 'D:\profinansy_tests_web\actions-runner\_work'
[2026-08-25 11:05:00Z INFO HostContext] Well known directory 'Actions': 'D:\profinansy_tests_web\actions-runner\_work\_actions'
[2026-08-25 11:05:00Z INFO ActionManifestManagerLegacy] Loaded action.yml file: {
  "name": "Checkout",
  "description": "Checkout a Git repository at a particular version",
  "inputs": {
    "type": 2,
    "map": [
      {
        "key": {
          "type": 0,
          "file": 2,
          "line": 4,
          "col": 3,
          "lit": "repository"
        },
        "value": {
          "type": 3,
          "file": 2,
          "line": 6,
          "col": 14,
          "expr": "github.repository"
        }
      },
      {
        "key": {
          "type": 0,
          "file": 2,
          "line": 7,
          "col": 3,
          "lit": "ref"
        },
        "value": ""
      },
      {
        "key": {
          "type": 0,
          "file": 2,
          "line": 12,
          "col": 3,
          "lit": "token"
        },
        "value": {
          "type": 3,
          "file": 2,
          "line": 24,
          "col": 14,
          "expr": "github.token"
        }
      },
      {
        "key": {
          "type": 0,
          "file": 2,
          "line": 25,
          "col": 3,
          "lit": "ssh-key"
        },
        "value": ""
      },
      {
        "key": {
          "type": 0,
          "file": 2,
          "line": 37,
          "col": 3,
          "lit": "ssh-known-hosts"
        },
        "value": ""
      },
      {
        "key": {
          "type": 0,
          "file": 2,
          "line": 42,
          "col": 3,
          "lit": "ssh-strict"
        },
        "value": {
          "type": 0,
          "file": 2,
          "line": 47,
          "col": 14,
          "lit": "true"
        }
      },
      {
        "key": {
          "type": 0,
          "file": 2,
          "line": 48,
          "col": 3,
          "lit": "ssh-user"
        },
        "value": {
          "type": 0,
          "file": 2,
          "line": 51,
          "col": 14,
          "lit": "git"
        }
      },
      {
        "key": {
          "type": 0,
          "file": 2,
          "line": 52,
          "col": 3,
          "lit": "persist-credentials"
        },
        "value": {
          "type": 0,
          "file": 2,
          "line": 54,
          "col": 14,
          "lit": "true"
        }
      },
      {
        "key": {
          "type": 0,
          "file": 2,
          "line": 55,
          "col": 3,
          "lit": "path"
        },
        "value": ""
      },
      {
        "key": {
          "type": 0,
          "file": 2,
          "line": 57,
          "col": 3,
          "lit": "clean"
        },
        "value": {
          "type": 0,
          "file": 2,
          "line": 59,
          "col": 14,
          "lit": "true"
        }
      },
      {
        "key": {
          "type": 0,
          "file": 2,
          "line": 60,
          "col": 3,
          "lit": "filter"
        },
        "value": {
          "type": 0,
          "file": 2,
          "line": 64,
          "col": 14,
          "lit": ""
        }
      },
      {
        "key": {
          "type": 0,
          "file": 2,
          "line": 65,
          "col": 3,
          "lit": "sparse-checkout"
        },
        "value": {
          "type": 0,
          "file": 2,
          "line": 69,
          "col": 14,
          "lit": ""
        }
      },
      {
        "key": {
          "type": 0,
          "file": 2,
          "line": 70,
          "col": 3,
          "lit": "sparse-checkout-cone-mode"
        },
        "value": {
          "type": 0,
          "file": 2,
          "line": 73,
          "col": 14,
          "lit": "true"
        }
      },
      {
        "key": {
          "type": 0,
          "file": 2,
          "line": 74,
          "col": 3,
          "lit": "fetch-depth"
        },
        "value": {
          "type": 0,
          "file": 2,
          "line": 76,
          "col": 14,
          "lit": "1"
        }
      },
      {
        "key": {
          "type": 0,
          "file": 2,
          "line": 77,
          "col": 3,
          "lit": "fetch-tags"
        },
        "value": {
          "type": 0,
          "file": 2,
          "line": 79,
          "col": 14,
          "lit": "false"
        }
      },
      {
        "key": {
          "type": 0,
          "file": 2,
          "line": 80,
          "col": 3,
          "lit": "show-progress"
        },
        "value": {
          "type": 0,
          "file": 2,
          "line": 82,
          "col": 14,
          "lit": "true"
        }
      },
      {
        "key": {
          "type": 0,
          "file": 2,
          "line": 83,
          "col": 3,
          "lit": "lfs"
        },
        "value": {
          "type": 0,
          "file": 2,
          "line": 85,
          "col": 14,
          "lit": "false"
        }
      },
      {
        "key": {
          "type": 0,
          "file": 2,
          "line": 86,
          "col": 3,
          "lit": "submodules"
        },
        "value": {
          "type": 0,
          "file": 2,
          "line": 94,
          "col": 14,
          "lit": "false"
        }
      },
      {
        "key": {
          "type": 0,
          "file": 2,
          "line": 95,
          "col": 3,
          "lit": "set-safe-directory"
        },
        "value": {
          "type": 0,
          "file": 2,
          "line": 97,
          "col": 14,
          "lit": "true"
        }
      },
      {
        "key": {
          "type": 0,
          "file": 2,
          "line": 98,
          "col": 3,
          "lit": "github-server-url"
        },
        "value": ""
      },
      {
        "key": {
          "type": 0,
          "file": 2,
          "line": 101,
          "col": 3,
          "lit": "allow-unsafe-pr-checkout"
        },
        "value": {
          "type": 0,
          "file": 2,
          "line": 109,
          "col": 14,
          "lit": "false"
        }
      }
    ]
  },
  "execution": {
    "executionType": "nodeJS",
    "hasPre": false,
    "hasPost": true,
    "script": "dist/index.js",
    "pre": null,
    "post": "dist/index.js",
    "nodeVersion": "node20",
    "cleanupCondition": "always()",
    "initCondition": "always()"
  },
  "deprecated": null
}
[2026-08-25 11:05:00Z INFO ActionManager] Action node.js file: dist/index.js, no more preparation.
[2026-08-25 11:05:00Z INFO HostContext] Well known directory 'Bin': 'D:\profinansy_tests_web\actions-runner\bin'
[2026-08-25 11:05:00Z INFO HostContext] Well known directory 'Root': 'D:\profinansy_tests_web\actions-runner'
[2026-08-25 11:05:00Z INFO HostContext] Well known directory 'Work': 'D:\profinansy_tests_web\actions-runner\_work'
[2026-08-25 11:05:00Z INFO HostContext] Well known directory 'Actions': 'D:\profinansy_tests_web\actions-runner\_work\_actions'
[2026-08-25 11:05:00Z INFO ActionManager] Load action that reference repository from 'D:\profinansy_tests_web\actions-runner\_work\_actions\actions\checkout\v4'
[2026-08-25 11:05:00Z INFO HostContext] Well known directory 'Bin': 'D:\profinansy_tests_web\actions-runner\bin'
[2026-08-25 11:05:00Z INFO HostContext] Well known directory 'Root': 'D:\profinansy_tests_web\actions-runner'
[2026-08-25 11:05:00Z INFO HostContext] Well known directory 'Work': 'D:\profinansy_tests_web\actions-runner\_work'
[2026-08-25 11:05:00Z INFO HostContext] Well known directory 'Actions': 'D:\profinansy_tests_web\actions-runner\_work\_actions'
[2026-08-25 11:05:00Z INFO ActionManifestManagerLegacy] Loaded action.yml file: {
  "name": "Checkout",
  "description": "Checkout a Git repository at a particular version",
  "inputs": {
    "type": 2,
    "map": [
      {
        "key": {
          "type": 0,
          "file": 2,
          "line": 4,
          "col": 3,
          "lit": "repository"
        },
        "value": {
          "type": 3,
          "file": 2,
          "line": 6,
          "col": 14,
          "expr": "github.repository"
        }
      },
      {
        "key": {
          "type": 0,
          "file": 2,
          "line": 7,
          "col": 3,
          "lit": "ref"
        },
        "value": ""
      },
      {
        "key": {
          "type": 0,
          "file": 2,
          "line": 12,
          "col": 3,
          "lit": "token"
        },
        "value": {
          "type": 3,
          "file": 2,
          "line": 24,
          "col": 14,
          "expr": "github.token"
        }
      },
      {
        "key": {
          "type": 0,
          "file": 2,
          "line": 25,
          "col": 3,
          "lit": "ssh-key"
        },
        "value": ""
      },
      {
        "key": {
          "type": 0,
          "file": 2,
          "line": 37,
          "col": 3,
          "lit": "ssh-known-hosts"
        },
        "value": ""
      },
      {
        "key": {
          "type": 0,
          "file": 2,
          "line": 42,
          "col": 3,
          "lit": "ssh-strict"
        },
        "value": {
          "type": 0,
          "file": 2,
          "line": 47,
          "col": 14,
          "lit": "true"
        }
      },
      {
        "key": {
          "type": 0,
          "file": 2,
          "line": 48,
          "col": 3,
          "lit": "ssh-user"
        },
        "value": {
          "type": 0,
          "file": 2,
          "line": 51,
          "col": 14,
          "lit": "git"
        }
      },
      {
        "key": {
          "type": 0,
          "file": 2,
          "line": 52,
          "col": 3,
          "lit": "persist-credentials"
        },
        "value": {
          "type": 0,
          "file": 2,
          "line": 54,
          "col": 14,
          "lit": "true"
        }
      },
      {
        "key": {
          "type": 0,
          "file": 2,
          "line": 55,
          "col": 3,
          "lit": "path"
        },
        "value": ""
      },
      {
        "key": {
          "type": 0,
          "file": 2,
          "line": 57,
          "col": 3,
          "lit": "clean"
        },
        "value": {
          "type": 0,
          "file": 2,
          "line": 59,
          "col": 14,
          "lit": "true"
        }
      },
      {
        "key": {
          "type": 0,
          "file": 2,
          "line": 60,
          "col": 3,
          "lit": "filter"
        },
        "value": {
          "type": 0,
          "file": 2,
          "line": 64,
          "col": 14,
          "lit": ""
        }
      },
      {
        "key": {
          "type": 0,
          "file": 2,
          "line": 65,
          "col": 3,
          "lit": "sparse-checkout"
        },
        "value": {
          "type": 0,
          "file": 2,
          "line": 69,
          "col": 14,
          "lit": ""
        }
      },
      {
        "key": {
          "type": 0,
          "file": 2,
          "line": 70,
          "col": 3,
          "lit": "sparse-checkout-cone-mode"
        },
        "value": {
          "type": 0,
          "file": 2,
          "line": 73,
          "col": 14,
          "lit": "true"
        }
      },
      {
        "key": {
          "type": 0,
          "file": 2,
          "line": 74,
          "col": 3,
          "lit": "fetch-depth"
        },
        "value": {
          "type": 0,
          "file": 2,
          "line": 76,
          "col": 14,
          "lit": "1"
        }
      },
      {
        "key": {
          "type": 0,
          "file": 2,
          "line": 77,
          "col": 3,
          "lit": "fetch-tags"
        },
        "value": {
          "type": 0,
          "file": 2,
          "line": 79,
          "col": 14,
          "lit": "false"
        }
      },
      {
        "key": {
          "type": 0,
          "file": 2,
          "line": 80,
          "col": 3,
          "lit": "show-progress"
        },
        "value": {
          "type": 0,
          "file": 2,
          "line": 82,
          "col": 14,
          "lit": "true"
        }
      },
      {
        "key": {
          "type": 0,
          "file": 2,
          "line": 83,
          "col": 3,
          "lit": "lfs"
        },
        "value": {
          "type": 0,
          "file": 2,
          "line": 85,
          "col": 14,
          "lit": "false"
        }
      },
      {
        "key": {
          "type": 0,
          "file": 2,
          "line": 86,
          "col": 3,
          "lit": "submodules"
        },
        "value": {
          "type": 0,
          "file": 2,
          "line": 94,
          "col": 14,
          "lit": "false"
        }
      },
      {
        "key": {
          "type": 0,
          "file": 2,
          "line": 95,
          "col": 3,
          "lit": "set-safe-directory"
        },
        "value": {
          "type": 0,
          "file": 2,
          "line": 97,
          "col": 14,
          "lit": "true"
        }
      },
      {
        "key": {
          "type": 0,
          "file": 2,
          "line": 98,
          "col": 3,
          "lit": "github-server-url"
        },
        "value": ""
      },
      {
        "key": {
          "type": 0,
          "file": 2,
          "line": 101,
          "col": 3,
          "lit": "allow-unsafe-pr-checkout"
        },
        "value": {
          "type": 0,
          "file": 2,
          "line": 109,
          "col": 14,
          "lit": "false"
        }
      }
    ]
  },
  "execution": {
    "executionType": "nodeJS",
    "hasPre": false,
    "hasPost": true,
    "script": "dist/index.js",
    "pre": null,
    "post": "dist/index.js",
    "nodeVersion": "node20",
    "cleanupCondition": "always()",
    "initCondition": "always()"
  },
  "deprecated": null
}
[2026-08-25 11:05:00Z INFO ActionManager] Action pre node.js file: N/A.
[2026-08-25 11:05:00Z INFO ActionManager] Action node.js file: dist/index.js.
[2026-08-25 11:05:00Z INFO ActionManager] Action post node.js file: dist/index.js.
[2026-08-25 11:05:00Z INFO HostContext] Well known directory 'Bin': 'D:\profinansy_tests_web\actions-runner\bin'
[2026-08-25 11:05:00Z INFO HostContext] Well known directory 'Root': 'D:\profinansy_tests_web\actions-runner'
[2026-08-25 11:05:00Z INFO HostContext] Well known directory 'Work': 'D:\profinansy_tests_web\actions-runner\_work'
[2026-08-25 11:05:00Z INFO HostContext] Well known directory 'Actions': 'D:\profinansy_tests_web\actions-runner\_work\_actions'
[2026-08-25 11:05:00Z INFO HostContext] Well known directory 'Bin': 'D:\profinansy_tests_web\actions-runner\bin'
[2026-08-25 11:05:00Z INFO HostContext] Well known directory 'Root': 'D:\profinansy_tests_web\actions-runner'
[2026-08-25 11:05:00Z INFO HostContext] Well known directory 'Work': 'D:\profinansy_tests_web\actions-runner\_work'
[2026-08-25 11:05:00Z INFO HostContext] Well known directory 'Actions': 'D:\profinansy_tests_web\actions-runner\_work\_actions'
[2026-08-25 11:05:00Z INFO ActionManifestManagerLegacy] Ignore action property author.
[2026-08-25 11:05:00Z INFO ActionManifestManagerLegacy] Ignore action property branding.
[2026-08-25 11:05:00Z INFO ActionManifestManagerLegacy] Loaded action.yml file: {
  "name": "Setup Python",
  "description": "Set up a specific version of Python and add the command-line tools to the PATH.",
  "inputs": {
    "type": 2,
    "map": [
      {
        "key": {
          "type": 0,
          "file": 3,
          "line": 6,
          "col": 3,
          "lit": "python-version"
        },
        "value": ""
      },
      {
        "key": {
          "type": 0,
          "file": 3,
          "line": 8,
          "col": 3,
          "lit": "python-version-file"
        },
        "value": ""
      },
      {
        "key": {
          "type": 0,
          "file": 3,
          "line": 10,
          "col": 3,
          "lit": "cache"
        },
        "value": ""
      },
      {
        "key": {
          "type": 0,
          "file": 3,
          "line": 13,
          "col": 3,
          "lit": "architecture"
        },
        "value": ""
      },
      {
        "key": {
          "type": 0,
          "file": 3,
          "line": 15,
          "col": 3,
          "lit": "check-latest"
        },
        "value": {
          "type": 0,
          "file": 3,
          "line": 17,
          "col": 14,
          "lit": "false"
        }
      },
      {
        "key": {
          "type": 0,
          "file": 3,
          "line": 18,
          "col": 3,
          "lit": "token"
        },
        "value": {
          "type": 3,
          "file": 3,
          "line": 20,
          "col": 14,
          "expr": "github.server_url == 'https://github.com' && github.token || ''"
        }
      },
      {
        "key": {
          "type": 0,
          "file": 3,
          "line": 21,
          "col": 3,
          "lit": "cache-dependency-path"
        },
        "value": ""
      },
      {
        "key": {
          "type": 0,
          "file": 3,
          "line": 23,
          "col": 3,
          "lit": "update-environment"
        },
        "value": {
          "type": 0,
          "file": 3,
          "line": 25,
          "col": 14,
          "lit": "true"
        }
      },
      {
        "key": {
          "type": 0,
          "file": 3,
          "line": 26,
          "col": 3,
          "lit": "allow-prereleases"
        },
        "value": {
          "type": 0,
          "file": 3,
          "line": 28,
          "col": 14,
          "lit": "false"
        }
      },
      {
        "key": {
          "type": 0,
          "file": 3,
          "line": 29,
          "col": 3,
          "lit": "freethreaded"
        },
        "value": {
          "type": 0,
          "file": 3,
          "line": 31,
          "col": 14,
          "lit": "false"
        }
      }
    ]
  },
  "execution": {
    "executionType": "nodeJS",
    "hasPre": false,
    "hasPost": true,
    "script": "dist/setup/index.js",
    "pre": null,
    "post": "dist/cache-save/index.js",
    "nodeVersion": "node20",
    "cleanupCondition": "success()",
    "initCondition": "always()"
  },
  "deprecated": null
}
[2026-08-25 11:05:00Z INFO ActionManager] Action node.js file: dist/setup/index.js, no more preparation.
[2026-08-25 11:05:00Z INFO HostContext] Well known directory 'Bin': 'D:\profinansy_tests_web\actions-runner\bin'
[2026-08-25 11:05:00Z INFO HostContext] Well known directory 'Root': 'D:\profinansy_tests_web\actions-runner'
[2026-08-25 11:05:00Z INFO HostContext] Well known directory 'Work': 'D:\profinansy_tests_web\actions-runner\_work'
[2026-08-25 11:05:00Z INFO HostContext] Well known directory 'Actions': 'D:\profinansy_tests_web\actions-runner\_work\_actions'
[2026-08-25 11:05:00Z INFO ActionManager] Load action that reference repository from 'D:\profinansy_tests_web\actions-runner\_work\_actions\actions\setup-python\v5'
[2026-08-25 11:05:00Z INFO HostContext] Well known directory 'Bin': 'D:\profinansy_tests_web\actions-runner\bin'
[2026-08-25 11:05:00Z INFO HostContext] Well known directory 'Root': 'D:\profinansy_tests_web\actions-runner'
[2026-08-25 11:05:00Z INFO HostContext] Well known directory 'Work': 'D:\profinansy_tests_web\actions-runner\_work'
[2026-08-25 11:05:00Z INFO HostContext] Well known directory 'Actions': 'D:\profinansy_tests_web\actions-runner\_work\_actions'
[2026-08-25 11:05:00Z INFO ActionManifestManagerLegacy] Ignore action property author.
[2026-08-25 11:05:00Z INFO ActionManifestManagerLegacy] Ignore action property branding.
[2026-08-25 11:05:00Z INFO ActionManifestManagerLegacy] Loaded action.yml file: {
  "name": "Setup Python",
  "description": "Set up a specific version of Python and add the command-line tools to the PATH.",
  "inputs": {
    "type": 2,
    "map": [
      {
        "key": {
          "type": 0,
          "file": 3,
          "line": 6,
          "col": 3,
          "lit": "python-version"
        },
        "value": ""
      },
      {
        "key": {
          "type": 0,
          "file": 3,
          "line": 8,
          "col": 3,
          "lit": "python-version-file"
        },
        "value": ""
      },
      {
        "key": {
          "type": 0,
          "file": 3,
          "line": 10,
          "col": 3,
          "lit": "cache"
        },
        "value": ""
      },
      {
        "key": {
          "type": 0,
          "file": 3,
          "line": 13,
          "col": 3,
          "lit": "architecture"
        },
        "value": ""
      },
      {
        "key": {
          "type": 0,
          "file": 3,
          "line": 15,
          "col": 3,
          "lit": "check-latest"
        },
        "value": {
          "type": 0,
          "file": 3,
          "line": 17,
          "col": 14,
          "lit": "false"
        }
      },
      {
        "key": {
          "type": 0,
          "file": 3,
          "line": 18,
          "col": 3,
          "lit": "token"
        },
        "value": {
          "type": 3,
          "file": 3,
          "line": 20,
          "col": 14,
          "expr": "github.server_url == 'https://github.com' && github.token || ''"
        }
      },
      {
        "key": {
          "type": 0,
          "file": 3,
          "line": 21,
          "col": 3,
          "lit": "cache-dependency-path"
        },
        "value": ""
      },
      {
        "key": {
          "type": 0,
          "file": 3,
          "line": 23,
          "col": 3,
          "lit": "update-environment"
        },
        "value": {
          "type": 0,
          "file": 3,
          "line": 25,
          "col": 14,
          "lit": "true"
        }
      },
      {
        "key": {
          "type": 0,
          "file": 3,
          "line": 26,
          "col": 3,
          "lit": "allow-prereleases"
        },
        "value": {
          "type": 0,
          "file": 3,
          "line": 28,
          "col": 14,
          "lit": "false"
        }
      },
      {
        "key": {
          "type": 0,
          "file": 3,
          "line": 29,
          "col": 3,
          "lit": "freethreaded"
        },
        "value": {
          "type": 0,
          "file": 3,
          "line": 31,
          "col": 14,
          "lit": "false"
        }
      }
    ]
  },
  "execution": {
    "executionType": "nodeJS",
    "hasPre": false,
    "hasPost": true,
    "script": "dist/setup/index.js",
    "pre": null,
    "post": "dist/cache-save/index.js",
    "nodeVersion": "node20",
    "cleanupCondition": "success()",
    "initCondition": "always()"
  },
  "deprecated": null
}
[2026-08-25 11:05:00Z INFO ActionManager] Action pre node.js file: N/A.
[2026-08-25 11:05:00Z INFO ActionManager] Action node.js file: dist/setup/index.js.
[2026-08-25 11:05:00Z INFO ActionManager] Action post node.js file: dist/cache-save/index.js.
[2026-08-25 11:05:00Z INFO HostContext] Well known directory 'Bin': 'D:\profinansy_tests_web\actions-runner\bin'
[2026-08-25 11:05:00Z INFO HostContext] Well known directory 'Root': 'D:\profinansy_tests_web\actions-runner'
[2026-08-25 11:05:00Z INFO HostContext] Well known directory 'Work': 'D:\profinansy_tests_web\actions-runner\_work'
[2026-08-25 11:05:00Z INFO HostContext] Well known directory 'Actions': 'D:\profinansy_tests_web\actions-runner\_work\_actions'
[2026-08-25 11:05:00Z INFO HostContext] Well known directory 'Bin': 'D:\profinansy_tests_web\actions-runner\bin'
[2026-08-25 11:05:00Z INFO HostContext] Well known directory 'Root': 'D:\profinansy_tests_web\actions-runner'
[2026-08-25 11:05:00Z INFO HostContext] Well known directory 'Work': 'D:\profinansy_tests_web\actions-runner\_work'
[2026-08-25 11:05:00Z INFO HostContext] Well known directory 'Actions': 'D:\profinansy_tests_web\actions-runner\_work\_actions'
[2026-08-25 11:05:00Z INFO ActionManifestManagerLegacy] Ignore action property author.
[2026-08-25 11:05:00Z INFO ActionManifestManagerLegacy] Ignore action property branding.
[2026-08-25 11:05:00Z INFO ActionManifestManagerLegacy] Loaded action.yml file: {
  "name": "Allure Report with history",
  "description": "Generate Allure Report with history",
  "inputs": {
    "type": 2,
    "map": [
      {
        "key": {
          "type": 0,
          "file": 4,
          "line": 8,
          "col": 3,
          "lit": "allure_results"
        },
        "value": {
          "type": 0,
          "file": 4,
          "line": 11,
          "col": 14,
          "lit": "allure-results"
        }
      },
      {
        "key": {
          "type": 0,
          "file": 4,
          "line": 12,
          "col": 3,
          "lit": "allure_report"
        },
        "value": {
          "type": 0,
          "file": 4,
          "line": 15,
          "col": 14,
          "lit": "allure-report"
        }
      },
      {
        "key": {
          "type": 0,
          "file": 4,
          "line": 16,
          "col": 3,
          "lit": "gh_pages"
        },
        "value": {
          "type": 0,
          "file": 4,
          "line": 19,
          "col": 14,
          "lit": "gh-pages"
        }
      },
      {
        "key": {
          "type": 0,
          "file": 4,
          "line": 20,
          "col": 3,
          "lit": "allure_history"
        },
        "value": {
          "type": 0,
          "file": 4,
          "line": 23,
          "col": 14,
          "lit": "allure-history"
        }
      },
      {
        "key": {
          "type": 0,
          "file": 4,
          "line": 24,
          "col": 3,
          "lit": "subfolder"
        },
        "value": {
          "type": 0,
          "file": 4,
          "line": 27,
          "col": 14,
          "lit": ""
        }
      },
      {
        "key": {
          "type": 0,
          "file": 4,
          "line": 28,
          "col": 3,
          "lit": "keep_reports"
        },
        "value": {
          "type": 0,
          "file": 4,
          "line": 31,
          "col": 14,
          "lit": "20"
        }
      },
      {
        "key": {
          "type": 0,
          "file": 4,
          "line": 32,
          "col": 3,
          "lit": "github_run_num"
        },
        "value": {
          "type": 3,
          "file": 4,
          "line": 35,
          "col": 14,
          "expr": "github.run_number"
        }
      },
      {
        "key": {
          "type": 0,
          "file": 4,
          "line": 36,
          "col": 3,
          "lit": "github_run_id"
        },
        "value": {
          "type": 3,
          "file": 4,
          "line": 39,
          "col": 14,
          "expr": "github.run_id"
        }
      },
      {
        "key": {
          "type": 0,
          "file": 4,
          "line": 40,
          "col": 3,
          "lit": "github_repo"
        },
        "value": {
          "type": 3,
          "file": 4,
          "line": 43,
          "col": 14,
          "expr": "github.repository"
        }
      },
      {
        "key": {
          "type": 0,
          "file": 4,
          "line": 44,
          "col": 3,
          "lit": "github_repo_owner"
        },
        "value": {
          "type": 3,
          "file": 4,
          "line": 47,
          "col": 14,
          "expr": "github.repository_owner"
        }
      },
      {
        "key": {
          "type": 0,
          "file": 4,
          "line": 48,
          "col": 3,
          "lit": "github_tests_repo"
        },
        "value": {
          "type": 3,
          "file": 4,
          "line": 51,
          "col": 14,
          "expr": "github.repository"
        }
      },
      {
        "key": {
          "type": 0,
          "file": 4,
          "line": 52,
          "col": 3,
          "lit": "report_url"
        },
        "value": {
          "type": 0,
          "file": 4,
          "line": 55,
          "col": 14,
          "lit": ""
        }
      },
      {
        "key": {
          "type": 0,
          "file": 4,
          "line": 56,
          "col": 3,
          "lit": "github_server_url"
        },
        "value": {
          "type": 3,
          "file": 4,
          "line": 59,
          "col": 14,
          "expr": "github.server_url"
        }
      },
      {
        "key": {
          "type": 0,
          "file": 4,
          "line": 60,
          "col": 3,
          "lit": "report_name"
        },
        "value": ""
      }
    ]
  },
  "execution": {
    "executionType": "container",
    "hasPre": false,
    "hasPost": false,
    "image": "Dockerfile",
    "entryPoint": null,
    "arguments": null,
    "environment": null,
    "pre": null,
    "post": null,
    "cleanupCondition": "always()",
    "initCondition": "always()"
  },
  "deprecated": null
}
[2026-08-25 11:05:00Z INFO ActionManager] Action __simple-elf_allure-report-action (8726baf8-5530-4c57-a5a5-e22b96f6fefa) from repository 'simple-elf/allure-report-action@master' needs to build image 'D:\profinansy_tests_web\actions-runner\_work\_actions\simple-elf\allure-report-action\master\Dockerfile'
[2026-08-25 11:05:00Z INFO HostContext] Well known directory 'Bin': 'D:\profinansy_tests_web\actions-runner\bin'
[2026-08-25 11:05:00Z INFO HostContext] Well known directory 'Root': 'D:\profinansy_tests_web\actions-runner'
[2026-08-25 11:05:00Z INFO HostContext] Well known directory 'Work': 'D:\profinansy_tests_web\actions-runner\_work'
[2026-08-25 11:05:00Z INFO HostContext] Well known directory 'Actions': 'D:\profinansy_tests_web\actions-runner\_work\_actions'
[2026-08-25 11:05:00Z INFO ActionManager] Load action that reference repository from 'D:\profinansy_tests_web\actions-runner\_work\_actions\simple-elf\allure-report-action\master'
[2026-08-25 11:05:00Z INFO HostContext] Well known directory 'Bin': 'D:\profinansy_tests_web\actions-runner\bin'
[2026-08-25 11:05:00Z INFO HostContext] Well known directory 'Root': 'D:\profinansy_tests_web\actions-runner'
[2026-08-25 11:05:00Z INFO HostContext] Well known directory 'Work': 'D:\profinansy_tests_web\actions-runner\_work'
[2026-08-25 11:05:00Z INFO HostContext] Well known directory 'Actions': 'D:\profinansy_tests_web\actions-runner\_work\_actions'
[2026-08-25 11:05:00Z INFO ActionManifestManagerLegacy] Ignore action property author.
[2026-08-25 11:05:00Z INFO ActionManifestManagerLegacy] Ignore action property branding.
[2026-08-25 11:05:00Z INFO ActionManifestManagerLegacy] Loaded action.yml file: {
  "name": "Allure Report with history",
  "description": "Generate Allure Report with history",
  "inputs": {
    "type": 2,
    "map": [
      {
        "key": {
          "type": 0,
          "file": 4,
          "line": 8,
          "col": 3,
          "lit": "allure_results"
        },
        "value": {
          "type": 0,
          "file": 4,
          "line": 11,
          "col": 14,
          "lit": "allure-results"
        }
      },
      {
        "key": {
          "type": 0,
          "file": 4,
          "line": 12,
          "col": 3,
          "lit": "allure_report"
        },
        "value": {
          "type": 0,
          "file": 4,
          "line": 15,
          "col": 14,
          "lit": "allure-report"
        }
      },
      {
        "key": {
          "type": 0,
          "file": 4,
          "line": 16,
          "col": 3,
          "lit": "gh_pages"
        },
        "value": {
          "type": 0,
          "file": 4,
          "line": 19,
          "col": 14,
          "lit": "gh-pages"
        }
      },
      {
        "key": {
          "type": 0,
          "file": 4,
          "line": 20,
          "col": 3,
          "lit": "allure_history"
        },
        "value": {
          "type": 0,
          "file": 4,
          "line": 23,
          "col": 14,
          "lit": "allure-history"
        }
      },
      {
        "key": {
          "type": 0,
          "file": 4,
          "line": 24,
          "col": 3,
          "lit": "subfolder"
        },
        "value": {
          "type": 0,
          "file": 4,
          "line": 27,
          "col": 14,
          "lit": ""
        }
      },
      {
        "key": {
          "type": 0,
          "file": 4,
          "line": 28,
          "col": 3,
          "lit": "keep_reports"
        },
        "value": {
          "type": 0,
          "file": 4,
          "line": 31,
          "col": 14,
          "lit": "20"
        }
      },
      {
        "key": {
          "type": 0,
          "file": 4,
          "line": 32,
          "col": 3,
          "lit": "github_run_num"
        },
        "value": {
          "type": 3,
          "file": 4,
          "line": 35,
          "col": 14,
          "expr": "github.run_number"
        }
      },
      {
        "key": {
          "type": 0,
          "file": 4,
          "line": 36,
          "col": 3,
          "lit": "github_run_id"
        },
        "value": {
          "type": 3,
          "file": 4,
          "line": 39,
          "col": 14,
          "expr": "github.run_id"
        }
      },
      {
        "key": {
          "type": 0,
          "file": 4,
          "line": 40,
          "col": 3,
          "lit": "github_repo"
        },
        "value": {
          "type": 3,
          "file": 4,
          "line": 43,
          "col": 14,
          "expr": "github.repository"
        }
      },
      {
        "key": {
          "type": 0,
          "file": 4,
          "line": 44,
          "col": 3,
          "lit": "github_repo_owner"
        },
        "value": {
          "type": 3,
          "file": 4,
          "line": 47,
          "col": 14,
          "expr": "github.repository_owner"
        }
      },
      {
        "key": {
          "type": 0,
          "file": 4,
          "line": 48,
          "col": 3,
          "lit": "github_tests_repo"
        },
        "value": {
          "type": 3,
          "file": 4,
          "line": 51,
          "col": 14,
          "expr": "github.repository"
        }
      },
      {
        "key": {
          "type": 0,
          "file": 4,
          "line": 52,
          "col": 3,
          "lit": "report_url"
        },
        "value": {
          "type": 0,
          "file": 4,
          "line": 55,
          "col": 14,
          "lit": ""
        }
      },
      {
        "key": {
          "type": 0,
          "file": 4,
          "line": 56,
          "col": 3,
          "lit": "github_server_url"
        },
        "value": {
          "type": 3,
          "file": 4,
          "line": 59,
          "col": 14,
          "expr": "github.server_url"
        }
      },
      {
        "key": {
          "type": 0,
          "file": 4,
          "line": 60,
          "col": 3,
          "lit": "report_name"
        },
        "value": ""
      }
    ]
  },
  "execution": {
    "executionType": "container",
    "hasPre": false,
    "hasPost": false,
    "image": "Dockerfile",
    "entryPoint": null,
    "arguments": null,
    "environment": null,
    "pre": null,
    "post": null,
    "cleanupCondition": "always()",
    "initCondition": "always()"
  },
  "deprecated": null
}
[2026-08-25 11:05:00Z INFO ActionManager] Action container Dockerfile/image: Dockerfile.
[2026-08-25 11:05:00Z INFO HostContext] Well known directory 'Bin': 'D:\profinansy_tests_web\actions-runner\bin'
[2026-08-25 11:05:00Z INFO HostContext] Well known directory 'Root': 'D:\profinansy_tests_web\actions-runner'
[2026-08-25 11:05:00Z INFO HostContext] Well known directory 'Work': 'D:\profinansy_tests_web\actions-runner\_work'
[2026-08-25 11:05:00Z INFO HostContext] Well known directory 'Actions': 'D:\profinansy_tests_web\actions-runner\_work\_actions'
[2026-08-25 11:05:00Z INFO HostContext] Well known directory 'Bin': 'D:\profinansy_tests_web\actions-runner\bin'
[2026-08-25 11:05:00Z INFO HostContext] Well known directory 'Root': 'D:\profinansy_tests_web\actions-runner'
[2026-08-25 11:05:00Z INFO HostContext] Well known directory 'Work': 'D:\profinansy_tests_web\actions-runner\_work'
[2026-08-25 11:05:00Z INFO HostContext] Well known directory 'Actions': 'D:\profinansy_tests_web\actions-runner\_work\_actions'
[2026-08-25 11:05:00Z INFO ActionManifestManagerLegacy] Ignore action property author.
[2026-08-25 11:05:00Z INFO ActionManifestManagerLegacy] Ignore action property branding.
[2026-08-25 11:05:00Z INFO ActionManifestManagerLegacy] Loaded action.yml file: {
  "name": "GitHub Pages action",
  "description": "GitHub Actions for GitHub Pages 🚀 Deploy static files and publish your site easily. Static-Site-Generators-friendly.",
  "inputs": {
    "type": 2,
    "map": [
      {
        "key": {
          "type": 0,
          "file": 5,
          "line": 11,
          "col": 3,
          "lit": "deploy_key"
        },
        "value": ""
      },
      {
        "key": {
          "type": 0,
          "file": 5,
          "line": 14,
          "col": 3,
          "lit": "github_token"
        },
        "value": ""
      },
      {
        "key": {
          "type": 0,
          "file": 5,
          "line": 17,
          "col": 3,
          "lit": "personal_token"
        },
        "value": ""
      },
      {
        "key": {
          "type": 0,
          "file": 5,
          "line": 20,
          "col": 3,
          "lit": "publish_branch"
        },
        "value": {
          "type": 0,
          "file": 5,
          "line": 23,
          "col": 14,
          "lit": "gh-pages"
        }
      },
      {
        "key": {
          "type": 0,
          "file": 5,
          "line": 24,
          "col": 3,
          "lit": "publish_dir"
        },
        "value": {
          "type": 0,
          "file": 5,
          "line": 27,
          "col": 14,
          "lit": "public"
        }
      },
      {
        "key": {
          "type": 0,
          "file": 5,
          "line": 28,
          "col": 3,
          "lit": "destination_dir"
        },
        "value": {
          "type": 0,
          "file": 5,
          "line": 31,
          "col": 14,
          "lit": ""
        }
      },
      {
        "key": {
          "type": 0,
          "file": 5,
          "line": 32,
          "col": 3,
          "lit": "external_repository"
        },
        "value": ""
      },
      {
        "key": {
          "type": 0,
          "file": 5,
          "line": 35,
          "col": 3,
          "lit": "allow_empty_commit"
        },
        "value": {
          "type": 0,
          "file": 5,
          "line": 38,
          "col": 14,
          "lit": "false"
        }
      },
      {
        "key": {
          "type": 0,
          "file": 5,
          "line": 39,
          "col": 3,
          "lit": "keep_files"
        },
        "value": {
          "type": 0,
          "file": 5,
          "line": 42,
          "col": 14,
          "lit": "false"
        }
      },
      {
        "key": {
          "type": 0,
          "file": 5,
          "line": 43,
          "col": 3,
          "lit": "force_orphan"
        },
        "value": {
          "type": 0,
          "file": 5,
          "line": 46,
          "col": 14,
          "lit": "false"
        }
      },
      {
        "key": {
          "type": 0,
          "file": 5,
          "line": 47,
          "col": 3,
          "lit": "user_name"
        },
        "value": ""
      },
      {
        "key": {
          "type": 0,
          "file": 5,
          "line": 50,
          "col": 3,
          "lit": "user_email"
        },
        "value": ""
      },
      {
        "key": {
          "type": 0,
          "file": 5,
          "line": 53,
          "col": 3,
          "lit": "commit_message"
        },
        "value": ""
      },
      {
        "key": {
          "type": 0,
          "file": 5,
          "line": 56,
          "col": 3,
          "lit": "full_commit_message"
        },
        "value": ""
      },
      {
        "key": {
          "type": 0,
          "file": 5,
          "line": 59,
          "col": 3,
          "lit": "tag_name"
        },
        "value": ""
      },
      {
        "key": {
          "type": 0,
          "file": 5,
          "line": 62,
          "col": 3,
          "lit": "tag_message"
        },
        "value": ""
      },
      {
        "key": {
          "type": 0,
          "file": 5,
          "line": 65,
          "col": 3,
          "lit": "enable_jekyll"
        },
        "value": {
          "type": 0,
          "file": 5,
          "line": 68,
          "col": 14,
          "lit": "false"
        }
      },
      {
        "key": {
          "type": 0,
          "file": 5,
          "line": 69,
          "col": 3,
          "lit": "disable_nojekyll"
        },
        "value": {
          "type": 0,
          "file": 5,
          "line": 72,
          "col": 14,
          "lit": "false"
        }
      },
      {
        "key": {
          "type": 0,
          "file": 5,
          "line": 73,
          "col": 3,
          "lit": "cname"
        },
        "value": ""
      },
      {
        "key": {
          "type": 0,
          "file": 5,
          "line": 76,
          "col": 3,
          "lit": "exclude_assets"
        },
        "value": {
          "type": 0,
          "file": 5,
          "line": 79,
          "col": 14,
          "lit": ".github"
        }
      }
    ]
  },
  "execution": {
    "executionType": "nodeJS",
    "hasPre": false,
    "hasPost": false,
    "script": "lib/index.js",
    "pre": null,
    "post": null,
    "nodeVersion": "node16",
    "cleanupCondition": "always()",
    "initCondition": "always()"
  },
  "deprecated": null
}
[2026-08-25 11:05:00Z INFO ActionManager] Action node.js file: lib/index.js, no more preparation.
[2026-08-25 11:05:00Z INFO HostContext] Well known directory 'Bin': 'D:\profinansy_tests_web\actions-runner\bin'
[2026-08-25 11:05:00Z INFO HostContext] Well known directory 'Root': 'D:\profinansy_tests_web\actions-runner'
[2026-08-25 11:05:00Z INFO HostContext] Well known directory 'Work': 'D:\profinansy_tests_web\actions-runner\_work'
[2026-08-25 11:05:00Z INFO HostContext] Well known directory 'Actions': 'D:\profinansy_tests_web\actions-runner\_work\_actions'
[2026-08-25 11:05:00Z INFO ActionManager] Load action that reference repository from 'D:\profinansy_tests_web\actions-runner\_work\_actions\peaceiris\actions-gh-pages\v3'
[2026-08-25 11:05:00Z INFO HostContext] Well known directory 'Bin': 'D:\profinansy_tests_web\actions-runner\bin'
[2026-08-25 11:05:00Z INFO HostContext] Well known directory 'Root': 'D:\profinansy_tests_web\actions-runner'
[2026-08-25 11:05:00Z INFO HostContext] Well known directory 'Work': 'D:\profinansy_tests_web\actions-runner\_work'
[2026-08-25 11:05:00Z INFO HostContext] Well known directory 'Actions': 'D:\profinansy_tests_web\actions-runner\_work\_actions'
[2026-08-25 11:05:00Z INFO ActionManifestManagerLegacy] Ignore action property author.
[2026-08-25 11:05:00Z INFO ActionManifestManagerLegacy] Ignore action property branding.
[2026-08-25 11:05:00Z INFO ActionManifestManagerLegacy] Loaded action.yml file: {
  "name": "GitHub Pages action",
  "description": "GitHub Actions for GitHub Pages 🚀 Deploy static files and publish your site easily. Static-Site-Generators-friendly.",
  "inputs": {
    "type": 2,
    "map": [
      {
        "key": {
          "type": 0,
          "file": 5,
          "line": 11,
          "col": 3,
          "lit": "deploy_key"
        },
        "value": ""
      },
      {
        "key": {
          "type": 0,
          "file": 5,
          "line": 14,
          "col": 3,
          "lit": "github_token"
        },
        "value": ""
      },
      {
        "key": {
          "type": 0,
          "file": 5,
          "line": 17,
          "col": 3,
          "lit": "personal_token"
        },
        "value": ""
      },
      {
        "key": {
          "type": 0,
          "file": 5,
          "line": 20,
          "col": 3,
          "lit": "publish_branch"
        },
        "value": {
          "type": 0,
          "file": 5,
          "line": 23,
          "col": 14,
          "lit": "gh-pages"
        }
      },
      {
        "key": {
          "type": 0,
          "file": 5,
          "line": 24,
          "col": 3,
          "lit": "publish_dir"
        },
        "value": {
          "type": 0,
          "file": 5,
          "line": 27,
          "col": 14,
          "lit": "public"
        }
      },
      {
        "key": {
          "type": 0,
          "file": 5,
          "line": 28,
          "col": 3,
          "lit": "destination_dir"
        },
        "value": {
          "type": 0,
          "file": 5,
          "line": 31,
          "col": 14,
          "lit": ""
        }
      },
      {
        "key": {
          "type": 0,
          "file": 5,
          "line": 32,
          "col": 3,
          "lit": "external_repository"
        },
        "value": ""
      },
      {
        "key": {
          "type": 0,
          "file": 5,
          "line": 35,
          "col": 3,
          "lit": "allow_empty_commit"
        },
        "value": {
          "type": 0,
          "file": 5,
          "line": 38,
          "col": 14,
          "lit": "false"
        }
      },
      {
        "key": {
          "type": 0,
          "file": 5,
          "line": 39,
          "col": 3,
          "lit": "keep_files"
        },
        "value": {
          "type": 0,
          "file": 5,
          "line": 42,
          "col": 14,
          "lit": "false"
        }
      },
      {
        "key": {
          "type": 0,
          "file": 5,
          "line": 43,
          "col": 3,
          "lit": "force_orphan"
        },
        "value": {
          "type": 0,
          "file": 5,
          "line": 46,
          "col": 14,
          "lit": "false"
        }
      },
      {
        "key": {
          "type": 0,
          "file": 5,
          "line": 47,
          "col": 3,
          "lit": "user_name"
        },
        "value": ""
      },
      {
        "key": {
          "type": 0,
          "file": 5,
          "line": 50,
          "col": 3,
          "lit": "user_email"
        },
        "value": ""
      },
      {
        "key": {
          "type": 0,
          "file": 5,
          "line": 53,
          "col": 3,
          "lit": "commit_message"
        },
        "value": ""
      },
      {
        "key": {
          "type": 0,
          "file": 5,
          "line": 56,
          "col": 3,
          "lit": "full_commit_message"
        },
        "value": ""
      },
      {
        "key": {
          "type": 0,
          "file": 5,
          "line": 59,
          "col": 3,
          "lit": "tag_name"
        },
        "value": ""
      },
      {
        "key": {
          "type": 0,
          "file": 5,
          "line": 62,
          "col": 3,
          "lit": "tag_message"
        },
        "value": ""
      },
      {
        "key": {
          "type": 0,
          "file": 5,
          "line": 65,
          "col": 3,
          "lit": "enable_jekyll"
        },
        "value": {
          "type": 0,
          "file": 5,
          "line": 68,
          "col": 14,
          "lit": "false"
        }
      },
      {
        "key": {
          "type": 0,
          "file": 5,
          "line": 69,
          "col": 3,
          "lit": "disable_nojekyll"
        },
        "value": {
          "type": 0,
          "file": 5,
          "line": 72,
          "col": 14,
          "lit": "false"
        }
      },
      {
        "key": {
          "type": 0,
          "file": 5,
          "line": 73,
          "col": 3,
          "lit": "cname"
        },
        "value": ""
      },
      {
        "key": {
          "type": 0,
          "file": 5,
          "line": 76,
          "col": 3,
          "lit": "exclude_assets"
        },
        "value": {
          "type": 0,
          "file": 5,
          "line": 79,
          "col": 14,
          "lit": ".github"
        }
      }
    ]
  },
  "execution": {
    "executionType": "nodeJS",
    "hasPre": false,
    "hasPost": false,
    "script": "lib/index.js",
    "pre": null,
    "post": null,
    "nodeVersion": "node16",
    "cleanupCondition": "always()",
    "initCondition": "always()"
  },
  "deprecated": null
}
[2026-08-25 11:05:00Z INFO ActionManager] Action pre node.js file: N/A.
[2026-08-25 11:05:00Z INFO ActionManager] Action node.js file: lib/index.js.
[2026-08-25 11:05:00Z INFO ActionManager] Action post node.js file: N/A.
[2026-08-25 11:05:00Z INFO ActionManager] 1 steps need to build image from 'D:\profinansy_tests_web\actions-runner\_work\_actions\simple-elf\allure-report-action\master\Dockerfile'
[2026-08-25 11:05:00Z INFO JobExtension] Adding .
[2026-08-25 11:05:00Z INFO JobExtension] Adding .
[2026-08-25 11:05:00Z INFO JobExtension] Adding .
[2026-08-25 11:05:00Z INFO JobExtension] Adding .
[2026-08-25 11:05:00Z INFO JobExtension] Adding .
[2026-08-25 11:05:00Z INFO JobExtension] Adding .
[2026-08-25 11:05:00Z INFO HostContext] Well known directory 'Bin': 'D:\profinansy_tests_web\actions-runner\bin'
[2026-08-25 11:05:00Z INFO HostContext] Well known directory 'Root': 'D:\profinansy_tests_web\actions-runner'
[2026-08-25 11:05:00Z INFO HostContext] Well known directory 'Diag': 'D:\profinansy_tests_web\actions-runner\_diag'
[2026-08-25 11:05:00Z INFO HostContext] Well known directory 'Bin': 'D:\profinansy_tests_web\actions-runner\bin'
[2026-08-25 11:05:00Z INFO HostContext] Well known directory 'Root': 'D:\profinansy_tests_web\actions-runner'
[2026-08-25 11:05:00Z INFO HostContext] Well known directory 'Diag': 'D:\profinansy_tests_web\actions-runner\_diag'
[2026-08-25 11:05:00Z INFO HostContext] Well known directory 'Bin': 'D:\profinansy_tests_web\actions-runner\bin'
[2026-08-25 11:05:00Z INFO HostContext] Well known directory 'Root': 'D:\profinansy_tests_web\actions-runner'
[2026-08-25 11:05:00Z INFO HostContext] Well known directory 'Diag': 'D:\profinansy_tests_web\actions-runner\_diag'
[2026-08-25 11:05:00Z INFO HostContext] Well known directory 'Bin': 'D:\profinansy_tests_web\actions-runner\bin'
[2026-08-25 11:05:00Z INFO HostContext] Well known directory 'Root': 'D:\profinansy_tests_web\actions-runner'
[2026-08-25 11:05:00Z INFO HostContext] Well known directory 'Diag': 'D:\profinansy_tests_web\actions-runner\_diag'
[2026-08-25 11:05:00Z INFO HostContext] Well known directory 'Bin': 'D:\profinansy_tests_web\actions-runner\bin'
[2026-08-25 11:05:00Z INFO HostContext] Well known directory 'Root': 'D:\profinansy_tests_web\actions-runner'
[2026-08-25 11:05:00Z INFO HostContext] Well known directory 'Diag': 'D:\profinansy_tests_web\actions-runner\_diag'
[2026-08-25 11:05:00Z INFO HostContext] Well known directory 'Bin': 'D:\profinansy_tests_web\actions-runner\bin'
[2026-08-25 11:05:00Z INFO HostContext] Well known directory 'Root': 'D:\profinansy_tests_web\actions-runner'
[2026-08-25 11:05:00Z INFO HostContext] Well known directory 'Diag': 'D:\profinansy_tests_web\actions-runner\_diag'
[2026-08-25 11:05:00Z INFO HostContext] Well known directory 'Bin': 'D:\profinansy_tests_web\actions-runner\bin'
[2026-08-25 11:05:00Z INFO HostContext] Well known directory 'Root': 'D:\profinansy_tests_web\actions-runner'
[2026-08-25 11:05:00Z INFO HostContext] Well known directory 'Diag': 'D:\profinansy_tests_web\actions-runner\_diag'
[2026-08-25 11:05:00Z INFO HostContext] Well known directory 'Bin': 'D:\profinansy_tests_web\actions-runner\bin'
[2026-08-25 11:05:00Z INFO HostContext] Well known directory 'Root': 'D:\profinansy_tests_web\actions-runner'
[2026-08-25 11:05:00Z INFO HostContext] Well known directory 'Diag': 'D:\profinansy_tests_web\actions-runner\_diag'
[2026-08-25 11:05:00Z INFO HostContext] Well known directory 'Bin': 'D:\profinansy_tests_web\actions-runner\bin'
[2026-08-25 11:05:00Z INFO HostContext] Well known directory 'Root': 'D:\profinansy_tests_web\actions-runner'
[2026-08-25 11:05:00Z INFO HostContext] Well known directory 'Diag': 'D:\profinansy_tests_web\actions-runner\_diag'
[2026-08-25 11:05:00Z INFO HostContext] Well known directory 'Bin': 'D:\profinansy_tests_web\actions-runner\bin'
[2026-08-25 11:05:00Z INFO HostContext] Well known directory 'Root': 'D:\profinansy_tests_web\actions-runner'
[2026-08-25 11:05:00Z INFO HostContext] Well known directory 'Diag': 'D:\profinansy_tests_web\actions-runner\_diag'
[2026-08-25 11:05:00Z INFO HostContext] Well known directory 'Bin': 'D:\profinansy_tests_web\actions-runner\bin'
[2026-08-25 11:05:00Z INFO HostContext] Well known directory 'Root': 'D:\profinansy_tests_web\actions-runner'
[2026-08-25 11:05:00Z INFO HostContext] Well known directory 'Diag': 'D:\profinansy_tests_web\actions-runner\_diag'
[2026-08-25 11:05:00Z INFO HostContext] Well known directory 'Bin': 'D:\profinansy_tests_web\actions-runner\bin'
[2026-08-25 11:05:00Z INFO HostContext] Well known directory 'Root': 'D:\profinansy_tests_web\actions-runner'
[2026-08-25 11:05:00Z INFO HostContext] Well known directory 'Diag': 'D:\profinansy_tests_web\actions-runner\_diag'
[2026-08-25 11:05:00Z INFO JobExtension] Total accessible running process: 321.
[2026-08-25 11:05:00Z INFO HostContext] Well known directory 'Bin': 'D:\profinansy_tests_web\actions-runner\bin'
[2026-08-25 11:05:00Z INFO HostContext] Well known directory 'Root': 'D:\profinansy_tests_web\actions-runner'
[2026-08-25 11:05:00Z INFO HostContext] Well known directory 'Work': 'D:\profinansy_tests_web\actions-runner\_work'
[2026-08-25 11:05:00Z INFO JobExtension] Start checking server connectivity.
[2026-08-25 11:05:00Z INFO JobExtension] Check server connectivity for https://broker.actions.githubusercontent.com/health.
[2026-08-25 11:05:00Z INFO JobExtension] Check server connectivity for https://token.actions.githubusercontent.com/ready.
[2026-08-25 11:05:00Z INFO JobExtension] Check server connectivity for https://run.actions.githubusercontent.com/health.
[2026-08-25 11:05:00Z INFO JobExtension] Start checking service connectivity in background.
[2026-08-25 11:05:00Z INFO ExecutionContext] Publish step telemetry for current step {
  "action": "setup_job",
  "type": "runner",
  "stage": "Pre",
  "stepId": "57a615ee-2b9f-48f3-9545-ef5e55247193",
  "result": "succeeded",
  "errorMessages": [],
  "executionTimeInSeconds": 5,
  "startTime": "2026-08-25T11:04:56.4261338Z",
  "finishTime": "2026-08-25T11:05:00.7321758Z"
}.
[2026-08-25 11:05:00Z INFO JobRunner] Total job steps: 6.
[2026-08-25 11:05:00Z INFO JobRunner] Run all job steps.
[2026-08-25 11:05:00Z INFO JobServerQueue] Try to append 1 batches web console lines for record '57a615ee-2b9f-48f3-9545-ef5e55247193', success rate: 1/1.
[2026-08-25 11:05:00Z INFO DapDebugger] DapDebugger initialized
[2026-08-25 11:05:00Z INFO StepsRunner] Processing step: DisplayName='Скачивание кода из репозитория'
[2026-08-25 11:05:00Z INFO StepsRunner] Evaluating: success()
[2026-08-25 11:05:00Z INFO StepsRunner] Result: true
[2026-08-25 11:05:00Z INFO StepsRunner] Starting the step.
[2026-08-25 11:05:00Z INFO HostContext] Well known directory 'Bin': 'D:\profinansy_tests_web\actions-runner\bin'
[2026-08-25 11:05:00Z INFO HostContext] Well known directory 'Root': 'D:\profinansy_tests_web\actions-runner'
[2026-08-25 11:05:00Z INFO HostContext] Well known directory 'Work': 'D:\profinansy_tests_web\actions-runner\_work'
[2026-08-25 11:05:00Z INFO StepsRunner] Which2: 'chcp'
[2026-08-25 11:05:00Z INFO StepsRunner] Location: 'C:\Windows\system32\chcp.COM'
[2026-08-25 11:05:00Z INFO ProcessInvokerWrapper] Starting process:
[2026-08-25 11:05:00Z INFO ProcessInvokerWrapper]   File name: 'C:\Windows\system32\chcp.COM'
[2026-08-25 11:05:00Z INFO ProcessInvokerWrapper]   Arguments: '65001'
[2026-08-25 11:05:00Z INFO ProcessInvokerWrapper]   Working directory: 'D:\profinansy_tests_web\actions-runner\_work'
[2026-08-25 11:05:00Z INFO ProcessInvokerWrapper]   Require exit code zero: 'False'
[2026-08-25 11:05:00Z INFO ProcessInvokerWrapper]   Encoding web name:  ; code page: ''
[2026-08-25 11:05:00Z INFO ProcessInvokerWrapper]   Force kill process on cancellation: 'False'
[2026-08-25 11:05:00Z INFO ProcessInvokerWrapper]   Redirected STDIN: 'False'
[2026-08-25 11:05:00Z INFO ProcessInvokerWrapper]   Persist current code page: 'True'
[2026-08-25 11:05:00Z INFO ProcessInvokerWrapper]   Keep redirected STDIN open: 'False'
[2026-08-25 11:05:00Z INFO ProcessInvokerWrapper]   High priority process: 'False'
[2026-08-25 11:05:00Z INFO ProcessInvokerWrapper] Process started with process id 15108, waiting for process exit.
[2026-08-25 11:05:00Z INFO ProcessInvokerWrapper] STDOUT/STDERR stream read finished.
[2026-08-25 11:05:00Z INFO ProcessInvokerWrapper] STDOUT/STDERR stream read finished.
[2026-08-25 11:05:00Z INFO ProcessInvokerWrapper] Finished process 15108 with exit code 0, and elapsed time 00:00:00.0180711.
[2026-08-25 11:05:00Z INFO StepsRunner] Successfully returned to code page 65001 (UTF8)
[2026-08-25 11:05:00Z INFO HostContext] Well known directory 'Bin': 'D:\profinansy_tests_web\actions-runner\bin'
[2026-08-25 11:05:00Z INFO HostContext] Well known directory 'Root': 'D:\profinansy_tests_web\actions-runner'
[2026-08-25 11:05:00Z INFO HostContext] Well known directory 'Work': 'D:\profinansy_tests_web\actions-runner\_work'
[2026-08-25 11:05:00Z INFO HostContext] Well known directory 'Actions': 'D:\profinansy_tests_web\actions-runner\_work\_actions'
[2026-08-25 11:05:00Z INFO ActionManager] Load action that reference repository from 'D:\profinansy_tests_web\actions-runner\_work\_actions\actions\checkout\v4'
[2026-08-25 11:05:00Z INFO HostContext] Well known directory 'Bin': 'D:\profinansy_tests_web\actions-runner\bin'
[2026-08-25 11:05:00Z INFO HostContext] Well known directory 'Root': 'D:\profinansy_tests_web\actions-runner'
[2026-08-25 11:05:00Z INFO HostContext] Well known directory 'Work': 'D:\profinansy_tests_web\actions-runner\_work'
[2026-08-25 11:05:00Z INFO HostContext] Well known directory 'Actions': 'D:\profinansy_tests_web\actions-runner\_work\_actions'
[2026-08-25 11:05:00Z INFO ActionManifestManagerLegacy] Loaded action.yml file: {
  "name": "Checkout",
  "description": "Checkout a Git repository at a particular version",
  "inputs": {
    "type": 2,
    "map": [
      {
        "key": {
          "type": 0,
          "file": 2,
          "line": 4,
          "col": 3,
          "lit": "repository"
        },
        "value": {
          "type": 3,
          "file": 2,
          "line": 6,
          "col": 14,
          "expr": "github.repository"
        }
      },
      {
        "key": {
          "type": 0,
          "file": 2,
          "line": 7,
          "col": 3,
          "lit": "ref"
        },
        "value": ""
      },
      {
        "key": {
          "type": 0,
          "file": 2,
          "line": 12,
          "col": 3,
          "lit": "token"
        },
        "value": {
          "type": 3,
          "file": 2,
          "line": 24,
          "col": 14,
          "expr": "github.token"
        }
      },
      {
        "key": {
          "type": 0,
          "file": 2,
          "line": 25,
          "col": 3,
          "lit": "ssh-key"
        },
        "value": ""
      },
      {
        "key": {
          "type": 0,
          "file": 2,
          "line": 37,
          "col": 3,
          "lit": "ssh-known-hosts"
        },
        "value": ""
      },
      {
        "key": {
          "type": 0,
          "file": 2,
          "line": 42,
          "col": 3,
          "lit": "ssh-strict"
        },
        "value": {
          "type": 0,
          "file": 2,
          "line": 47,
          "col": 14,
          "lit": "true"
        }
      },
      {
        "key": {
          "type": 0,
          "file": 2,
          "line": 48,
          "col": 3,
          "lit": "ssh-user"
        },
        "value": {
          "type": 0,
          "file": 2,
          "line": 51,
          "col": 14,
          "lit": "git"
        }
      },
      {
        "key": {
          "type": 0,
          "file": 2,
          "line": 52,
          "col": 3,
          "lit": "persist-credentials"
        },
        "value": {
          "type": 0,
          "file": 2,
          "line": 54,
          "col": 14,
          "lit": "true"
        }
      },
      {
        "key": {
          "type": 0,
          "file": 2,
          "line": 55,
          "col": 3,
          "lit": "path"
        },
        "value": ""
      },
      {
        "key": {
          "type": 0,
          "file": 2,
          "line": 57,
          "col": 3,
          "lit": "clean"
        },
        "value": {
          "type": 0,
          "file": 2,
          "line": 59,
          "col": 14,
          "lit": "true"
        }
      },
      {
        "key": {
          "type": 0,
          "file": 2,
          "line": 60,
          "col": 3,
          "lit": "filter"
        },
        "value": {
          "type": 0,
          "file": 2,
          "line": 64,
          "col": 14,
          "lit": ""
        }
      },
      {
        "key": {
          "type": 0,
          "file": 2,
          "line": 65,
          "col": 3,
          "lit": "sparse-checkout"
        },
        "value": {
          "type": 0,
          "file": 2,
          "line": 69,
          "col": 14,
          "lit": ""
        }
      },
      {
        "key": {
          "type": 0,
          "file": 2,
          "line": 70,
          "col": 3,
          "lit": "sparse-checkout-cone-mode"
        },
        "value": {
          "type": 0,
          "file": 2,
          "line": 73,
          "col": 14,
          "lit": "true"
        }
      },
      {
        "key": {
          "type": 0,
          "file": 2,
          "line": 74,
          "col": 3,
          "lit": "fetch-depth"
        },
        "value": {
          "type": 0,
          "file": 2,
          "line": 76,
          "col": 14,
          "lit": "1"
        }
      },
      {
        "key": {
          "type": 0,
          "file": 2,
          "line": 77,
          "col": 3,
          "lit": "fetch-tags"
        },
        "value": {
          "type": 0,
          "file": 2,
          "line": 79,
          "col": 14,
          "lit": "false"
        }
      },
      {
        "key": {
          "type": 0,
          "file": 2,
          "line": 80,
          "col": 3,
          "lit": "show-progress"
        },
        "value": {
          "type": 0,
          "file": 2,
          "line": 82,
          "col": 14,
          "lit": "true"
        }
      },
      {
        "key": {
          "type": 0,
          "file": 2,
          "line": 83,
          "col": 3,
          "lit": "lfs"
        },
        "value": {
          "type": 0,
          "file": 2,
          "line": 85,
          "col": 14,
          "lit": "false"
        }
      },
      {
        "key": {
          "type": 0,
          "file": 2,
          "line": 86,
          "col": 3,
          "lit": "submodules"
        },
        "value": {
          "type": 0,
          "file": 2,
          "line": 94,
          "col": 14,
          "lit": "false"
        }
      },
      {
        "key": {
          "type": 0,
          "file": 2,
          "line": 95,
          "col": 3,
          "lit": "set-safe-directory"
        },
        "value": {
          "type": 0,
          "file": 2,
          "line": 97,
          "col": 14,
          "lit": "true"
        }
      },
      {
        "key": {
          "type": 0,
          "file": 2,
          "line": 98,
          "col": 3,
          "lit": "github-server-url"
        },
        "value": ""
      },
      {
        "key": {
          "type": 0,
          "file": 2,
          "line": 101,
          "col": 3,
          "lit": "allow-unsafe-pr-checkout"
        },
        "value": {
          "type": 0,
          "file": 2,
          "line": 109,
          "col": 14,
          "lit": "false"
        }
      }
    ]
  },
  "execution": {
    "executionType": "nodeJS",
    "hasPre": false,
    "hasPost": true,
    "script": "dist/index.js",
    "pre": null,
    "post": "dist/index.js",
    "nodeVersion": "node20",
    "cleanupCondition": "always()",
    "initCondition": "always()"
  },
  "deprecated": null
}
[2026-08-25 11:05:00Z INFO ActionManager] Action pre node.js file: N/A.
[2026-08-25 11:05:00Z INFO ActionManager] Action node.js file: dist/index.js.
[2026-08-25 11:05:00Z INFO ActionManager] Action post node.js file: dist/index.js.
[2026-08-25 11:05:00Z INFO ExecutionContext] Reserve record order 8 to 14 for post job actions.
[2026-08-25 11:05:00Z INFO HostContext] Well known directory 'Bin': 'D:\profinansy_tests_web\actions-runner\bin'
[2026-08-25 11:05:00Z INFO HostContext] Well known directory 'Root': 'D:\profinansy_tests_web\actions-runner'
[2026-08-25 11:05:00Z INFO HostContext] Well known directory 'Diag': 'D:\profinansy_tests_web\actions-runner\_diag'
[2026-08-25 11:05:00Z INFO HostContext] Well known directory 'Bin': 'D:\profinansy_tests_web\actions-runner\bin'
[2026-08-25 11:05:00Z INFO HostContext] Well known directory 'Root': 'D:\profinansy_tests_web\actions-runner'
[2026-08-25 11:05:00Z INFO HostContext] Well known directory 'Diag': 'D:\profinansy_tests_web\actions-runner\_diag'
[2026-08-25 11:05:00Z INFO HostContext] Well known directory 'Bin': 'D:\profinansy_tests_web\actions-runner\bin'
[2026-08-25 11:05:00Z INFO HostContext] Well known directory 'Root': 'D:\profinansy_tests_web\actions-runner'
[2026-08-25 11:05:00Z INFO HostContext] Well known directory 'Work': 'D:\profinansy_tests_web\actions-runner\_work'
[2026-08-25 11:05:00Z INFO HostContext] Well known directory 'Temp': 'D:\profinansy_tests_web\actions-runner\_work\_temp'
[2026-08-25 11:05:00Z INFO ExecutionContext] Write event payload to D:\profinansy_tests_web\actions-runner\_work\_temp\_github_workflow\event.json
[2026-08-25 11:05:00Z INFO HostContext] Well known directory 'Bin': 'D:\profinansy_tests_web\actions-runner\bin'
[2026-08-25 11:05:00Z INFO HostContext] Well known directory 'Root': 'D:\profinansy_tests_web\actions-runner'
[2026-08-25 11:05:00Z INFO HostContext] Well known directory 'Work': 'D:\profinansy_tests_web\actions-runner\_work'
[2026-08-25 11:05:00Z INFO HostContext] Well known directory 'Temp': 'D:\profinansy_tests_web\actions-runner\_work\_temp'
[2026-08-25 11:05:00Z INFO ExtensionManager] Getting extensions for interface: 'GitHub.Runner.Worker.IFileCommandExtension'
[2026-08-25 11:05:00Z INFO ExtensionManager] Creating instance: GitHub.Runner.Worker.AddPathFileCommand, Runner.Worker
[2026-08-25 11:05:00Z INFO ExtensionManager] Creating instance: GitHub.Runner.Worker.SetEnvFileCommand, Runner.Worker
[2026-08-25 11:05:00Z INFO ExtensionManager] Creating instance: GitHub.Runner.Worker.CreateStepSummaryCommand, Runner.Worker
[2026-08-25 11:05:00Z INFO ExtensionManager] Creating instance: GitHub.Runner.Worker.SaveStateFileCommand, Runner.Worker
[2026-08-25 11:05:00Z INFO ExtensionManager] Creating instance: GitHub.Runner.Worker.SetOutputFileCommand, Runner.Worker
[2026-08-25 11:05:00Z INFO ExtensionManager] Creating instance: GitHub.Runner.Worker.CreateArtifactsFileCommand, Runner.Worker
[2026-08-25 11:05:00Z INFO ExtensionManager] Creating instance: GitHub.Runner.Worker.ArtifactsListFileCommand, Runner.Worker
[2026-08-25 11:05:00Z INFO ActionManifestManagerLegacy] Input 'repository': default value evaluate result: {
  "type": 0,
  "file": 2,
  "line": 6,
  "col": 14,
  "lit": "Anna-Shirokaya/profinansyweb"
}
[2026-08-25 11:05:00Z INFO ActionManifestManagerLegacy] Input 'ref': default value evaluate result: ""
[2026-08-25 11:05:00Z INFO ActionManifestManagerLegacy] Input 'token': default value evaluate result: {
  "type": 0,
  "file": 2,
  "line": 24,
  "col": 14,
  "lit": "***"
}
[2026-08-25 11:05:00Z INFO ActionManifestManagerLegacy] Input 'ssh-key': default value evaluate result: ""
[2026-08-25 11:05:00Z INFO ActionManifestManagerLegacy] Input 'ssh-known-hosts': default value evaluate result: ""
[2026-08-25 11:05:00Z INFO ActionManifestManagerLegacy] Input 'ssh-strict': default value evaluate result: {
  "type": 0,
  "file": 2,
  "line": 47,
  "col": 14,
  "lit": "true"
}
[2026-08-25 11:05:00Z INFO ActionManifestManagerLegacy] Input 'ssh-user': default value evaluate result: {
  "type": 0,
  "file": 2,
  "line": 51,
  "col": 14,
  "lit": "git"
}
[2026-08-25 11:05:00Z INFO ActionManifestManagerLegacy] Input 'persist-credentials': default value evaluate result: {
  "type": 0,
  "file": 2,
  "line": 54,
  "col": 14,
  "lit": "true"
}
[2026-08-25 11:05:00Z INFO ActionManifestManagerLegacy] Input 'path': default value evaluate result: ""
[2026-08-25 11:05:00Z INFO ActionManifestManagerLegacy] Input 'clean': default value evaluate result: {
  "type": 0,
  "file": 2,
  "line": 59,
  "col": 14,
  "lit": "true"
}
[2026-08-25 11:05:00Z INFO ActionManifestManagerLegacy] Input 'filter': default value evaluate result: {
  "type": 0,
  "file": 2,
  "line": 64,
  "col": 14,
  "lit": ""
}
[2026-08-25 11:05:00Z INFO ActionManifestManagerLegacy] Input 'sparse-checkout': default value evaluate result: {
  "type": 0,
  "file": 2,
  "line": 69,
  "col": 14,
  "lit": ""
}
[2026-08-25 11:05:00Z INFO ActionManifestManagerLegacy] Input 'sparse-checkout-cone-mode': default value evaluate result: {
  "type": 0,
  "file": 2,
  "line": 73,
  "col": 14,
  "lit": "true"
}
[2026-08-25 11:05:00Z INFO ActionManifestManagerLegacy] Input 'fetch-depth': default value evaluate result: {
  "type": 0,
  "file": 2,
  "line": 76,
  "col": 14,
  "lit": "1"
}
[2026-08-25 11:05:00Z INFO ActionManifestManagerLegacy] Input 'fetch-tags': default value evaluate result: {
  "type": 0,
  "file": 2,
  "line": 79,
  "col": 14,
  "lit": "false"
}
[2026-08-25 11:05:00Z INFO ActionManifestManagerLegacy] Input 'show-progress': default value evaluate result: {
  "type": 0,
  "file": 2,
  "line": 82,
  "col": 14,
  "lit": "true"
}
[2026-08-25 11:05:00Z INFO ActionManifestManagerLegacy] Input 'lfs': default value evaluate result: {
  "type": 0,
  "file": 2,
  "line": 85,
  "col": 14,
  "lit": "false"
}
[2026-08-25 11:05:00Z INFO ActionManifestManagerLegacy] Input 'submodules': default value evaluate result: {
  "type": 0,
  "file": 2,
  "line": 94,
  "col": 14,
  "lit": "false"
}
[2026-08-25 11:05:00Z INFO ActionManifestManagerLegacy] Input 'set-safe-directory': default value evaluate result: {
  "type": 0,
  "file": 2,
  "line": 97,
  "col": 14,
  "lit": "true"
}
[2026-08-25 11:05:00Z INFO ActionManifestManagerLegacy] Input 'github-server-url': default value evaluate result: ""
[2026-08-25 11:05:00Z INFO ActionManifestManagerLegacy] Input 'allow-unsafe-pr-checkout': default value evaluate result: {
  "type": 0,
  "file": 2,
  "line": 109,
  "col": 14,
  "lit": "false"
}
[2026-08-25 11:05:00Z INFO ExtensionManager] Getting extensions for interface: 'GitHub.Runner.Worker.IActionCommandExtension'
[2026-08-25 11:05:00Z INFO ExtensionManager] Creating instance: GitHub.Runner.Worker.InternalPluginSetRepoPathCommandExtension, Runner.Worker
[2026-08-25 11:05:00Z INFO ExtensionManager] Creating instance: GitHub.Runner.Worker.SetEnvCommandExtension, Runner.Worker
[2026-08-25 11:05:00Z INFO ExtensionManager] Creating instance: GitHub.Runner.Worker.SetOutputCommandExtension, Runner.Worker
[2026-08-25 11:05:00Z INFO ExtensionManager] Creating instance: GitHub.Runner.Worker.SaveStateCommandExtension, Runner.Worker
[2026-08-25 11:05:00Z INFO ExtensionManager] Creating instance: GitHub.Runner.Worker.AddPathCommandExtension, Runner.Worker
[2026-08-25 11:05:00Z INFO ExtensionManager] Creating instance: GitHub.Runner.Worker.AddMaskCommandExtension, Runner.Worker
[2026-08-25 11:05:00Z INFO ExtensionManager] Creating instance: GitHub.Runner.Worker.AddMatcherCommandExtension, Runner.Worker
[2026-08-25 11:05:00Z INFO ExtensionManager] Creating instance: GitHub.Runner.Worker.RemoveMatcherCommandExtension, Runner.Worker
[2026-08-25 11:05:00Z INFO ExtensionManager] Creating instance: GitHub.Runner.Worker.WarningCommandExtension, Runner.Worker
[2026-08-25 11:05:00Z INFO ExtensionManager] Creating instance: GitHub.Runner.Worker.ErrorCommandExtension, Runner.Worker
[2026-08-25 11:05:00Z INFO ExtensionManager] Creating instance: GitHub.Runner.Worker.NoticeCommandExtension, Runner.Worker
[2026-08-25 11:05:00Z INFO ExtensionManager] Creating instance: GitHub.Runner.Worker.DebugCommandExtension, Runner.Worker
[2026-08-25 11:05:00Z INFO ExtensionManager] Creating instance: GitHub.Runner.Worker.GroupCommandExtension, Runner.Worker
[2026-08-25 11:05:00Z INFO ExtensionManager] Creating instance: GitHub.Runner.Worker.EndGroupCommandExtension, Runner.Worker
[2026-08-25 11:05:00Z INFO ExtensionManager] Creating instance: GitHub.Runner.Worker.EchoCommandExtension, Runner.Worker
[2026-08-25 11:05:00Z INFO ActionCommandManager] Register action command extension for command internal-set-repo-path
[2026-08-25 11:05:00Z INFO ActionCommandManager] Register action command extension for command set-env
[2026-08-25 11:05:00Z INFO ActionCommandManager] Register action command extension for command set-output
[2026-08-25 11:05:00Z INFO ActionCommandManager] Register action command extension for command save-state
[2026-08-25 11:05:00Z INFO ActionCommandManager] Register action command extension for command add-path
[2026-08-25 11:05:00Z INFO ActionCommandManager] Register action command extension for command add-mask
[2026-08-25 11:05:00Z INFO ActionCommandManager] Register action command extension for command add-matcher
[2026-08-25 11:05:00Z INFO ActionCommandManager] Register action command extension for command remove-matcher
[2026-08-25 11:05:00Z INFO ActionCommandManager] Register action command extension for command warning
[2026-08-25 11:05:00Z INFO ActionCommandManager] Register action command extension for command error
[2026-08-25 11:05:00Z INFO ActionCommandManager] Register action command extension for command notice
[2026-08-25 11:05:00Z INFO ActionCommandManager] Register action command extension for command debug
[2026-08-25 11:05:00Z INFO ActionCommandManager] Register action command extension for command group
[2026-08-25 11:05:00Z INFO ActionCommandManager] Register action command extension for command endgroup
[2026-08-25 11:05:00Z INFO ActionCommandManager] Register action command extension for command echo
[2026-08-25 11:05:00Z INFO HostContext] Well known directory 'Bin': 'D:\profinansy_tests_web\actions-runner\bin'
[2026-08-25 11:05:00Z INFO HostContext] Well known directory 'Root': 'D:\profinansy_tests_web\actions-runner'
[2026-08-25 11:05:00Z INFO HostContext] Well known directory 'Externals': 'D:\profinansy_tests_web\actions-runner\externals'
[2026-08-25 11:05:00Z INFO ProcessInvokerWrapper] Starting process:
[2026-08-25 11:05:00Z INFO ProcessInvokerWrapper]   File name: 'D:\profinansy_tests_web\actions-runner\externals\node24\bin\node.exe'
[2026-08-25 11:05:00Z INFO ProcessInvokerWrapper]   Arguments: '"D:\profinansy_tests_web\actions-runner\_work\_actions\actions\checkout\v4\dist/index.js"'
[2026-08-25 11:05:00Z INFO ProcessInvokerWrapper]   Working directory: 'D:\profinansy_tests_web\actions-runner\_work\profinansyweb\profinansyweb'
[2026-08-25 11:05:00Z INFO ProcessInvokerWrapper]   Require exit code zero: 'False'
[2026-08-25 11:05:00Z INFO ProcessInvokerWrapper]   Encoding web name: utf-8 ; code page: '65001'
[2026-08-25 11:05:00Z INFO ProcessInvokerWrapper]   Force kill process on cancellation: 'False'
[2026-08-25 11:05:00Z INFO ProcessInvokerWrapper]   Redirected STDIN: 'False'
[2026-08-25 11:05:00Z INFO ProcessInvokerWrapper]   Persist current code page: 'True'
[2026-08-25 11:05:00Z INFO ProcessInvokerWrapper]   Keep redirected STDIN open: 'False'
[2026-08-25 11:05:00Z INFO ProcessInvokerWrapper]   High priority process: 'False'
[2026-08-25 11:05:01Z INFO JobServerQueue] Try to append 1 batches web console lines for record 'e717dbf8-eb15-444d-8a42-d9dc0a832425', success rate: 1/1.
[2026-08-25 11:05:01Z INFO ProcessInvokerWrapper] Process started with process id 19724, waiting for process exit.
[2026-08-25 11:05:01Z INFO JobServerQueue] Got a step log file to send to results service.
[2026-08-25 11:05:01Z INFO JobServerQueue] Starting upload of step log file to results service ResultsLog, D:\profinansy_tests_web\actions-runner\_diag\blocks\b61037b3-76e1-4e5b-9864-6dcdf7de43f7_57a615ee-2b9f-48f3-9545-ef5e55247193.1
[2026-08-25 11:05:01Z INFO JobServerQueue] Try to upload 1 log files or attachments, success rate: 1/1.
[2026-08-25 11:05:01Z INFO AddMaskCommandExtension] Add new secret mask with length of 524
[2026-08-25 11:05:01Z INFO JobServerQueue] Try to append 1 batches web console lines for record 'e717dbf8-eb15-444d-8a42-d9dc0a832425', success rate: 1/1.
[2026-08-25 11:05:01Z INFO JobServerQueue] Try to append 1 batches web console lines for record 'e717dbf8-eb15-444d-8a42-d9dc0a832425', success rate: 1/1.
[2026-08-25 11:05:02Z INFO JobServerQueue] Try to append 1 batches web console lines for record 'e717dbf8-eb15-444d-8a42-d9dc0a832425', success rate: 1/1.
[2026-08-25 11:05:02Z INFO JobServerQueue] Tried to upload 1 file(s) to results, success rate: 1/1.
[2026-08-25 11:05:03Z INFO JobServerQueue] Try to append 1 batches web console lines for record 'e717dbf8-eb15-444d-8a42-d9dc0a832425', success rate: 1/1.
[2026-08-25 11:05:03Z INFO JobServerQueue] Try to append 1 batches web console lines for record 'e717dbf8-eb15-444d-8a42-d9dc0a832425', success rate: 1/1.
[2026-08-25 11:05:04Z INFO JobServerQueue] Try to append 1 batches web console lines for record 'e717dbf8-eb15-444d-8a42-d9dc0a832425', success rate: 1/1.
[2026-08-25 11:05:05Z INFO JobServerQueue] Try to append 1 batches web console lines for record 'e717dbf8-eb15-444d-8a42-d9dc0a832425', success rate: 1/1.
[2026-08-25 11:05:06Z INFO JobServerQueue] Try to append 1 batches web console lines for record 'e717dbf8-eb15-444d-8a42-d9dc0a832425', success rate: 1/1.
[2026-08-25 11:05:06Z INFO JobServerQueue] Try to append 1 batches web console lines for record 'e717dbf8-eb15-444d-8a42-d9dc0a832425', success rate: 1/1.
[2026-08-25 11:05:07Z INFO ProcessInvokerWrapper] STDOUT/STDERR stream read finished.
[2026-08-25 11:05:07Z INFO ProcessInvokerWrapper] STDOUT/STDERR stream read finished.
[2026-08-25 11:05:07Z INFO ProcessInvokerWrapper] Finished process 19724 with exit code 0, and elapsed time 00:00:06.7407691.
[2026-08-25 11:05:07Z INFO CreateStepSummaryCommand] Step Summary file (D:\profinansy_tests_web\actions-runner\_work\_temp\_runner_file_commands\step_summary_3eaa02e8-09bb-44db-b18c-9804c38a9b19) is empty; skipping attachment upload
[2026-08-25 11:05:07Z INFO StepsRunner] Step result: 
[2026-08-25 11:05:07Z INFO ExecutionContext] Publish step telemetry for current step {
  "action": "actions/checkout",
  "ref": "v4",
  "type": "node24",
  "stage": "Main",
  "stepId": "e717dbf8-eb15-444d-8a42-d9dc0a832425",
  "stepContextName": "__actions_checkout",
  "hasPreStep": false,
  "hasPostStep": true,
  "result": "succeeded",
  "errorMessages": [],
  "executionTimeInSeconds": 7,
  "startTime": "2026-08-25T11:05:00.754543Z",
  "finishTime": "2026-08-25T11:05:07.5945Z"
}.
[2026-08-25 11:05:07Z INFO StepsRunner] No need for updating job result with current step result 'Succeeded'.
[2026-08-25 11:05:07Z INFO StepsRunner] Current state: job state = ''
[2026-08-25 11:05:07Z INFO StepsRunner] Processing step: DisplayName='Настройка Python 3.12'
[2026-08-25 11:05:07Z INFO StepsRunner] Evaluating: success()
[2026-08-25 11:05:07Z INFO StepsRunner] Result: true
[2026-08-25 11:05:07Z INFO StepsRunner] Starting the step.
[2026-08-25 11:05:07Z INFO HostContext] Well known directory 'Bin': 'D:\profinansy_tests_web\actions-runner\bin'
[2026-08-25 11:05:07Z INFO HostContext] Well known directory 'Root': 'D:\profinansy_tests_web\actions-runner'
[2026-08-25 11:05:07Z INFO HostContext] Well known directory 'Work': 'D:\profinansy_tests_web\actions-runner\_work'
[2026-08-25 11:05:07Z INFO StepsRunner] Which2: 'chcp'
[2026-08-25 11:05:07Z INFO StepsRunner] Location: 'C:\Windows\system32\chcp.COM'
[2026-08-25 11:05:07Z INFO ProcessInvokerWrapper] Starting process:
[2026-08-25 11:05:07Z INFO ProcessInvokerWrapper]   File name: 'C:\Windows\system32\chcp.COM'
[2026-08-25 11:05:07Z INFO ProcessInvokerWrapper]   Arguments: '65001'
[2026-08-25 11:05:07Z INFO ProcessInvokerWrapper]   Working directory: 'D:\profinansy_tests_web\actions-runner\_work'
[2026-08-25 11:05:07Z INFO ProcessInvokerWrapper]   Require exit code zero: 'False'
[2026-08-25 11:05:07Z INFO ProcessInvokerWrapper]   Encoding web name:  ; code page: ''
[2026-08-25 11:05:07Z INFO ProcessInvokerWrapper]   Force kill process on cancellation: 'False'
[2026-08-25 11:05:07Z INFO ProcessInvokerWrapper]   Redirected STDIN: 'False'
[2026-08-25 11:05:07Z INFO ProcessInvokerWrapper]   Persist current code page: 'True'
[2026-08-25 11:05:07Z INFO ProcessInvokerWrapper]   Keep redirected STDIN open: 'False'
[2026-08-25 11:05:07Z INFO ProcessInvokerWrapper]   High priority process: 'False'
[2026-08-25 11:05:07Z INFO ProcessInvokerWrapper] Process started with process id 30500, waiting for process exit.
[2026-08-25 11:05:07Z INFO ProcessInvokerWrapper] STDOUT/STDERR stream read finished.
[2026-08-25 11:05:07Z INFO ProcessInvokerWrapper] STDOUT/STDERR stream read finished.
[2026-08-25 11:05:07Z INFO ProcessInvokerWrapper] Finished process 30500 with exit code 0, and elapsed time 00:00:00.0129042.
[2026-08-25 11:05:07Z INFO StepsRunner] Successfully returned to code page 65001 (UTF8)
[2026-08-25 11:05:07Z INFO HostContext] Well known directory 'Bin': 'D:\profinansy_tests_web\actions-runner\bin'
[2026-08-25 11:05:07Z INFO HostContext] Well known directory 'Root': 'D:\profinansy_tests_web\actions-runner'
[2026-08-25 11:05:07Z INFO HostContext] Well known directory 'Work': 'D:\profinansy_tests_web\actions-runner\_work'
[2026-08-25 11:05:07Z INFO HostContext] Well known directory 'Actions': 'D:\profinansy_tests_web\actions-runner\_work\_actions'
[2026-08-25 11:05:07Z INFO ActionManager] Load action that reference repository from 'D:\profinansy_tests_web\actions-runner\_work\_actions\actions\setup-python\v5'
[2026-08-25 11:05:07Z INFO HostContext] Well known directory 'Bin': 'D:\profinansy_tests_web\actions-runner\bin'
[2026-08-25 11:05:07Z INFO HostContext] Well known directory 'Root': 'D:\profinansy_tests_web\actions-runner'
[2026-08-25 11:05:07Z INFO HostContext] Well known directory 'Work': 'D:\profinansy_tests_web\actions-runner\_work'
[2026-08-25 11:05:07Z INFO HostContext] Well known directory 'Actions': 'D:\profinansy_tests_web\actions-runner\_work\_actions'
[2026-08-25 11:05:07Z INFO ActionManifestManagerLegacy] Ignore action property author.
[2026-08-25 11:05:07Z INFO ActionManifestManagerLegacy] Ignore action property branding.
[2026-08-25 11:05:07Z INFO ActionManifestManagerLegacy] Loaded action.yml file: {
  "name": "Setup Python",
  "description": "Set up a specific version of Python and add the command-line tools to the PATH.",
  "inputs": {
    "type": 2,
    "map": [
      {
        "key": {
          "type": 0,
          "file": 3,
          "line": 6,
          "col": 3,
          "lit": "python-version"
        },
        "value": ""
      },
      {
        "key": {
          "type": 0,
          "file": 3,
          "line": 8,
          "col": 3,
          "lit": "python-version-file"
        },
        "value": ""
      },
      {
        "key": {
          "type": 0,
          "file": 3,
          "line": 10,
          "col": 3,
          "lit": "cache"
        },
        "value": ""
      },
      {
        "key": {
          "type": 0,
          "file": 3,
          "line": 13,
          "col": 3,
          "lit": "architecture"
        },
        "value": ""
      },
      {
        "key": {
          "type": 0,
          "file": 3,
          "line": 15,
          "col": 3,
          "lit": "check-latest"
        },
        "value": {
          "type": 0,
          "file": 3,
          "line": 17,
          "col": 14,
          "lit": "false"
        }
      },
      {
        "key": {
          "type": 0,
          "file": 3,
          "line": 18,
          "col": 3,
          "lit": "token"
        },
        "value": {
          "type": 3,
          "file": 3,
          "line": 20,
          "col": 14,
          "expr": "github.server_url == 'https://github.com' && github.token || ''"
        }
      },
      {
        "key": {
          "type": 0,
          "file": 3,
          "line": 21,
          "col": 3,
          "lit": "cache-dependency-path"
        },
        "value": ""
      },
      {
        "key": {
          "type": 0,
          "file": 3,
          "line": 23,
          "col": 3,
          "lit": "update-environment"
        },
        "value": {
          "type": 0,
          "file": 3,
          "line": 25,
          "col": 14,
          "lit": "true"
        }
      },
      {
        "key": {
          "type": 0,
          "file": 3,
          "line": 26,
          "col": 3,
          "lit": "allow-prereleases"
        },
        "value": {
          "type": 0,
          "file": 3,
          "line": 28,
          "col": 14,
          "lit": "false"
        }
      },
      {
        "key": {
          "type": 0,
          "file": 3,
          "line": 29,
          "col": 3,
          "lit": "freethreaded"
        },
        "value": {
          "type": 0,
          "file": 3,
          "line": 31,
          "col": 14,
          "lit": "false"
        }
      }
    ]
  },
  "execution": {
    "executionType": "nodeJS",
    "hasPre": false,
    "hasPost": true,
    "script": "dist/setup/index.js",
    "pre": null,
    "post": "dist/cache-save/index.js",
    "nodeVersion": "node20",
    "cleanupCondition": "success()",
    "initCondition": "always()"
  },
  "deprecated": null
}
[2026-08-25 11:05:07Z INFO ActionManager] Action pre node.js file: N/A.
[2026-08-25 11:05:07Z INFO ActionManager] Action node.js file: dist/setup/index.js.
[2026-08-25 11:05:07Z INFO ActionManager] Action post node.js file: dist/cache-save/index.js.
[2026-08-25 11:05:07Z INFO HostContext] Well known directory 'Bin': 'D:\profinansy_tests_web\actions-runner\bin'
[2026-08-25 11:05:07Z INFO HostContext] Well known directory 'Root': 'D:\profinansy_tests_web\actions-runner'
[2026-08-25 11:05:07Z INFO HostContext] Well known directory 'Diag': 'D:\profinansy_tests_web\actions-runner\_diag'
[2026-08-25 11:05:07Z INFO HostContext] Well known directory 'Bin': 'D:\profinansy_tests_web\actions-runner\bin'
[2026-08-25 11:05:07Z INFO HostContext] Well known directory 'Root': 'D:\profinansy_tests_web\actions-runner'
[2026-08-25 11:05:07Z INFO HostContext] Well known directory 'Diag': 'D:\profinansy_tests_web\actions-runner\_diag'
[2026-08-25 11:05:07Z INFO HostContext] Well known directory 'Bin': 'D:\profinansy_tests_web\actions-runner\bin'
[2026-08-25 11:05:07Z INFO HostContext] Well known directory 'Root': 'D:\profinansy_tests_web\actions-runner'
[2026-08-25 11:05:07Z INFO HostContext] Well known directory 'Work': 'D:\profinansy_tests_web\actions-runner\_work'
[2026-08-25 11:05:07Z INFO HostContext] Well known directory 'Temp': 'D:\profinansy_tests_web\actions-runner\_work\_temp'
[2026-08-25 11:05:07Z INFO ExecutionContext] Write event payload to D:\profinansy_tests_web\actions-runner\_work\_temp\_github_workflow\event.json
[2026-08-25 11:05:07Z INFO HostContext] Well known directory 'Bin': 'D:\profinansy_tests_web\actions-runner\bin'
[2026-08-25 11:05:07Z INFO HostContext] Well known directory 'Root': 'D:\profinansy_tests_web\actions-runner'
[2026-08-25 11:05:07Z INFO HostContext] Well known directory 'Work': 'D:\profinansy_tests_web\actions-runner\_work'
[2026-08-25 11:05:07Z INFO HostContext] Well known directory 'Temp': 'D:\profinansy_tests_web\actions-runner\_work\_temp'
[2026-08-25 11:05:07Z INFO ExtensionManager] Getting extensions for interface: 'GitHub.Runner.Worker.IFileCommandExtension'
[2026-08-25 11:05:07Z INFO JobServerQueue] Try to append 1 batches web console lines for record 'e717dbf8-eb15-444d-8a42-d9dc0a832425', success rate: 1/1.
[2026-08-25 11:05:07Z INFO ActionManifestManagerLegacy] Input 'python-version-file': default value evaluate result: ""
[2026-08-25 11:05:07Z INFO ActionManifestManagerLegacy] Input 'cache': default value evaluate result: ""
[2026-08-25 11:05:07Z INFO ActionManifestManagerLegacy] Input 'architecture': default value evaluate result: ""
[2026-08-25 11:05:07Z INFO ActionManifestManagerLegacy] Input 'check-latest': default value evaluate result: {
  "type": 0,
  "file": 3,
  "line": 17,
  "col": 14,
  "lit": "false"
}
[2026-08-25 11:05:07Z INFO ActionManifestManagerLegacy] Input 'token': default value evaluate result: {
  "type": 0,
  "file": 3,
  "line": 20,
  "col": 14,
  "lit": "***"
}
[2026-08-25 11:05:07Z INFO ActionManifestManagerLegacy] Input 'cache-dependency-path': default value evaluate result: ""
[2026-08-25 11:05:07Z INFO ActionManifestManagerLegacy] Input 'update-environment': default value evaluate result: {
  "type": 0,
  "file": 3,
  "line": 25,
  "col": 14,
  "lit": "true"
}
[2026-08-25 11:05:07Z INFO ActionManifestManagerLegacy] Input 'allow-prereleases': default value evaluate result: {
  "type": 0,
  "file": 3,
  "line": 28,
  "col": 14,
  "lit": "false"
}
[2026-08-25 11:05:07Z INFO ActionManifestManagerLegacy] Input 'freethreaded': default value evaluate result: {
  "type": 0,
  "file": 3,
  "line": 31,
  "col": 14,
  "lit": "false"
}
[2026-08-25 11:05:07Z INFO ExtensionManager] Getting extensions for interface: 'GitHub.Runner.Worker.IActionCommandExtension'
[2026-08-25 11:05:07Z INFO ActionCommandManager] Register action command extension for command internal-set-repo-path
[2026-08-25 11:05:07Z INFO ActionCommandManager] Register action command extension for command set-env
[2026-08-25 11:05:07Z INFO ActionCommandManager] Register action command extension for command set-output
[2026-08-25 11:05:07Z INFO ActionCommandManager] Register action command extension for command save-state
[2026-08-25 11:05:07Z INFO ActionCommandManager] Register action command extension for command add-path
[2026-08-25 11:05:07Z INFO ActionCommandManager] Register action command extension for command add-mask
[2026-08-25 11:05:07Z INFO ActionCommandManager] Register action command extension for command add-matcher
[2026-08-25 11:05:07Z INFO ActionCommandManager] Register action command extension for command remove-matcher
[2026-08-25 11:05:07Z INFO ActionCommandManager] Register action command extension for command warning
[2026-08-25 11:05:07Z INFO ActionCommandManager] Register action command extension for command error
[2026-08-25 11:05:07Z INFO ActionCommandManager] Register action command extension for command notice
[2026-08-25 11:05:07Z INFO ActionCommandManager] Register action command extension for command debug
[2026-08-25 11:05:07Z INFO ActionCommandManager] Register action command extension for command group
[2026-08-25 11:05:07Z INFO ActionCommandManager] Register action command extension for command endgroup
[2026-08-25 11:05:07Z INFO ActionCommandManager] Register action command extension for command echo
[2026-08-25 11:05:07Z INFO HostContext] Well known directory 'Bin': 'D:\profinansy_tests_web\actions-runner\bin'
[2026-08-25 11:05:07Z INFO HostContext] Well known directory 'Root': 'D:\profinansy_tests_web\actions-runner'
[2026-08-25 11:05:07Z INFO HostContext] Well known directory 'Externals': 'D:\profinansy_tests_web\actions-runner\externals'
[2026-08-25 11:05:07Z INFO ProcessInvokerWrapper] Starting process:
[2026-08-25 11:05:07Z INFO ProcessInvokerWrapper]   File name: 'D:\profinansy_tests_web\actions-runner\externals\node24\bin\node.exe'
[2026-08-25 11:05:07Z INFO ProcessInvokerWrapper]   Arguments: '"D:\profinansy_tests_web\actions-runner\_work\_actions\actions\setup-python\v5\dist/setup/index.js"'
[2026-08-25 11:05:07Z INFO ProcessInvokerWrapper]   Working directory: 'D:\profinansy_tests_web\actions-runner\_work\profinansyweb\profinansyweb'
[2026-08-25 11:05:07Z INFO ProcessInvokerWrapper]   Require exit code zero: 'False'
[2026-08-25 11:05:07Z INFO ProcessInvokerWrapper]   Encoding web name: utf-8 ; code page: '65001'
[2026-08-25 11:05:07Z INFO ProcessInvokerWrapper]   Force kill process on cancellation: 'False'
[2026-08-25 11:05:07Z INFO ProcessInvokerWrapper]   Redirected STDIN: 'False'
[2026-08-25 11:05:07Z INFO ProcessInvokerWrapper]   Persist current code page: 'True'
[2026-08-25 11:05:07Z INFO ProcessInvokerWrapper]   Keep redirected STDIN open: 'False'
[2026-08-25 11:05:07Z INFO ProcessInvokerWrapper]   High priority process: 'False'
[2026-08-25 11:05:07Z INFO JobServerQueue] Try to append 1 batches web console lines for record '2049db1b-a8d8-4992-8464-1039e00c26ae', success rate: 1/1.
[2026-08-25 11:05:07Z INFO ProcessInvokerWrapper] Process started with process id 30360, waiting for process exit.
[2026-08-25 11:05:08Z INFO JobServerQueue] Try to append 1 batches web console lines for record '2049db1b-a8d8-4992-8464-1039e00c26ae', success rate: 1/1.
[2026-08-25 11:05:08Z INFO JobServerQueue] Try to upload 1 log files or attachments, success rate: 1/1.
[2026-08-25 11:05:08Z INFO JobServerQueue] Got a step log file to send to results service.
[2026-08-25 11:05:08Z INFO JobServerQueue] Starting upload of step log file to results service ResultsLog, D:\profinansy_tests_web\actions-runner\_diag\blocks\b61037b3-76e1-4e5b-9864-6dcdf7de43f7_e717dbf8-eb15-444d-8a42-d9dc0a832425.1
[2026-08-25 11:05:08Z INFO JobServerQueue] Tried to upload 1 file(s) to results, success rate: 1/1.
[2026-08-25 11:05:09Z INFO JobServerQueue] Try to append 1 batches web console lines for record '2049db1b-a8d8-4992-8464-1039e00c26ae', success rate: 1/1.
[2026-08-25 11:05:10Z INFO HostContext] Well known directory 'Bin': 'D:\profinansy_tests_web\actions-runner\bin'
[2026-08-25 11:05:10Z INFO HostContext] Well known directory 'Root': 'D:\profinansy_tests_web\actions-runner'
[2026-08-25 11:05:10Z INFO HostContext] Well known directory 'Work': 'D:\profinansy_tests_web\actions-runner\_work'
[2026-08-25 11:05:20Z INFO HostContext] Well known directory 'Bin': 'D:\profinansy_tests_web\actions-runner\bin'
[2026-08-25 11:05:20Z INFO HostContext] Well known directory 'Root': 'D:\profinansy_tests_web\actions-runner'
[2026-08-25 11:05:20Z INFO HostContext] Well known directory 'Work': 'D:\profinansy_tests_web\actions-runner\_work'
[2026-08-25 11:05:30Z INFO HostContext] Well known directory 'Bin': 'D:\profinansy_tests_web\actions-runner\bin'
[2026-08-25 11:05:30Z INFO HostContext] Well known directory 'Root': 'D:\profinansy_tests_web\actions-runner'
[2026-08-25 11:05:30Z INFO HostContext] Well known directory 'Work': 'D:\profinansy_tests_web\actions-runner\_work'
[2026-08-25 11:05:40Z INFO HostContext] Well known directory 'Bin': 'D:\profinansy_tests_web\actions-runner\bin'
[2026-08-25 11:05:40Z INFO HostContext] Well known directory 'Root': 'D:\profinansy_tests_web\actions-runner'
[2026-08-25 11:05:40Z INFO HostContext] Well known directory 'Work': 'D:\profinansy_tests_web\actions-runner\_work'
[2026-08-25 11:05:50Z INFO HostContext] Well known directory 'Bin': 'D:\profinansy_tests_web\actions-runner\bin'
[2026-08-25 11:05:50Z INFO HostContext] Well known directory 'Root': 'D:\profinansy_tests_web\actions-runner'
[2026-08-25 11:05:50Z INFO HostContext] Well known directory 'Work': 'D:\profinansy_tests_web\actions-runner\_work'
[2026-08-25 11:05:58Z INFO JobServerQueue] Stop aggressive process web console line queue.
[2026-08-25 11:06:00Z INFO HostContext] Well known directory 'Bin': 'D:\profinansy_tests_web\actions-runner\bin'
[2026-08-25 11:06:00Z INFO HostContext] Well known directory 'Root': 'D:\profinansy_tests_web\actions-runner'
[2026-08-25 11:06:00Z INFO HostContext] Well known directory 'Work': 'D:\profinansy_tests_web\actions-runner\_work'
[2026-08-25 11:06:10Z INFO HostContext] Well known directory 'Bin': 'D:\profinansy_tests_web\actions-runner\bin'
[2026-08-25 11:06:10Z INFO HostContext] Well known directory 'Root': 'D:\profinansy_tests_web\actions-runner'
[2026-08-25 11:06:10Z INFO HostContext] Well known directory 'Work': 'D:\profinansy_tests_web\actions-runner\_work'
[2026-08-25 11:06:20Z INFO HostContext] Well known directory 'Bin': 'D:\profinansy_tests_web\actions-runner\bin'
[2026-08-25 11:06:20Z INFO HostContext] Well known directory 'Root': 'D:\profinansy_tests_web\actions-runner'
[2026-08-25 11:06:20Z INFO HostContext] Well known directory 'Work': 'D:\profinansy_tests_web\actions-runner\_work'
[2026-08-25 11:06:30Z INFO HostContext] Well known directory 'Bin': 'D:\profinansy_tests_web\actions-runner\bin'
[2026-08-25 11:06:30Z INFO HostContext] Well known directory 'Root': 'D:\profinansy_tests_web\actions-runner'
[2026-08-25 11:06:30Z INFO HostContext] Well known directory 'Work': 'D:\profinansy_tests_web\actions-runner\_work'
[2026-08-25 11:06:40Z INFO HostContext] Well known directory 'Bin': 'D:\profinansy_tests_web\actions-runner\bin'
[2026-08-25 11:06:40Z INFO HostContext] Well known directory 'Root': 'D:\profinansy_tests_web\actions-runner'
[2026-08-25 11:06:40Z INFO HostContext] Well known directory 'Work': 'D:\profinansy_tests_web\actions-runner\_work'
[2026-08-25 11:06:50Z INFO HostContext] Well known directory 'Bin': 'D:\profinansy_tests_web\actions-runner\bin'
[2026-08-25 11:06:50Z INFO HostContext] Well known directory 'Root': 'D:\profinansy_tests_web\actions-runner'
[2026-08-25 11:06:50Z INFO HostContext] Well known directory 'Work': 'D:\profinansy_tests_web\actions-runner\_work'
[2026-08-25 11:06:57Z INFO JobServerQueue] Try to append 1 batches web console lines for record '2049db1b-a8d8-4992-8464-1039e00c26ae', success rate: 1/1.
[2026-08-25 11:06:59Z INFO JobServerQueue] Try to append 1 batches web console lines for record '2049db1b-a8d8-4992-8464-1039e00c26ae', success rate: 1/1.
[2026-08-25 11:06:59Z INFO JobServerQueue] Try to append 1 batches web console lines for record '2049db1b-a8d8-4992-8464-1039e00c26ae', success rate: 1/1.
[2026-08-25 11:07:00Z INFO JobServerQueue] Try to append 1 batches web console lines for record '2049db1b-a8d8-4992-8464-1039e00c26ae', success rate: 1/1.
[2026-08-25 11:07:00Z INFO HostContext] Well known directory 'Bin': 'D:\profinansy_tests_web\actions-runner\bin'
[2026-08-25 11:07:00Z INFO HostContext] Well known directory 'Root': 'D:\profinansy_tests_web\actions-runner'
[2026-08-25 11:07:00Z INFO HostContext] Well known directory 'Work': 'D:\profinansy_tests_web\actions-runner\_work'
[2026-08-25 11:07:10Z INFO HostContext] Well known directory 'Bin': 'D:\profinansy_tests_web\actions-runner\bin'
[2026-08-25 11:07:10Z INFO HostContext] Well known directory 'Root': 'D:\profinansy_tests_web\actions-runner'
[2026-08-25 11:07:10Z INFO HostContext] Well known directory 'Work': 'D:\profinansy_tests_web\actions-runner\_work'
[2026-08-25 11:07:16Z INFO ProcessInvokerWrapper] STDOUT/STDERR stream read finished.
[2026-08-25 11:07:16Z INFO ProcessInvokerWrapper] STDOUT/STDERR stream read finished.
[2026-08-25 11:07:16Z INFO ProcessInvokerWrapper] Finished process 30360 with exit code 1, and elapsed time 00:02:08.6716399.
[2026-08-25 11:07:16Z INFO CreateStepSummaryCommand] Step Summary file (D:\profinansy_tests_web\actions-runner\_work\_temp\_runner_file_commands\step_summary_cd210e20-5225-4ab2-bb92-202f535a14a9) is empty; skipping attachment upload
[2026-08-25 11:07:16Z INFO StepsRunner] Step result: Failed
[2026-08-25 11:07:16Z INFO ExecutionContext] Publish step telemetry for current step {
  "action": "actions/setup-python",
  "ref": "v5",
  "type": "node24",
  "stage": "Main",
  "stepId": "2049db1b-a8d8-4992-8464-1039e00c26ae",
  "stepContextName": "__actions_setup-python",
  "hasPreStep": false,
  "hasPostStep": true,
  "result": "failed",
  "errorMessages": [
    "Remove-Item : Requested registry access is not allowed.\r\nAt D:\\profinansy_tests_web\\actions-runner\\_work\\_temp\\a6fa2f07-87ac-403d-94a8-c5e49b2d03a4\\setup.ps1:57 char:13\r\n+             Remove-Item Registry::$_ -Recurse -Force -Verbose",
    "+             ~~~~~~~~~~~~~~~~~~~~~~~~~~~~~~~~~~~~~~~~~~~~~~~~~\r\n    + CategoryInfo          : PermissionDenied: (HKEY_LOCAL_MACH...rsion\\Uninstall:String) [Remove-Item], SecurityExce \r\n   ption\r\n    + FullyQualifiedErrorId : System.Security.SecurityExcept",
    "Remove-Item : Requested registry access is not allowed."
  ],
  "executionTimeInSeconds": 129,
  "startTime": "2026-08-25T11:05:07.5960273Z",
  "finishTime": "2026-08-25T11:07:16.3677006Z"
}.
[2026-08-25 11:07:16Z INFO StepsRunner] Update job result with current step result 'Failed'.
[2026-08-25 11:07:16Z INFO StepsRunner] Current state: job state = 'Failed'
[2026-08-25 11:07:16Z INFO StepsRunner] Processing step: DisplayName='Установка зависимостей'
[2026-08-25 11:07:16Z INFO StepsRunner] Evaluating: success()
[2026-08-25 11:07:16Z INFO StepsRunner] Result: false
[2026-08-25 11:07:16Z INFO StepsRunner] Skipping step due to condition evaluation.
[2026-08-25 11:07:16Z INFO StepsRunner] No need for updating job result with current step result 'Skipped'.
[2026-08-25 11:07:16Z INFO StepsRunner] Current state: job state = 'Failed'
[2026-08-25 11:07:16Z INFO StepsRunner] Processing step: DisplayName='Запуск тестов через Pytest (Параллельно на 2 стендах)'
[2026-08-25 11:07:16Z INFO StepsRunner] Evaluating: success()
[2026-08-25 11:07:16Z INFO StepsRunner] Result: false
[2026-08-25 11:07:16Z INFO StepsRunner] Skipping step due to condition evaluation.
[2026-08-25 11:07:16Z INFO StepsRunner] No need for updating job result with current step result 'Skipped'.
[2026-08-25 11:07:16Z INFO StepsRunner] Current state: job state = 'Failed'
[2026-08-25 11:07:16Z INFO StepsRunner] Processing step: DisplayName='Генерация отчета Allure'
[2026-08-25 11:07:16Z INFO StepsRunner] Evaluating: always()
[2026-08-25 11:07:16Z INFO StepsRunner] Result: true
[2026-08-25 11:07:16Z INFO StepsRunner] Starting the step.
[2026-08-25 11:07:16Z INFO HostContext] Well known directory 'Bin': 'D:\profinansy_tests_web\actions-runner\bin'
[2026-08-25 11:07:16Z INFO HostContext] Well known directory 'Root': 'D:\profinansy_tests_web\actions-runner'
[2026-08-25 11:07:16Z INFO HostContext] Well known directory 'Work': 'D:\profinansy_tests_web\actions-runner\_work'
[2026-08-25 11:07:16Z INFO StepsRunner] Which2: 'chcp'
[2026-08-25 11:07:16Z INFO StepsRunner] Location: 'C:\Windows\system32\chcp.COM'
[2026-08-25 11:07:16Z INFO ProcessInvokerWrapper] Starting process:
[2026-08-25 11:07:16Z INFO ProcessInvokerWrapper]   File name: 'C:\Windows\system32\chcp.COM'
[2026-08-25 11:07:16Z INFO ProcessInvokerWrapper]   Arguments: '65001'
[2026-08-25 11:07:16Z INFO ProcessInvokerWrapper]   Working directory: 'D:\profinansy_tests_web\actions-runner\_work'
[2026-08-25 11:07:16Z INFO ProcessInvokerWrapper]   Require exit code zero: 'False'
[2026-08-25 11:07:16Z INFO ProcessInvokerWrapper]   Encoding web name:  ; code page: ''
[2026-08-25 11:07:16Z INFO ProcessInvokerWrapper]   Force kill process on cancellation: 'False'
[2026-08-25 11:07:16Z INFO ProcessInvokerWrapper]   Redirected STDIN: 'False'
[2026-08-25 11:07:16Z INFO ProcessInvokerWrapper]   Persist current code page: 'True'
[2026-08-25 11:07:16Z INFO ProcessInvokerWrapper]   Keep redirected STDIN open: 'False'
[2026-08-25 11:07:16Z INFO ProcessInvokerWrapper]   High priority process: 'False'
[2026-08-25 11:07:16Z INFO ProcessInvokerWrapper] Process started with process id 18728, waiting for process exit.
[2026-08-25 11:07:16Z INFO ProcessInvokerWrapper] STDOUT/STDERR stream read finished.
[2026-08-25 11:07:16Z INFO ProcessInvokerWrapper] STDOUT/STDERR stream read finished.
[2026-08-25 11:07:16Z INFO ProcessInvokerWrapper] Finished process 18728 with exit code 0, and elapsed time 00:00:00.0167481.
[2026-08-25 11:07:16Z INFO StepsRunner] Successfully returned to code page 65001 (UTF8)
[2026-08-25 11:07:16Z INFO HostContext] Well known directory 'Bin': 'D:\profinansy_tests_web\actions-runner\bin'
[2026-08-25 11:07:16Z INFO HostContext] Well known directory 'Root': 'D:\profinansy_tests_web\actions-runner'
[2026-08-25 11:07:16Z INFO HostContext] Well known directory 'Work': 'D:\profinansy_tests_web\actions-runner\_work'
[2026-08-25 11:07:16Z INFO HostContext] Well known directory 'Actions': 'D:\profinansy_tests_web\actions-runner\_work\_actions'
[2026-08-25 11:07:16Z INFO ActionManager] Load action that reference repository from 'D:\profinansy_tests_web\actions-runner\_work\_actions\simple-elf\allure-report-action\master'
[2026-08-25 11:07:16Z INFO HostContext] Well known directory 'Bin': 'D:\profinansy_tests_web\actions-runner\bin'
[2026-08-25 11:07:16Z INFO HostContext] Well known directory 'Root': 'D:\profinansy_tests_web\actions-runner'
[2026-08-25 11:07:16Z INFO HostContext] Well known directory 'Work': 'D:\profinansy_tests_web\actions-runner\_work'
[2026-08-25 11:07:16Z INFO HostContext] Well known directory 'Actions': 'D:\profinansy_tests_web\actions-runner\_work\_actions'
[2026-08-25 11:07:16Z INFO ActionManifestManagerLegacy] Ignore action property author.
[2026-08-25 11:07:16Z INFO ActionManifestManagerLegacy] Ignore action property branding.
[2026-08-25 11:07:16Z INFO ActionManifestManagerLegacy] Loaded action.yml file: {
  "name": "Allure Report with history",
  "description": "Generate Allure Report with history",
  "inputs": {
    "type": 2,
    "map": [
      {
        "key": {
          "type": 0,
          "file": 4,
          "line": 8,
          "col": 3,
          "lit": "allure_results"
        },
        "value": {
          "type": 0,
          "file": 4,
          "line": 11,
          "col": 14,
          "lit": "allure-results"
        }
      },
      {
        "key": {
          "type": 0,
          "file": 4,
          "line": 12,
          "col": 3,
          "lit": "allure_report"
        },
        "value": {
          "type": 0,
          "file": 4,
          "line": 15,
          "col": 14,
          "lit": "allure-report"
        }
      },
      {
        "key": {
          "type": 0,
          "file": 4,
          "line": 16,
          "col": 3,
          "lit": "gh_pages"
        },
        "value": {
          "type": 0,
          "file": 4,
          "line": 19,
          "col": 14,
          "lit": "gh-pages"
        }
      },
      {
        "key": {
          "type": 0,
          "file": 4,
          "line": 20,
          "col": 3,
          "lit": "allure_history"
        },
        "value": {
          "type": 0,
          "file": 4,
          "line": 23,
          "col": 14,
          "lit": "allure-history"
        }
      },
      {
        "key": {
          "type": 0,
          "file": 4,
          "line": 24,
          "col": 3,
          "lit": "subfolder"
        },
        "value": {
          "type": 0,
          "file": 4,
          "line": 27,
          "col": 14,
          "lit": ""
        }
      },
      {
        "key": {
          "type": 0,
          "file": 4,
          "line": 28,
          "col": 3,
          "lit": "keep_reports"
        },
        "value": {
          "type": 0,
          "file": 4,
          "line": 31,
          "col": 14,
          "lit": "20"
        }
      },
      {
        "key": {
          "type": 0,
          "file": 4,
          "line": 32,
          "col": 3,
          "lit": "github_run_num"
        },
        "value": {
          "type": 3,
          "file": 4,
          "line": 35,
          "col": 14,
          "expr": "github.run_number"
        }
      },
      {
        "key": {
          "type": 0,
          "file": 4,
          "line": 36,
          "col": 3,
          "lit": "github_run_id"
        },
        "value": {
          "type": 3,
          "file": 4,
          "line": 39,
          "col": 14,
          "expr": "github.run_id"
        }
      },
      {
        "key": {
          "type": 0,
          "file": 4,
          "line": 40,
          "col": 3,
          "lit": "github_repo"
        },
        "value": {
          "type": 3,
          "file": 4,
          "line": 43,
          "col": 14,
          "expr": "github.repository"
        }
      },
      {
        "key": {
          "type": 0,
          "file": 4,
          "line": 44,
          "col": 3,
          "lit": "github_repo_owner"
        },
        "value": {
          "type": 3,
          "file": 4,
          "line": 47,
          "col": 14,
          "expr": "github.repository_owner"
        }
      },
      {
        "key": {
          "type": 0,
          "file": 4,
          "line": 48,
          "col": 3,
          "lit": "github_tests_repo"
        },
        "value": {
          "type": 3,
          "file": 4,
          "line": 51,
          "col": 14,
          "expr": "github.repository"
        }
      },
      {
        "key": {
          "type": 0,
          "file": 4,
          "line": 52,
          "col": 3,
          "lit": "report_url"
        },
        "value": {
          "type": 0,
          "file": 4,
          "line": 55,
          "col": 14,
          "lit": ""
        }
      },
      {
        "key": {
          "type": 0,
          "file": 4,
          "line": 56,
          "col": 3,
          "lit": "github_server_url"
        },
        "value": {
          "type": 3,
          "file": 4,
          "line": 59,
          "col": 14,
          "expr": "github.server_url"
        }
      },
      {
        "key": {
          "type": 0,
          "file": 4,
          "line": 60,
          "col": 3,
          "lit": "report_name"
        },
        "value": ""
      }
    ]
  },
  "execution": {
    "executionType": "container",
    "hasPre": false,
    "hasPost": false,
    "image": "Dockerfile",
    "entryPoint": null,
    "arguments": null,
    "environment": null,
    "pre": null,
    "post": null,
    "cleanupCondition": "always()",
    "initCondition": "always()"
  },
  "deprecated": null
}
[2026-08-25 11:07:16Z INFO ActionManager] Action container Dockerfile/image: Dockerfile.
[2026-08-25 11:07:16Z INFO HostContext] Well known directory 'Bin': 'D:\profinansy_tests_web\actions-runner\bin'
[2026-08-25 11:07:16Z INFO HostContext] Well known directory 'Root': 'D:\profinansy_tests_web\actions-runner'
[2026-08-25 11:07:16Z INFO HostContext] Well known directory 'Work': 'D:\profinansy_tests_web\actions-runner\_work'
[2026-08-25 11:07:16Z INFO HostContext] Well known directory 'Temp': 'D:\profinansy_tests_web\actions-runner\_work\_temp'
[2026-08-25 11:07:16Z INFO ExecutionContext] Write event payload to D:\profinansy_tests_web\actions-runner\_work\_temp\_github_workflow\event.json
[2026-08-25 11:07:16Z INFO HostContext] Well known directory 'Bin': 'D:\profinansy_tests_web\actions-runner\bin'
[2026-08-25 11:07:16Z INFO HostContext] Well known directory 'Root': 'D:\profinansy_tests_web\actions-runner'
[2026-08-25 11:07:16Z INFO HostContext] Well known directory 'Work': 'D:\profinansy_tests_web\actions-runner\_work'
[2026-08-25 11:07:16Z INFO HostContext] Well known directory 'Temp': 'D:\profinansy_tests_web\actions-runner\_work\_temp'
[2026-08-25 11:07:16Z INFO ExtensionManager] Getting extensions for interface: 'GitHub.Runner.Worker.IFileCommandExtension'
[2026-08-25 11:07:16Z INFO ActionManifestManagerLegacy] Input 'subfolder': default value evaluate result: {
  "type": 0,
  "file": 4,
  "line": 27,
  "col": 14,
  "lit": ""
}
[2026-08-25 11:07:16Z INFO ActionManifestManagerLegacy] Input 'keep_reports': default value evaluate result: {
  "type": 0,
  "file": 4,
  "line": 31,
  "col": 14,
  "lit": "20"
}
[2026-08-25 11:07:16Z INFO ActionManifestManagerLegacy] Input 'github_run_num': default value evaluate result: {
  "type": 0,
  "file": 4,
  "line": 35,
  "col": 14,
  "lit": "25"
}
[2026-08-25 11:07:16Z INFO ActionManifestManagerLegacy] Input 'github_run_id': default value evaluate result: {
  "type": 0,
  "file": 4,
  "line": 39,
  "col": 14,
  "lit": "32840471982"
}
[2026-08-25 11:07:16Z INFO ActionManifestManagerLegacy] Input 'github_repo': default value evaluate result: {
  "type": 0,
  "file": 4,
  "line": 43,
  "col": 14,
  "lit": "Anna-Shirokaya/profinansyweb"
}
[2026-08-25 11:07:16Z INFO ActionManifestManagerLegacy] Input 'github_repo_owner': default value evaluate result: {
  "type": 0,
  "file": 4,
  "line": 47,
  "col": 14,
  "lit": "Anna-Shirokaya"
}
[2026-08-25 11:07:16Z INFO ActionManifestManagerLegacy] Input 'github_tests_repo': default value evaluate result: {
  "type": 0,
  "file": 4,
  "line": 51,
  "col": 14,
  "lit": "Anna-Shirokaya/profinansyweb"
}
[2026-08-25 11:07:16Z INFO ActionManifestManagerLegacy] Input 'report_url': default value evaluate result: {
  "type": 0,
  "file": 4,
  "line": 55,
  "col": 14,
  "lit": ""
}
[2026-08-25 11:07:16Z INFO ActionManifestManagerLegacy] Input 'github_server_url': default value evaluate result: {
  "type": 0,
  "file": 4,
  "line": 59,
  "col": 14,
  "lit": "https://github.com"
}
[2026-08-25 11:07:16Z INFO ActionManifestManagerLegacy] Input 'report_name': default value evaluate result: ""
[2026-08-25 11:07:16Z INFO ExtensionManager] Getting extensions for interface: 'GitHub.Runner.Worker.IActionCommandExtension'
[2026-08-25 11:07:16Z INFO ActionCommandManager] Register action command extension for command internal-set-repo-path
[2026-08-25 11:07:16Z INFO ActionCommandManager] Register action command extension for command set-env
[2026-08-25 11:07:16Z INFO ActionCommandManager] Register action command extension for command set-output
[2026-08-25 11:07:16Z INFO ActionCommandManager] Register action command extension for command save-state
[2026-08-25 11:07:16Z INFO ActionCommandManager] Register action command extension for command add-path
[2026-08-25 11:07:16Z INFO ActionCommandManager] Register action command extension for command add-mask
[2026-08-25 11:07:16Z INFO ActionCommandManager] Register action command extension for command add-matcher
[2026-08-25 11:07:16Z INFO ActionCommandManager] Register action command extension for command remove-matcher
[2026-08-25 11:07:16Z INFO ActionCommandManager] Register action command extension for command warning
[2026-08-25 11:07:16Z INFO ActionCommandManager] Register action command extension for command error
[2026-08-25 11:07:16Z INFO ActionCommandManager] Register action command extension for command notice
[2026-08-25 11:07:16Z INFO ActionCommandManager] Register action command extension for command debug
[2026-08-25 11:07:16Z INFO ActionCommandManager] Register action command extension for command group
[2026-08-25 11:07:16Z INFO ActionCommandManager] Register action command extension for command endgroup
[2026-08-25 11:07:16Z INFO ActionCommandManager] Register action command extension for command echo
[2026-08-25 11:07:16Z INFO CreateStepSummaryCommand] Step Summary file (D:\profinansy_tests_web\actions-runner\_work\_temp\_runner_file_commands\step_summary_26d9384b-ca1c-4c07-a51e-cbb3df9cb4f3) is empty; skipping attachment upload
[2026-08-25 11:07:16Z INFO JobServerQueue] Try to append 1 batches web console lines for record '2049db1b-a8d8-4992-8464-1039e00c26ae', success rate: 1/1.
[2026-08-25 11:07:16Z INFO JobServerQueue] Try to append 1 batches web console lines for record '8726baf8-5530-4c57-a5a5-e22b96f6fefa', success rate: 1/1.
[2026-08-25 11:07:16Z ERR  StepsRunner] Caught exception from step: System.NotSupportedException: Container action is only supported on Linux
   at GitHub.Runner.Worker.Handlers.ContainerActionHandler.RunAsync(ActionRunStage stage)
   at GitHub.Runner.Worker.ActionRunner.RunAsync()
   at GitHub.Runner.Worker.StepsRunner.RunStepAsync(IStep step, CancellationToken jobCancellationToken)
[2026-08-25 11:07:16Z INFO StepsRunner] Step result: Failed
[2026-08-25 11:07:16Z INFO ExecutionContext] Publish step telemetry for current step {
  "action": "simple-elf/allure-report-action",
  "ref": "master",
  "type": "repository",
  "stage": "Main",
  "stepId": "8726baf8-5530-4c57-a5a5-e22b96f6fefa",
  "stepContextName": "__simple-elf_allure-report-action",
  "result": "failed",
  "errorMessages": [
    "Container action is only supported on Linux"
  ],
  "executionTimeInSeconds": 1,
  "startTime": "2026-08-25T11:07:16.3729167Z",
  "finishTime": "2026-08-25T11:07:16.4367731Z"
}.
[2026-08-25 11:07:16Z INFO StepsRunner] Update job result with current step result 'Failed'.
[2026-08-25 11:07:16Z INFO StepsRunner] Current state: job state = 'Failed'
[2026-08-25 11:07:16Z INFO StepsRunner] Processing step: DisplayName='Публикация отчета на GitHub Pages'
[2026-08-25 11:07:16Z INFO StepsRunner] Evaluating: always()
[2026-08-25 11:07:16Z INFO StepsRunner] Result: true
[2026-08-25 11:07:16Z INFO StepsRunner] Starting the step.
[2026-08-25 11:07:16Z INFO HostContext] Well known directory 'Bin': 'D:\profinansy_tests_web\actions-runner\bin'
[2026-08-25 11:07:16Z INFO HostContext] Well known directory 'Root': 'D:\profinansy_tests_web\actions-runner'
[2026-08-25 11:07:16Z INFO HostContext] Well known directory 'Work': 'D:\profinansy_tests_web\actions-runner\_work'
[2026-08-25 11:07:16Z INFO StepsRunner] Which2: 'chcp'
[2026-08-25 11:07:16Z INFO StepsRunner] Location: 'C:\Windows\system32\chcp.COM'
[2026-08-25 11:07:16Z INFO ProcessInvokerWrapper] Starting process:
[2026-08-25 11:07:16Z INFO ProcessInvokerWrapper]   File name: 'C:\Windows\system32\chcp.COM'
[2026-08-25 11:07:16Z INFO ProcessInvokerWrapper]   Arguments: '65001'
[2026-08-25 11:07:16Z INFO ProcessInvokerWrapper]   Working directory: 'D:\profinansy_tests_web\actions-runner\_work'
[2026-08-25 11:07:16Z INFO ProcessInvokerWrapper]   Require exit code zero: 'False'
[2026-08-25 11:07:16Z INFO ProcessInvokerWrapper]   Encoding web name:  ; code page: ''
[2026-08-25 11:07:16Z INFO ProcessInvokerWrapper]   Force kill process on cancellation: 'False'
[2026-08-25 11:07:16Z INFO ProcessInvokerWrapper]   Redirected STDIN: 'False'
[2026-08-25 11:07:16Z INFO ProcessInvokerWrapper]   Persist current code page: 'True'
[2026-08-25 11:07:16Z INFO ProcessInvokerWrapper]   Keep redirected STDIN open: 'False'
[2026-08-25 11:07:16Z INFO ProcessInvokerWrapper]   High priority process: 'False'
[2026-08-25 11:07:16Z INFO ProcessInvokerWrapper] Process started with process id 30092, waiting for process exit.
[2026-08-25 11:07:16Z INFO ProcessInvokerWrapper] STDOUT/STDERR stream read finished.
[2026-08-25 11:07:16Z INFO ProcessInvokerWrapper] STDOUT/STDERR stream read finished.
[2026-08-25 11:07:16Z INFO ProcessInvokerWrapper] Finished process 30092 with exit code 0, and elapsed time 00:00:00.0153408.
[2026-08-25 11:07:16Z INFO StepsRunner] Successfully returned to code page 65001 (UTF8)
[2026-08-25 11:07:16Z INFO HostContext] Well known directory 'Bin': 'D:\profinansy_tests_web\actions-runner\bin'
[2026-08-25 11:07:16Z INFO HostContext] Well known directory 'Root': 'D:\profinansy_tests_web\actions-runner'
[2026-08-25 11:07:16Z INFO HostContext] Well known directory 'Work': 'D:\profinansy_tests_web\actions-runner\_work'
[2026-08-25 11:07:16Z INFO HostContext] Well known directory 'Actions': 'D:\profinansy_tests_web\actions-runner\_work\_actions'
[2026-08-25 11:07:16Z INFO ActionManager] Load action that reference repository from 'D:\profinansy_tests_web\actions-runner\_work\_actions\peaceiris\actions-gh-pages\v3'
[2026-08-25 11:07:16Z INFO HostContext] Well known directory 'Bin': 'D:\profinansy_tests_web\actions-runner\bin'
[2026-08-25 11:07:16Z INFO HostContext] Well known directory 'Root': 'D:\profinansy_tests_web\actions-runner'
[2026-08-25 11:07:16Z INFO HostContext] Well known directory 'Work': 'D:\profinansy_tests_web\actions-runner\_work'
[2026-08-25 11:07:16Z INFO HostContext] Well known directory 'Actions': 'D:\profinansy_tests_web\actions-runner\_work\_actions'
[2026-08-25 11:07:16Z INFO ActionManifestManagerLegacy] Ignore action property author.
[2026-08-25 11:07:16Z INFO ActionManifestManagerLegacy] Ignore action property branding.
[2026-08-25 11:07:16Z INFO ActionManifestManagerLegacy] Loaded action.yml file: {
  "name": "GitHub Pages action",
  "description": "GitHub Actions for GitHub Pages 🚀 Deploy static files and publish your site easily. Static-Site-Generators-friendly.",
  "inputs": {
    "type": 2,
    "map": [
      {
        "key": {
          "type": 0,
          "file": 5,
          "line": 11,
          "col": 3,
          "lit": "deploy_key"
        },
        "value": ""
      },
      {
        "key": {
          "type": 0,
          "file": 5,
          "line": 14,
          "col": 3,
          "lit": "github_token"
        },
        "value": ""
      },
      {
        "key": {
          "type": 0,
          "file": 5,
          "line": 17,
          "col": 3,
          "lit": "personal_token"
        },
        "value": ""
      },
      {
        "key": {
          "type": 0,
          "file": 5,
          "line": 20,
          "col": 3,
          "lit": "publish_branch"
        },
        "value": {
          "type": 0,
          "file": 5,
          "line": 23,
          "col": 14,
          "lit": "gh-pages"
        }
      },
      {
        "key": {
          "type": 0,
          "file": 5,
          "line": 24,
          "col": 3,
          "lit": "publish_dir"
        },
        "value": {
          "type": 0,
          "file": 5,
          "line": 27,
          "col": 14,
          "lit": "public"
        }
      },
      {
        "key": {
          "type": 0,
          "file": 5,
          "line": 28,
          "col": 3,
          "lit": "destination_dir"
        },
        "value": {
          "type": 0,
          "file": 5,
          "line": 31,
          "col": 14,
          "lit": ""
        }
      },
      {
        "key": {
          "type": 0,
          "file": 5,
          "line": 32,
          "col": 3,
          "lit": "external_repository"
        },
        "value": ""
      },
      {
        "key": {
          "type": 0,
          "file": 5,
          "line": 35,
          "col": 3,
          "lit": "allow_empty_commit"
        },
        "value": {
          "type": 0,
          "file": 5,
          "line": 38,
          "col": 14,
          "lit": "false"
        }
      },
      {
        "key": {
          "type": 0,
          "file": 5,
          "line": 39,
          "col": 3,
          "lit": "keep_files"
        },
        "value": {
          "type": 0,
          "file": 5,
          "line": 42,
          "col": 14,
          "lit": "false"
        }
      },
      {
        "key": {
          "type": 0,
          "file": 5,
          "line": 43,
          "col": 3,
          "lit": "force_orphan"
        },
        "value": {
          "type": 0,
          "file": 5,
          "line": 46,
          "col": 14,
          "lit": "false"
        }
      },
      {
        "key": {
          "type": 0,
          "file": 5,
          "line": 47,
          "col": 3,
          "lit": "user_name"
        },
        "value": ""
      },
      {
        "key": {
          "type": 0,
          "file": 5,
          "line": 50,
          "col": 3,
          "lit": "user_email"
        },
        "value": ""
      },
      {
        "key": {
          "type": 0,
          "file": 5,
          "line": 53,
          "col": 3,
          "lit": "commit_message"
        },
        "value": ""
      },
      {
        "key": {
          "type": 0,
          "file": 5,
          "line": 56,
          "col": 3,
          "lit": "full_commit_message"
        },
        "value": ""
      },
      {
        "key": {
          "type": 0,
          "file": 5,
          "line": 59,
          "col": 3,
          "lit": "tag_name"
        },
        "value": ""
      },
      {
        "key": {
          "type": 0,
          "file": 5,
          "line": 62,
          "col": 3,
          "lit": "tag_message"
        },
        "value": ""
      },
      {
        "key": {
          "type": 0,
          "file": 5,
          "line": 65,
          "col": 3,
          "lit": "enable_jekyll"
        },
        "value": {
          "type": 0,
          "file": 5,
          "line": 68,
          "col": 14,
          "lit": "false"
        }
      },
      {
        "key": {
          "type": 0,
          "file": 5,
          "line": 69,
          "col": 3,
          "lit": "disable_nojekyll"
        },
        "value": {
          "type": 0,
          "file": 5,
          "line": 72,
          "col": 14,
          "lit": "false"
        }
      },
      {
        "key": {
          "type": 0,
          "file": 5,
          "line": 73,
          "col": 3,
          "lit": "cname"
        },
        "value": ""
      },
      {
        "key": {
          "type": 0,
          "file": 5,
          "line": 76,
          "col": 3,
          "lit": "exclude_assets"
        },
        "value": {
          "type": 0,
          "file": 5,
          "line": 79,
          "col": 14,
          "lit": ".github"
        }
      }
    ]
  },
  "execution": {
    "executionType": "nodeJS",
    "hasPre": false,
    "hasPost": false,
    "script": "lib/index.js",
    "pre": null,
    "post": null,
    "nodeVersion": "node16",
    "cleanupCondition": "always()",
    "initCondition": "always()"
  },
  "deprecated": null
}
[2026-08-25 11:07:16Z INFO ActionManager] Action pre node.js file: N/A.
[2026-08-25 11:07:16Z INFO ActionManager] Action node.js file: lib/index.js.
[2026-08-25 11:07:16Z INFO ActionManager] Action post node.js file: N/A.
[2026-08-25 11:07:16Z INFO HostContext] Well known directory 'Bin': 'D:\profinansy_tests_web\actions-runner\bin'
[2026-08-25 11:07:16Z INFO HostContext] Well known directory 'Root': 'D:\profinansy_tests_web\actions-runner'
[2026-08-25 11:07:16Z INFO HostContext] Well known directory 'Work': 'D:\profinansy_tests_web\actions-runner\_work'
[2026-08-25 11:07:16Z INFO HostContext] Well known directory 'Temp': 'D:\profinansy_tests_web\actions-runner\_work\_temp'
[2026-08-25 11:07:16Z INFO ExecutionContext] Write event payload to D:\profinansy_tests_web\actions-runner\_work\_temp\_github_workflow\event.json
[2026-08-25 11:07:16Z INFO HostContext] Well known directory 'Bin': 'D:\profinansy_tests_web\actions-runner\bin'
[2026-08-25 11:07:16Z INFO HostContext] Well known directory 'Root': 'D:\profinansy_tests_web\actions-runner'
[2026-08-25 11:07:16Z INFO HostContext] Well known directory 'Work': 'D:\profinansy_tests_web\actions-runner\_work'
[2026-08-25 11:07:16Z INFO HostContext] Well known directory 'Temp': 'D:\profinansy_tests_web\actions-runner\_work\_temp'
[2026-08-25 11:07:16Z INFO ExtensionManager] Getting extensions for interface: 'GitHub.Runner.Worker.IFileCommandExtension'
[2026-08-25 11:07:16Z INFO ActionManifestManagerLegacy] Input 'deploy_key': default value evaluate result: ""
[2026-08-25 11:07:16Z INFO ActionManifestManagerLegacy] Input 'personal_token': default value evaluate result: ""
[2026-08-25 11:07:16Z INFO ActionManifestManagerLegacy] Input 'destination_dir': default value evaluate result: {
  "type": 0,
  "file": 5,
  "line": 31,
  "col": 14,
  "lit": ""
}
[2026-08-25 11:07:16Z INFO ActionManifestManagerLegacy] Input 'external_repository': default value evaluate result: ""
[2026-08-25 11:07:16Z INFO ActionManifestManagerLegacy] Input 'allow_empty_commit': default value evaluate result: {
  "type": 0,
  "file": 5,
  "line": 38,
  "col": 14,
  "lit": "false"
}
[2026-08-25 11:07:16Z INFO ActionManifestManagerLegacy] Input 'keep_files': default value evaluate result: {
  "type": 0,
  "file": 5,
  "line": 42,
  "col": 14,
  "lit": "false"
}
[2026-08-25 11:07:16Z INFO ActionManifestManagerLegacy] Input 'force_orphan': default value evaluate result: {
  "type": 0,
  "file": 5,
  "line": 46,
  "col": 14,
  "lit": "false"
}
[2026-08-25 11:07:16Z INFO ActionManifestManagerLegacy] Input 'user_name': default value evaluate result: ""
[2026-08-25 11:07:16Z INFO ActionManifestManagerLegacy] Input 'user_email': default value evaluate result: ""
[2026-08-25 11:07:16Z INFO ActionManifestManagerLegacy] Input 'commit_message': default value evaluate result: ""
[2026-08-25 11:07:16Z INFO ActionManifestManagerLegacy] Input 'full_commit_message': default value evaluate result: ""
[2026-08-25 11:07:16Z INFO ActionManifestManagerLegacy] Input 'tag_name': default value evaluate result: ""
[2026-08-25 11:07:16Z INFO ActionManifestManagerLegacy] Input 'tag_message': default value evaluate result: ""
[2026-08-25 11:07:16Z INFO ActionManifestManagerLegacy] Input 'enable_jekyll': default value evaluate result: {
  "type": 0,
  "file": 5,
  "line": 68,
  "col": 14,
  "lit": "false"
}
[2026-08-25 11:07:16Z INFO ActionManifestManagerLegacy] Input 'disable_nojekyll': default value evaluate result: {
  "type": 0,
  "file": 5,
  "line": 72,
  "col": 14,
  "lit": "false"
}
[2026-08-25 11:07:16Z INFO ActionManifestManagerLegacy] Input 'cname': default value evaluate result: ""
[2026-08-25 11:07:16Z INFO ActionManifestManagerLegacy] Input 'exclude_assets': default value evaluate result: {
  "type": 0,
  "file": 5,
  "line": 79,
  "col": 14,
  "lit": ".github"
}
[2026-08-25 11:07:16Z INFO ExtensionManager] Getting extensions for interface: 'GitHub.Runner.Worker.IActionCommandExtension'
[2026-08-25 11:07:16Z INFO ActionCommandManager] Register action command extension for command internal-set-repo-path
[2026-08-25 11:07:16Z INFO ActionCommandManager] Register action command extension for command set-env
[2026-08-25 11:07:16Z INFO ActionCommandManager] Register action command extension for command set-output
[2026-08-25 11:07:16Z INFO ActionCommandManager] Register action command extension for command save-state
[2026-08-25 11:07:16Z INFO ActionCommandManager] Register action command extension for command add-path
[2026-08-25 11:07:16Z INFO ActionCommandManager] Register action command extension for command add-mask
[2026-08-25 11:07:16Z INFO ActionCommandManager] Register action command extension for command add-matcher
[2026-08-25 11:07:16Z INFO ActionCommandManager] Register action command extension for command remove-matcher
[2026-08-25 11:07:16Z INFO ActionCommandManager] Register action command extension for command warning
[2026-08-25 11:07:16Z INFO ActionCommandManager] Register action command extension for command error
[2026-08-25 11:07:16Z INFO ActionCommandManager] Register action command extension for command notice
[2026-08-25 11:07:16Z INFO ActionCommandManager] Register action command extension for command debug
[2026-08-25 11:07:16Z INFO ActionCommandManager] Register action command extension for command group
[2026-08-25 11:07:16Z INFO ActionCommandManager] Register action command extension for command endgroup
[2026-08-25 11:07:16Z INFO ActionCommandManager] Register action command extension for command echo
[2026-08-25 11:07:16Z INFO HostContext] Well known directory 'Bin': 'D:\profinansy_tests_web\actions-runner\bin'
[2026-08-25 11:07:16Z INFO HostContext] Well known directory 'Root': 'D:\profinansy_tests_web\actions-runner'
[2026-08-25 11:07:16Z INFO HostContext] Well known directory 'Externals': 'D:\profinansy_tests_web\actions-runner\externals'
[2026-08-25 11:07:16Z INFO ProcessInvokerWrapper] Starting process:
[2026-08-25 11:07:16Z INFO ProcessInvokerWrapper]   File name: 'D:\profinansy_tests_web\actions-runner\externals\node24\bin\node.exe'
[2026-08-25 11:07:16Z INFO ProcessInvokerWrapper]   Arguments: '"D:\profinansy_tests_web\actions-runner\_work\_actions\peaceiris\actions-gh-pages\v3\lib/index.js"'
[2026-08-25 11:07:16Z INFO ProcessInvokerWrapper]   Working directory: 'D:\profinansy_tests_web\actions-runner\_work\profinansyweb\profinansyweb'
[2026-08-25 11:07:16Z INFO ProcessInvokerWrapper]   Require exit code zero: 'False'
[2026-08-25 11:07:16Z INFO ProcessInvokerWrapper]   Encoding web name: utf-8 ; code page: '65001'
[2026-08-25 11:07:16Z INFO ProcessInvokerWrapper]   Force kill process on cancellation: 'False'
[2026-08-25 11:07:16Z INFO ProcessInvokerWrapper]   Redirected STDIN: 'False'
[2026-08-25 11:07:16Z INFO ProcessInvokerWrapper]   Persist current code page: 'True'
[2026-08-25 11:07:16Z INFO ProcessInvokerWrapper]   Keep redirected STDIN open: 'False'
[2026-08-25 11:07:16Z INFO ProcessInvokerWrapper]   High priority process: 'False'
[2026-08-25 11:07:16Z INFO ProcessInvokerWrapper] Process started with process id 30644, waiting for process exit.
[2026-08-25 11:07:16Z INFO JobServerQueue] Got a step log file to send to results service.
[2026-08-25 11:07:16Z INFO JobServerQueue] Starting upload of step log file to results service ResultsLog, D:\profinansy_tests_web\actions-runner\_diag\blocks\b61037b3-76e1-4e5b-9864-6dcdf7de43f7_2049db1b-a8d8-4992-8464-1039e00c26ae.1
[2026-08-25 11:07:16Z INFO JobServerQueue] Try to append 1 batches web console lines for record '8726baf8-5530-4c57-a5a5-e22b96f6fefa', success rate: 1/1.
[2026-08-25 11:07:16Z INFO JobServerQueue] Try to append 1 batches web console lines for record '6a43c405-56be-457e-87d3-24d7c794a6fd', success rate: 1/1.
[2026-08-25 11:07:17Z INFO JobServerQueue] Try to upload 2 log files or attachments, success rate: 2/2.
[2026-08-25 11:07:17Z INFO JobServerQueue] Try to append 1 batches web console lines for record '6a43c405-56be-457e-87d3-24d7c794a6fd', success rate: 1/1.
[2026-08-25 11:07:17Z INFO JobServerQueue] Got a step log file to send to results service.
[2026-08-25 11:07:17Z INFO JobServerQueue] Starting upload of step log file to results service ResultsLog, D:\profinansy_tests_web\actions-runner\_diag\blocks\b61037b3-76e1-4e5b-9864-6dcdf7de43f7_8726baf8-5530-4c57-a5a5-e22b96f6fefa.1
[2026-08-25 11:07:18Z INFO JobServerQueue] Tried to upload 2 file(s) to results, success rate: 2/2.
[2026-08-25 11:07:19Z INFO JobServerQueue] Try to append 1 batches web console lines for record '6a43c405-56be-457e-87d3-24d7c794a6fd', success rate: 1/1.
[2026-08-25 11:07:19Z INFO JobServerQueue] Try to append 3 batches web console lines for record '6a43c405-56be-457e-87d3-24d7c794a6fd', success rate: 3/3.
[2026-08-25 11:07:20Z INFO JobServerQueue] Try to append 1 batches web console lines for record '6a43c405-56be-457e-87d3-24d7c794a6fd', success rate: 1/1.
[2026-08-25 11:07:20Z INFO HostContext] Well known directory 'Bin': 'D:\profinansy_tests_web\actions-runner\bin'
[2026-08-25 11:07:20Z INFO HostContext] Well known directory 'Root': 'D:\profinansy_tests_web\actions-runner'
[2026-08-25 11:07:20Z INFO HostContext] Well known directory 'Work': 'D:\profinansy_tests_web\actions-runner\_work'
[2026-08-25 11:07:20Z INFO JobServerQueue] Try to append 3 batches web console lines for record '6a43c405-56be-457e-87d3-24d7c794a6fd', success rate: 3/3.
[2026-08-25 11:07:22Z INFO ProcessInvokerWrapper] STDOUT/STDERR stream read finished.
[2026-08-25 11:07:22Z INFO ProcessInvokerWrapper] STDOUT/STDERR stream read finished.
[2026-08-25 11:07:22Z INFO ProcessInvokerWrapper] Finished process 30644 with exit code 0, and elapsed time 00:00:06.5122486.
[2026-08-25 11:07:22Z INFO CreateStepSummaryCommand] Step Summary file (D:\profinansy_tests_web\actions-runner\_work\_temp\_runner_file_commands\step_summary_6e0b6cf8-4c34-4620-a426-312edc0b5f0d) is empty; skipping attachment upload
[2026-08-25 11:07:22Z INFO StepsRunner] Step result: 
[2026-08-25 11:07:22Z INFO ExecutionContext] Publish step telemetry for current step {
  "action": "peaceiris/actions-gh-pages",
  "ref": "v3",
  "type": "node24",
  "stage": "Main",
  "stepId": "6a43c405-56be-457e-87d3-24d7c794a6fd",
  "stepContextName": "__peaceiris_actions-gh-pages",
  "hasPreStep": false,
  "hasPostStep": false,
  "result": "succeeded",
  "errorMessages": [],
  "executionTimeInSeconds": 7,
  "startTime": "2026-08-25T11:07:16.4380338Z",
  "finishTime": "2026-08-25T11:07:22.9871793Z"
}.
[2026-08-25 11:07:22Z INFO StepsRunner] No need for updating job result with current step result 'Succeeded'.
[2026-08-25 11:07:22Z INFO StepsRunner] Current state: job state = 'Failed'
[2026-08-25 11:07:22Z INFO StepsRunner] Processing step: DisplayName='Post Настройка Python 3.12'
[2026-08-25 11:07:22Z INFO StepsRunner] Evaluating: success()
[2026-08-25 11:07:22Z INFO StepsRunner] Result: false
[2026-08-25 11:07:22Z INFO StepsRunner] Skipping step due to condition evaluation.
[2026-08-25 11:07:22Z INFO StepsRunner] No need for updating job result with current step result 'Skipped'.
[2026-08-25 11:07:22Z INFO StepsRunner] Current state: job state = 'Failed'
[2026-08-25 11:07:22Z INFO StepsRunner] Processing step: DisplayName='Post Скачивание кода из репозитория'
[2026-08-25 11:07:22Z INFO StepsRunner] Evaluating: always()
[2026-08-25 11:07:22Z INFO StepsRunner] Result: true
[2026-08-25 11:07:22Z INFO StepsRunner] Starting the step.
[2026-08-25 11:07:22Z INFO HostContext] Well known directory 'Bin': 'D:\profinansy_tests_web\actions-runner\bin'
[2026-08-25 11:07:22Z INFO HostContext] Well known directory 'Root': 'D:\profinansy_tests_web\actions-runner'
[2026-08-25 11:07:22Z INFO HostContext] Well known directory 'Work': 'D:\profinansy_tests_web\actions-runner\_work'
[2026-08-25 11:07:22Z INFO StepsRunner] Which2: 'chcp'
[2026-08-25 11:07:22Z INFO StepsRunner] Location: 'C:\Windows\system32\chcp.COM'
[2026-08-25 11:07:22Z INFO ProcessInvokerWrapper] Starting process:
[2026-08-25 11:07:22Z INFO ProcessInvokerWrapper]   File name: 'C:\Windows\system32\chcp.COM'
[2026-08-25 11:07:22Z INFO ProcessInvokerWrapper]   Arguments: '65001'
[2026-08-25 11:07:22Z INFO ProcessInvokerWrapper]   Working directory: 'D:\profinansy_tests_web\actions-runner\_work'
[2026-08-25 11:07:22Z INFO ProcessInvokerWrapper]   Require exit code zero: 'False'
[2026-08-25 11:07:22Z INFO ProcessInvokerWrapper]   Encoding web name:  ; code page: ''
[2026-08-25 11:07:22Z INFO ProcessInvokerWrapper]   Force kill process on cancellation: 'False'
[2026-08-25 11:07:22Z INFO ProcessInvokerWrapper]   Redirected STDIN: 'False'
[2026-08-25 11:07:22Z INFO ProcessInvokerWrapper]   Persist current code page: 'True'
[2026-08-25 11:07:22Z INFO ProcessInvokerWrapper]   Keep redirected STDIN open: 'False'
[2026-08-25 11:07:22Z INFO ProcessInvokerWrapper]   High priority process: 'False'
[2026-08-25 11:07:22Z INFO ProcessInvokerWrapper] Process started with process id 29840, waiting for process exit.
[2026-08-25 11:07:23Z INFO ProcessInvokerWrapper] STDOUT/STDERR stream read finished.
[2026-08-25 11:07:23Z INFO ProcessInvokerWrapper] STDOUT/STDERR stream read finished.
[2026-08-25 11:07:23Z INFO ProcessInvokerWrapper] Finished process 29840 with exit code 0, and elapsed time 00:00:00.0109941.
[2026-08-25 11:07:23Z INFO StepsRunner] Successfully returned to code page 65001 (UTF8)
[2026-08-25 11:07:23Z INFO HostContext] Well known directory 'Bin': 'D:\profinansy_tests_web\actions-runner\bin'
[2026-08-25 11:07:23Z INFO HostContext] Well known directory 'Root': 'D:\profinansy_tests_web\actions-runner'
[2026-08-25 11:07:23Z INFO HostContext] Well known directory 'Work': 'D:\profinansy_tests_web\actions-runner\_work'
[2026-08-25 11:07:23Z INFO HostContext] Well known directory 'Actions': 'D:\profinansy_tests_web\actions-runner\_work\_actions'
[2026-08-25 11:07:23Z INFO ActionManager] Load action that reference repository from 'D:\profinansy_tests_web\actions-runner\_work\_actions\actions\checkout\v4'
[2026-08-25 11:07:23Z INFO HostContext] Well known directory 'Bin': 'D:\profinansy_tests_web\actions-runner\bin'
[2026-08-25 11:07:23Z INFO HostContext] Well known directory 'Root': 'D:\profinansy_tests_web\actions-runner'
[2026-08-25 11:07:23Z INFO HostContext] Well known directory 'Work': 'D:\profinansy_tests_web\actions-runner\_work'
[2026-08-25 11:07:23Z INFO HostContext] Well known directory 'Actions': 'D:\profinansy_tests_web\actions-runner\_work\_actions'
[2026-08-25 11:07:23Z INFO ActionManifestManagerLegacy] Loaded action.yml file: {
  "name": "Checkout",
  "description": "Checkout a Git repository at a particular version",
  "inputs": {
    "type": 2,
    "map": [
      {
        "key": {
          "type": 0,
          "file": 2,
          "line": 4,
          "col": 3,
          "lit": "repository"
        },
        "value": {
          "type": 3,
          "file": 2,
          "line": 6,
          "col": 14,
          "expr": "github.repository"
        }
      },
      {
        "key": {
          "type": 0,
          "file": 2,
          "line": 7,
          "col": 3,
          "lit": "ref"
        },
        "value": ""
      },
      {
        "key": {
          "type": 0,
          "file": 2,
          "line": 12,
          "col": 3,
          "lit": "token"
        },
        "value": {
          "type": 3,
          "file": 2,
          "line": 24,
          "col": 14,
          "expr": "github.token"
        }
      },
      {
        "key": {
          "type": 0,
          "file": 2,
          "line": 25,
          "col": 3,
          "lit": "ssh-key"
        },
        "value": ""
      },
      {
        "key": {
          "type": 0,
          "file": 2,
          "line": 37,
          "col": 3,
          "lit": "ssh-known-hosts"
        },
        "value": ""
      },
      {
        "key": {
          "type": 0,
          "file": 2,
          "line": 42,
          "col": 3,
          "lit": "ssh-strict"
        },
        "value": {
          "type": 0,
          "file": 2,
          "line": 47,
          "col": 14,
          "lit": "true"
        }
      },
      {
        "key": {
          "type": 0,
          "file": 2,
          "line": 48,
          "col": 3,
          "lit": "ssh-user"
        },
        "value": {
          "type": 0,
          "file": 2,
          "line": 51,
          "col": 14,
          "lit": "git"
        }
      },
      {
        "key": {
          "type": 0,
          "file": 2,
          "line": 52,
          "col": 3,
          "lit": "persist-credentials"
        },
        "value": {
          "type": 0,
          "file": 2,
          "line": 54,
          "col": 14,
          "lit": "true"
        }
      },
      {
        "key": {
          "type": 0,
          "file": 2,
          "line": 55,
          "col": 3,
          "lit": "path"
        },
        "value": ""
      },
      {
        "key": {
          "type": 0,
          "file": 2,
          "line": 57,
          "col": 3,
          "lit": "clean"
        },
        "value": {
          "type": 0,
          "file": 2,
          "line": 59,
          "col": 14,
          "lit": "true"
        }
      },
      {
        "key": {
          "type": 0,
          "file": 2,
          "line": 60,
          "col": 3,
          "lit": "filter"
        },
        "value": {
          "type": 0,
          "file": 2,
          "line": 64,
          "col": 14,
          "lit": ""
        }
      },
      {
        "key": {
          "type": 0,
          "file": 2,
          "line": 65,
          "col": 3,
          "lit": "sparse-checkout"
        },
        "value": {
          "type": 0,
          "file": 2,
          "line": 69,
          "col": 14,
          "lit": ""
        }
      },
      {
        "key": {
          "type": 0,
          "file": 2,
          "line": 70,
          "col": 3,
          "lit": "sparse-checkout-cone-mode"
        },
        "value": {
          "type": 0,
          "file": 2,
          "line": 73,
          "col": 14,
          "lit": "true"
        }
      },
      {
        "key": {
          "type": 0,
          "file": 2,
          "line": 74,
          "col": 3,
          "lit": "fetch-depth"
        },
        "value": {
          "type": 0,
          "file": 2,
          "line": 76,
          "col": 14,
          "lit": "1"
        }
      },
      {
        "key": {
          "type": 0,
          "file": 2,
          "line": 77,
          "col": 3,
          "lit": "fetch-tags"
        },
        "value": {
          "type": 0,
          "file": 2,
          "line": 79,
          "col": 14,
          "lit": "false"
        }
      },
      {
        "key": {
          "type": 0,
          "file": 2,
          "line": 80,
          "col": 3,
          "lit": "show-progress"
        },
        "value": {
          "type": 0,
          "file": 2,
          "line": 82,
          "col": 14,
          "lit": "true"
        }
      },
      {
        "key": {
          "type": 0,
          "file": 2,
          "line": 83,
          "col": 3,
          "lit": "lfs"
        },
        "value": {
          "type": 0,
          "file": 2,
          "line": 85,
          "col": 14,
          "lit": "false"
        }
      },
      {
        "key": {
          "type": 0,
          "file": 2,
          "line": 86,
          "col": 3,
          "lit": "submodules"
        },
        "value": {
          "type": 0,
          "file": 2,
          "line": 94,
          "col": 14,
          "lit": "false"
        }
      },
      {
        "key": {
          "type": 0,
          "file": 2,
          "line": 95,
          "col": 3,
          "lit": "set-safe-directory"
        },
        "value": {
          "type": 0,
          "file": 2,
          "line": 97,
          "col": 14,
          "lit": "true"
        }
      },
      {
        "key": {
          "type": 0,
          "file": 2,
          "line": 98,
          "col": 3,
          "lit": "github-server-url"
        },
        "value": ""
      },
      {
        "key": {
          "type": 0,
          "file": 2,
          "line": 101,
          "col": 3,
          "lit": "allow-unsafe-pr-checkout"
        },
        "value": {
          "type": 0,
          "file": 2,
          "line": 109,
          "col": 14,
          "lit": "false"
        }
      }
    ]
  },
  "execution": {
    "executionType": "nodeJS",
    "hasPre": false,
    "hasPost": true,
    "script": "dist/index.js",
    "pre": null,
    "post": "dist/index.js",
    "nodeVersion": "node20",
    "cleanupCondition": "always()",
    "initCondition": "always()"
  },
  "deprecated": null
}
[2026-08-25 11:07:23Z INFO ActionManager] Action pre node.js file: N/A.
[2026-08-25 11:07:23Z INFO ActionManager] Action node.js file: dist/index.js.
[2026-08-25 11:07:23Z INFO ActionManager] Action post node.js file: dist/index.js.
[2026-08-25 11:07:23Z INFO HostContext] Well known directory 'Bin': 'D:\profinansy_tests_web\actions-runner\bin'
[2026-08-25 11:07:23Z INFO HostContext] Well known directory 'Root': 'D:\profinansy_tests_web\actions-runner'
[2026-08-25 11:07:23Z INFO HostContext] Well known directory 'Work': 'D:\profinansy_tests_web\actions-runner\_work'
[2026-08-25 11:07:23Z INFO HostContext] Well known directory 'Temp': 'D:\profinansy_tests_web\actions-runner\_work\_temp'
[2026-08-25 11:07:23Z INFO ExecutionContext] Write event payload to D:\profinansy_tests_web\actions-runner\_work\_temp\_github_workflow\event.json
[2026-08-25 11:07:23Z INFO HostContext] Well known directory 'Bin': 'D:\profinansy_tests_web\actions-runner\bin'
[2026-08-25 11:07:23Z INFO HostContext] Well known directory 'Root': 'D:\profinansy_tests_web\actions-runner'
[2026-08-25 11:07:23Z INFO HostContext] Well known directory 'Work': 'D:\profinansy_tests_web\actions-runner\_work'
[2026-08-25 11:07:23Z INFO HostContext] Well known directory 'Temp': 'D:\profinansy_tests_web\actions-runner\_work\_temp'
[2026-08-25 11:07:23Z INFO ExtensionManager] Getting extensions for interface: 'GitHub.Runner.Worker.IFileCommandExtension'
[2026-08-25 11:07:23Z INFO JobServerQueue] Try to append 1 batches web console lines for record '6a43c405-56be-457e-87d3-24d7c794a6fd', success rate: 1/1.
[2026-08-25 11:07:23Z INFO ActionManifestManagerLegacy] Input 'repository': default value evaluate result: {
  "type": 0,
  "file": 2,
  "line": 6,
  "col": 14,
  "lit": "Anna-Shirokaya/profinansyweb"
}
[2026-08-25 11:07:23Z INFO ActionManifestManagerLegacy] Input 'ref': default value evaluate result: ""
[2026-08-25 11:07:23Z INFO ActionManifestManagerLegacy] Input 'token': default value evaluate result: {
  "type": 0,
  "file": 2,
  "line": 24,
  "col": 14,
  "lit": "***"
}
[2026-08-25 11:07:23Z INFO ActionManifestManagerLegacy] Input 'ssh-key': default value evaluate result: ""
[2026-08-25 11:07:23Z INFO ActionManifestManagerLegacy] Input 'ssh-known-hosts': default value evaluate result: ""
[2026-08-25 11:07:23Z INFO ActionManifestManagerLegacy] Input 'ssh-strict': default value evaluate result: {
  "type": 0,
  "file": 2,
  "line": 47,
  "col": 14,
  "lit": "true"
}
[2026-08-25 11:07:23Z INFO ActionManifestManagerLegacy] Input 'ssh-user': default value evaluate result: {
  "type": 0,
  "file": 2,
  "line": 51,
  "col": 14,
  "lit": "git"
}
[2026-08-25 11:07:23Z INFO ActionManifestManagerLegacy] Input 'persist-credentials': default value evaluate result: {
  "type": 0,
  "file": 2,
  "line": 54,
  "col": 14,
  "lit": "true"
}
[2026-08-25 11:07:23Z INFO ActionManifestManagerLegacy] Input 'path': default value evaluate result: ""
[2026-08-25 11:07:23Z INFO ActionManifestManagerLegacy] Input 'clean': default value evaluate result: {
  "type": 0,
  "file": 2,
  "line": 59,
  "col": 14,
  "lit": "true"
}
[2026-08-25 11:07:23Z INFO ActionManifestManagerLegacy] Input 'filter': default value evaluate result: {
  "type": 0,
  "file": 2,
  "line": 64,
  "col": 14,
  "lit": ""
}
[2026-08-25 11:07:23Z INFO ActionManifestManagerLegacy] Input 'sparse-checkout': default value evaluate result: {
  "type": 0,
  "file": 2,
  "line": 69,
  "col": 14,
  "lit": ""
}
[2026-08-25 11:07:23Z INFO ActionManifestManagerLegacy] Input 'sparse-checkout-cone-mode': default value evaluate result: {
  "type": 0,
  "file": 2,
  "line": 73,
  "col": 14,
  "lit": "true"
}
[2026-08-25 11:07:23Z INFO ActionManifestManagerLegacy] Input 'fetch-depth': default value evaluate result: {
  "type": 0,
  "file": 2,
  "line": 76,
  "col": 14,
  "lit": "1"
}
[2026-08-25 11:07:23Z INFO ActionManifestManagerLegacy] Input 'fetch-tags': default value evaluate result: {
  "type": 0,
  "file": 2,
  "line": 79,
  "col": 14,
  "lit": "false"
}
[2026-08-25 11:07:23Z INFO ActionManifestManagerLegacy] Input 'show-progress': default value evaluate result: {
  "type": 0,
  "file": 2,
  "line": 82,
  "col": 14,
  "lit": "true"
}
[2026-08-25 11:07:23Z INFO ActionManifestManagerLegacy] Input 'lfs': default value evaluate result: {
  "type": 0,
  "file": 2,
  "line": 85,
  "col": 14,
  "lit": "false"
}
[2026-08-25 11:07:23Z INFO ActionManifestManagerLegacy] Input 'submodules': default value evaluate result: {
  "type": 0,
  "file": 2,
  "line": 94,
  "col": 14,
  "lit": "false"
}
[2026-08-25 11:07:23Z INFO ActionManifestManagerLegacy] Input 'set-safe-directory': default value evaluate result: {
  "type": 0,
  "file": 2,
  "line": 97,
  "col": 14,
  "lit": "true"
}
[2026-08-25 11:07:23Z INFO ActionManifestManagerLegacy] Input 'github-server-url': default value evaluate result: ""
[2026-08-25 11:07:23Z INFO ActionManifestManagerLegacy] Input 'allow-unsafe-pr-checkout': default value evaluate result: {
  "type": 0,
  "file": 2,
  "line": 109,
  "col": 14,
  "lit": "false"
}
[2026-08-25 11:07:23Z INFO ExtensionManager] Getting extensions for interface: 'GitHub.Runner.Worker.IActionCommandExtension'
[2026-08-25 11:07:23Z INFO ActionCommandManager] Register action command extension for command internal-set-repo-path
[2026-08-25 11:07:23Z INFO ActionCommandManager] Register action command extension for command set-env
[2026-08-25 11:07:23Z INFO ActionCommandManager] Register action command extension for command set-output
[2026-08-25 11:07:23Z INFO ActionCommandManager] Register action command extension for command save-state
[2026-08-25 11:07:23Z INFO ActionCommandManager] Register action command extension for command add-path
[2026-08-25 11:07:23Z INFO ActionCommandManager] Register action command extension for command add-mask
[2026-08-25 11:07:23Z INFO ActionCommandManager] Register action command extension for command add-matcher
[2026-08-25 11:07:23Z INFO ActionCommandManager] Register action command extension for command remove-matcher
[2026-08-25 11:07:23Z INFO ActionCommandManager] Register action command extension for command warning
[2026-08-25 11:07:23Z INFO ActionCommandManager] Register action command extension for command error
[2026-08-25 11:07:23Z INFO ActionCommandManager] Register action command extension for command notice
[2026-08-25 11:07:23Z INFO ActionCommandManager] Register action command extension for command debug
[2026-08-25 11:07:23Z INFO ActionCommandManager] Register action command extension for command group
[2026-08-25 11:07:23Z INFO ActionCommandManager] Register action command extension for command endgroup
[2026-08-25 11:07:23Z INFO ActionCommandManager] Register action command extension for command echo
[2026-08-25 11:07:23Z INFO HostContext] Well known directory 'Bin': 'D:\profinansy_tests_web\actions-runner\bin'
[2026-08-25 11:07:23Z INFO HostContext] Well known directory 'Root': 'D:\profinansy_tests_web\actions-runner'
[2026-08-25 11:07:23Z INFO HostContext] Well known directory 'Externals': 'D:\profinansy_tests_web\actions-runner\externals'
[2026-08-25 11:07:23Z INFO ProcessInvokerWrapper] Starting process:
[2026-08-25 11:07:23Z INFO ProcessInvokerWrapper]   File name: 'D:\profinansy_tests_web\actions-runner\externals\node24\bin\node.exe'
[2026-08-25 11:07:23Z INFO ProcessInvokerWrapper]   Arguments: '"D:\profinansy_tests_web\actions-runner\_work\_actions\actions\checkout\v4\dist/index.js"'
[2026-08-25 11:07:23Z INFO ProcessInvokerWrapper]   Working directory: 'D:\profinansy_tests_web\actions-runner\_work\profinansyweb\profinansyweb'
[2026-08-25 11:07:23Z INFO ProcessInvokerWrapper]   Require exit code zero: 'False'
[2026-08-25 11:07:23Z INFO ProcessInvokerWrapper]   Encoding web name: utf-8 ; code page: '65001'
[2026-08-25 11:07:23Z INFO ProcessInvokerWrapper]   Force kill process on cancellation: 'False'
[2026-08-25 11:07:23Z INFO ProcessInvokerWrapper]   Redirected STDIN: 'False'
[2026-08-25 11:07:23Z INFO ProcessInvokerWrapper]   Persist current code page: 'True'
[2026-08-25 11:07:23Z INFO ProcessInvokerWrapper]   Keep redirected STDIN open: 'False'
[2026-08-25 11:07:23Z INFO ProcessInvokerWrapper]   High priority process: 'False'
[2026-08-25 11:07:23Z INFO JobServerQueue] Try to upload 1 log files or attachments, success rate: 1/1.
[2026-08-25 11:07:23Z INFO JobServerQueue] Got a step log file to send to results service.
[2026-08-25 11:07:23Z INFO JobServerQueue] Starting upload of step log file to results service ResultsLog, D:\profinansy_tests_web\actions-runner\_diag\blocks\b61037b3-76e1-4e5b-9864-6dcdf7de43f7_6a43c405-56be-457e-87d3-24d7c794a6fd.1
[2026-08-25 11:07:23Z INFO ProcessInvokerWrapper] Process started with process id 29804, waiting for process exit.
[2026-08-25 11:07:23Z INFO JobServerQueue] Try to append 1 batches web console lines for record '3bd66afb-2bc9-4ff1-b95b-f9db2f5e0253', success rate: 1/1.
[2026-08-25 11:07:23Z INFO AddMaskCommandExtension] Add new secret mask with length of 32
[2026-08-25 11:07:24Z INFO JobServerQueue] Try to append 1 batches web console lines for record '3bd66afb-2bc9-4ff1-b95b-f9db2f5e0253', success rate: 1/1.
[2026-08-25 11:07:24Z INFO JobServerQueue] Tried to upload 1 file(s) to results, success rate: 1/1.
[2026-08-25 11:07:24Z INFO JobServerQueue] Try to append 1 batches web console lines for record '3bd66afb-2bc9-4ff1-b95b-f9db2f5e0253', success rate: 1/1.
[2026-08-25 11:07:25Z INFO JobServerQueue] Try to append 1 batches web console lines for record '3bd66afb-2bc9-4ff1-b95b-f9db2f5e0253', success rate: 1/1.
[2026-08-25 11:07:25Z INFO ProcessInvokerWrapper] STDOUT/STDERR stream read finished.
[2026-08-25 11:07:25Z INFO ProcessInvokerWrapper] STDOUT/STDERR stream read finished.
[2026-08-25 11:07:25Z INFO ProcessInvokerWrapper] Finished process 29804 with exit code 0, and elapsed time 00:00:02.7738076.
[2026-08-25 11:07:25Z INFO CreateStepSummaryCommand] Step Summary file (D:\profinansy_tests_web\actions-runner\_work\_temp\_runner_file_commands\step_summary_8d92212b-509a-4299-af37-e71b4b586333) is empty; skipping attachment upload
[2026-08-25 11:07:25Z INFO StepsRunner] Step result: 
[2026-08-25 11:07:25Z INFO ExecutionContext] Publish step telemetry for current step {
  "action": "actions/checkout",
  "ref": "v4",
  "type": "node24",
  "stage": "Post",
  "stepId": "3bd66afb-2bc9-4ff1-b95b-f9db2f5e0253",
  "result": "succeeded",
  "errorMessages": [],
  "executionTimeInSeconds": 3,
  "startTime": "2026-08-25T11:07:22.9915472Z",
  "finishTime": "2026-08-25T11:07:25.8521233Z"
}.
[2026-08-25 11:07:25Z INFO StepsRunner] No need for updating job result with current step result 'Succeeded'.
[2026-08-25 11:07:25Z INFO StepsRunner] Current state: job state = 'Failed'
[2026-08-25 11:07:25Z INFO JobRunner] Finalize job.
[2026-08-25 11:07:25Z INFO HostContext] Well known directory 'Bin': 'D:\profinansy_tests_web\actions-runner\bin'
[2026-08-25 11:07:25Z INFO HostContext] Well known directory 'Root': 'D:\profinansy_tests_web\actions-runner'
[2026-08-25 11:07:25Z INFO HostContext] Well known directory 'Diag': 'D:\profinansy_tests_web\actions-runner\_diag'
[2026-08-25 11:07:25Z INFO HostContext] Well known directory 'Bin': 'D:\profinansy_tests_web\actions-runner\bin'
[2026-08-25 11:07:25Z INFO HostContext] Well known directory 'Root': 'D:\profinansy_tests_web\actions-runner'
[2026-08-25 11:07:25Z INFO HostContext] Well known directory 'Diag': 'D:\profinansy_tests_web\actions-runner\_diag'
[2026-08-25 11:07:25Z INFO JobExtension] Initialize Env context
[2026-08-25 11:07:25Z INFO JobExtension] Initialize steps context
[2026-08-25 11:07:25Z INFO JobExtension] Total accessible running process: 322.
[2026-08-25 11:07:25Z INFO JobExtension] Inspecting process environment variables. PID: 29356 (mintty)
[2026-08-25 11:07:25Z INFO JobExtension] Inspecting process environment variables. PID: 3140 (conhost)
[2026-08-25 11:07:25Z INFO JobExtension] Inspecting process environment variables. PID: 28292 (bash)
[2026-08-25 11:07:25Z INFO JobExtension] Inspecting process environment variables. PID: 29060 (chrome)
[2026-08-25 11:07:25Z INFO JobExtension] Inspecting process environment variables. PID: 29988 (ShellHost)
[2026-08-25 11:07:25Z INFO JobExtension] Inspecting process environment variables. PID: 14288 (svchost)
[2026-08-25 11:07:25Z INFO JobExtension] Inspecting process environment variables. PID: 26288 (SearchProtocolHost)
[2026-08-25 11:07:25Z WARN JobExtension] Ignore exception during read process environment variables: Access is denied.
[2026-08-25 11:07:25Z INFO JobExtension] Inspecting process environment variables. PID: 23976 (SearchFilterHost)
[2026-08-25 11:07:25Z WARN JobExtension] Ignore exception during read process environment variables: Access is denied.
[2026-08-25 11:07:25Z INFO JobExtension] Inspecting process environment variables. PID: 28952 (SearchFilterHost)
[2026-08-25 11:07:25Z WARN JobExtension] Ignore exception during read process environment variables: Access is denied.
[2026-08-25 11:07:25Z INFO JobExtension] Wait for all connectivity checks to finish.
[2026-08-25 11:07:25Z INFO JobExtension] Connectivity check result: {
  "endpointUrl": "https://broker.actions.githubusercontent.com/health",
  "endpointIPs": null,
  "startTime": "2026-08-25T11:05:00.7270531Z",
  "statusCode": "http_OK",
  "requestId": "CCB3:2BF86D:16AFE26:176D98A:6A8D7712",
  "httpRequestDurationInMs": 446,
  "dnsResolutionDurationInMs": 0,
  "dnsError": null
}
[2026-08-25 11:07:25Z INFO JobExtension] Connectivity check result: {
  "endpointUrl": "https://token.actions.githubusercontent.com/ready",
  "endpointIPs": null,
  "startTime": "2026-08-25T11:05:00.7285086Z",
  "statusCode": "http_NoContent",
  "requestId": "CCB4:10CA9:30A96:37A0C:6A8D7712",
  "httpRequestDurationInMs": 508,
  "dnsResolutionDurationInMs": 0,
  "dnsError": null
}
[2026-08-25 11:07:25Z INFO JobExtension] Connectivity check result: {
  "endpointUrl": "https://run.actions.githubusercontent.com/health",
  "endpointIPs": null,
  "startTime": "2026-08-25T11:05:00.7290471Z",
  "statusCode": "http_OK",
  "requestId": "CCB5:1374FC:16FC0AF:17B9C1F:6A8D7712",
  "httpRequestDurationInMs": 555,
  "dnsResolutionDurationInMs": 0,
  "dnsError": null
}
[2026-08-25 11:07:25Z INFO ExecutionContext] Publish step telemetry for current step {
  "action": "complete_job",
  "type": "runner",
  "stage": "Post",
  "stepId": "b6b1f41b-9adb-4b3d-a302-ec4ec04b533f",
  "result": "succeeded",
  "errorMessages": [
    "Node.js 20 is deprecated. The following actions target Node.js 20 but are being forced to run on Node.js 24: actions/checkout@v4, actions/setup-python@v5, peaceiris/actions-gh-pages@v3. For more information see: https://github.blog/changelog/2025-09-19-dep"
  ],
  "executionTimeInSeconds": 1,
  "startTime": "2026-08-25T11:07:25.856646Z",
  "finishTime": "2026-08-25T11:07:25.9598052Z"
}.
[2026-08-25 11:07:25Z INFO JobRunner] Job result after all job steps finish: Failed
[2026-08-25 11:07:25Z INFO JobRunner] Completing the job execution context.
[2026-08-25 11:07:25Z INFO JobRunner] Shutting down the job server queue.
[2026-08-25 11:07:25Z INFO JobServerQueue] Fire signal to shutdown all queues.
[2026-08-25 11:07:26Z INFO JobServerQueue] All queue process task stopped.
[2026-08-25 11:07:26Z INFO JobServerQueue] Try to append 1 batches web console lines for record 'b6b1f41b-9adb-4b3d-a302-ec4ec04b533f', success rate: 1/1.
[2026-08-25 11:07:26Z INFO JobServerQueue] Web console line queue drained.
[2026-08-25 11:07:26Z INFO JobServerQueue] Uploading 3 files in one shot.
[2026-08-25 11:07:26Z INFO JobServerQueue] Try to upload 3 log files or attachments, success rate: 3/3.
[2026-08-25 11:07:26Z INFO JobServerQueue] File upload queue drained.
[2026-08-25 11:07:26Z INFO JobServerQueue] Starting results-based upload queue...
[2026-08-25 11:07:26Z INFO JobServerQueue] Uploading 3 file(s) in one shot through results service.
[2026-08-25 11:07:26Z INFO JobServerQueue] Got a step log file to send to results service.
[2026-08-25 11:07:26Z INFO JobServerQueue] Starting upload of step log file to results service ResultsLog, D:\profinansy_tests_web\actions-runner\_diag\blocks\b61037b3-76e1-4e5b-9864-6dcdf7de43f7_3bd66afb-2bc9-4ff1-b95b-f9db2f5e0253.1
[2026-08-25 11:07:26Z INFO JobServerQueue] Got a step log file to send to results service.
[2026-08-25 11:07:26Z INFO JobServerQueue] Starting upload of step log file to results service ResultsLog, D:\profinansy_tests_web\actions-runner\_diag\blocks\b61037b3-76e1-4e5b-9864-6dcdf7de43f7_b6b1f41b-9adb-4b3d-a302-ec4ec04b533f.1
[2026-08-25 11:07:27Z INFO JobServerQueue] Got a job log file to send to results service.
[2026-08-25 11:07:27Z INFO JobServerQueue] Starting upload of job log file to results service ResultsLog, D:\profinansy_tests_web\actions-runner\_diag\blocks\b61037b3-76e1-4e5b-9864-6dcdf7de43f7_18ed539d-1fdb-584b-b2bf-51f82c6df653.1
[2026-08-25 11:07:27Z INFO JobServerQueue] Tried to upload 3 file(s) to results, success rate: 3/3.
[2026-08-25 11:07:27Z INFO JobServerQueue] Results upload queue drained.
[2026-08-25 11:07:27Z INFO JobServerQueue] Timeline update queue drained.
[2026-08-25 11:07:27Z INFO JobServerQueue] Disposing job server ...
[2026-08-25 11:07:27Z INFO JobServerQueue] Disposing results server ...
[2026-08-25 11:07:27Z INFO JobServerQueue] All queue process tasks have been stopped, and all queues are drained.
[2026-08-25 11:07:27Z INFO TempDirectoryManager] Cleaning runner temp folder: D:\profinansy_tests_web\actions-runner\_work\_temp
[2026-08-25 11:07:27Z INFO HostContext] Well known directory 'Bin': 'D:\profinansy_tests_web\actions-runner\bin'
[2026-08-25 11:07:27Z INFO HostContext] Well known directory 'Root': 'D:\profinansy_tests_web\actions-runner'
[2026-08-25 11:07:27Z INFO HostContext] Well known directory 'Diag': 'D:\profinansy_tests_web\actions-runner\_diag'
[2026-08-25 11:07:27Z INFO HostContext] Well known config file 'Telemetry': 'D:\profinansy_tests_web\actions-runner\_diag\.telemetry'
[2026-08-25 11:07:27Z INFO JobRunner] Raising job completed against run service
[2026-08-25 11:07:28Z INFO Worker] Job completed.
